##############
L-BFGS-B
##############
0.09561489999941841
0.08119009999973059
0.08256399999936548
0.0752650000003996
0.06693259999974543
0.06427559999974619
0.06766539999989618
0.07071499999983644
0.06629630000043107
0.06706000000031054
0.06370609999976296
0.0651743999997052
0.06506700000045385
0.07706179999968299
0.06766390000029787
0.0652046999994127
0.06589580000036221
0.06394189999991795
0.06309270000019751
0.06414129999939178
0.0642041999999492
0.06433590000051481
0.0687223000004451
0.06742269999995187
0.07011619999957475
0.06977999999980966
0.06999470000027941
0.06824039999992237
0.07505369999944378
0.07041130000015983
0.07283740000002581
0.06986929999948188
0.0679694999998901
0.06582039999921108
0.06936609999957
0.0690389999999752
0.06848010000067006
0.06925689999934548
0.07049899999947229
0.06548949999978504
0.06468600000061997
0.0639156000006551
0.06497140000010404
0.06685339999967255
0.07109750000017812
0.06683019999945827
0.06636450000041805
0.06825750000007247
0.0759728000002724
0.07177790000059758
0.07044279999990977
0.06934340000043449
0.07019949999994424
0.06633290000081615
0.06975150000016583
0.0659326000004512
0.07118220000029396
0.07380310000007739
0.07882539999991423
0.07585560000006808
0.07616460000008374
0.07209869999951479
0.06778980000035517
0.06334450000031211
0.06375500000012835
0.062296400000377616
0.06786590000046999
0.06484350000027916
0.06517040000017005
0.06305049999991752
0.06329699999969307
0.06120490000012069
0.06174710000050254
0.06361310000011144
0.061777599999913946
0.06201359999977285
0.06443880000006175
0.06394629999977042
0.06120980000014242
0.08150430000023334
0.06804950000059762
0.06378010000025824
0.06831049999982497
0.056926600000224425
0.058620300000256975
0.06307139999989886
0.05607429999963642
0.057783000000199536
0.05772699999943143
0.06457570000020496
0.06414959999983694
0.06374219999997877
0.06189330000051996
0.05982219999987137
0.058134200000495184
0.05965490000016871
0.0582193999998708
0.060166600000229664
0.059905000000071595
0.061096399999769346
0.06324169999970763
0.06289059999926394
0.06290910000006988
0.06518210000012914
0.07077339999977994
0.06766770000012912
0.06923339999957534
0.07032129999970493
0.07024979999914649
0.06924879999951372
0.07065659999989293
0.06701009999960661
0.0695689999993192
0.07206159999986994
0.06871219999993627
0.06783030000042345
0.07123010000032082
0.07342220000009547
0.07120710000071995
0.06828560000030848
0.06895920000079059
0.06978739999976824
0.07145979999950214
0.07118689999970229
0.07231179999962478
0.07276799999999639
0.07583340000019234
0.07275420000041777
0.07336429999941174
0.0737159000000247
0.07438619999993534
0.08541999999943073
0.07581699999991542
0.0749204000003374
0.07420209999963845
0.07151509999948757
0.07856199999969249
0.07456140000067535
0.0724024000001009
0.075278199999957
0.07618280000042432
0.07210570000006555
0.07073200000013458
0.07369879999987461
0.07478570000057516
0.07331049999993411
0.07446299999992334
0.07439079999949172
0.07316069999978936
0.07888389999970968
0.09100750000015978
0.0905123000002277
0.08506779999970604
0.08494690000043192
0.09160690000044269
0.0841061000000991
0.07902020000074117
0.07864349999999831
0.0753538999997545
0.07592509999994945
0.07588980000036827
0.07155919999968319
0.07388369999989663
0.07413850000011735
0.07386390000010579
0.07241890000022977
0.07409950000055687
0.07354020000002492
0.0741957000000184
0.08095659999980853
0.07754270000077668
0.07727900000008958
0.0719613000001118
0.07441000000017084
0.07760510000025533
0.07453280000027007
0.07490030000008119
0.07447729999967123
0.07542150000062975
0.07613089999995282
0.07397869999931572
0.07582100000036007
0.07487510000009934
0.07498489999943558
0.07338379999964673
0.07473919999938516
0.07587060000059864
0.07800410000072588
0.07374859999981709
0.07378100000005361
0.0748063999999431
0.07475040000008448
0.07648630000039702
0.07497030000013183
0.07948880000003555
0.07941680000021734
0.07393469999988156
0.07506970000031288
0.07494979999955831
0.07375789999969129
0.07379149999997026
0.07268870000007155
0.07254569999986415
0.07462850000047183
0.08139630000005127
0.08191309999983787
0.08362510000006296
0.08444850000068982
0.07989089999955468
0.07632009999997535
0.07608489999984158
0.07509429999936401
0.0744064000000435
0.07243069999913132
0.07459739999922022
0.07421759999942878
0.07980980000047566
0.07675829999971029
0.07780790000015259
0.07692239999960293
0.07712200000059966
0.06914750000032654
0.0912705000000642
0.07570729999952164
0.07631440000022849
0.07645569999931467
0.07564060000004247
0.07424170000012964
0.07830069999999978
0.07825210000009974
0.07617530000061379
0.07473099999970145
0.07337460000053397
0.07528920000004291
0.07091050000053656
0.07119169999987207
0.06992170000012266
0.07341970000015863
0.07212660000004689
0.0751791000002413
0.07537870000032854
0.07661959999950341
0.07518119999986084
0.07578529999955208
0.07959110000047076
0.0848454999995738
0.08295709999947576
0.07634260000031645
0.07376770000064425
0.07745109999996203
0.06703459999971528
0.06723220000003494
0.06804730000021664
0.07401930000014545
0.07274140000026819
0.07201739999982237
0.06861560000015743
0.06801699999959965
0.07305570000062289
0.07005850000041391
0.07147910000003321
0.0734243000006245
0.07564510000065638
0.07294929999989108
0.07358560000011494
0.07302409999920201
0.07337089999964519
0.07334999999966385
0.07567740000013146
0.07810610000069573
0.07488640000065061
0.07234349999998813
0.06929719999970985
0.07152660000065225
0.07284840000011172
0.07066880000002129
0.07732639999994717
0.07162519999928918
0.07159390000015264
0.07001500000023952
0.07058319999941887
0.06632189999982074
0.0683006999997815
0.0690972000002148
0.07126699999935227
0.06510679999973945
0.06611299999985931
0.07241389999944658
0.07844879999993282
0.07793570000012551
0.07431590000032884
0.0754413000004206
0.07466540000041277
0.07862909999948897
0.07919669999955659
0.07903369999985443
0.08217269999931887
0.07914099999925384
0.07743209999989631
0.07356460000028164
0.07644700000037119
0.07545399999980873
0.07734650000020338
0.07670930000040244
0.08119869999973162
0.08190490000015416
0.08276410000053147
0.0798888999997871
0.07602360000055342
0.07673290000002453
0.07763149999937013
0.07872239999960584
0.09806550000030256
0.07987870000033581
0.0783529999998791
0.07858510000005481
0.08350370000061957
0.1265956000006554
0.17330610000044544
0.16504799999984243
0.17809609999949316
0.20600970000032248
0.17555130000073405
0.181545699999333
0.1918441999996503
0.1719926999994641
0.1626884000006612
0.15986190000057832
0.1769868999999744
0.16177710000010848
0.16963360000045213
0.19481879999966623
0.16903139999976702
0.16833259999930306
0.1621869999999035
0.1509579000003214
0.15085200000066834
0.12892329999976937
0.1293706000005841
0.13329110000086075
0.14620490000015707
0.1315033000000767
0.14682230000016716
0.16235430000051565
0.14267169999948237
0.13656499999979133
0.13307310000072903
0.1651795999996466
0.14782289999948262
0.1516828000003443
0.1356236000001445
0.13097819999984495
0.13613669999995182
0.13153719999991154
0.13309769999978016
0.1342621000003419
0.1329358000002685
0.12895210000078805
0.13164119999964896
0.13125729999956093
0.13037319999966712
0.12798689999999624
0.13029610000012326
0.1321019000006345
0.13291660000049887
0.1280016999999134
0.13100069999927655
0.132136499999433
0.1255513999994946
0.1400207999995473
0.19932460000018182
0.13844140000037441
0.14555960000052437
0.1557833999995637
0.13996790000055626
0.14169619999938732
0.14091540000026725
0.14173180000034336
0.14407949999986158
0.14955529999951978
0.14976840000053926
0.14941339999950287
0.15261740000005375
0.1471690000007584
0.15068029999929422
0.15200629999981174
0.14862059999995836
0.14903160000085336
0.1476063999998587
0.14096510000035778
0.15438240000003134
0.17003290000047855
0.15858060000027763
0.16873229999964678
0.15159260000018548
0.14761970000017755
0.15577089999987948
0.15620430000035412
0.1578810999999405
0.152077100000497
0.14660189999995055
0.15048709999973653
0.15196060000016587
0.16074620000017603
0.16977769999994052
0.15526709999994637
0.15398710000044957
0.15590210000027582
0.15662220000012894
0.14783919999990758
0.17247620000034658
0.1922156000000541
0.15162859999963985
0.14644260000022769
0.14533580000079382
0.1537015000003521
0.1481132000008074
0.1467692000005627
0.15133779999996477
0.1510253999995257
0.20601690000057715
0.15626869999960036
0.15752960000008898
0.14994599999954517
0.15536440000050789
0.14996479999990697
0.14801580000039394
0.15307639999991807
0.15519050000057177
0.15376589999959833
0.21766289999959554
0.15954260000034992
0.16814919999978883
0.16210039999987202
0.15299979999963398
0.1452419999995982
0.14403990000027989
0.1412799999998242
0.14264599999933125
0.14297439999972994
0.14610129999982746
0.14352159999998548
0.14551510000001144
0.14584909999939555
0.1582007999995767
0.14293710000038118
0.15537229999972624
0.1828189999996539
0.16394099999979517
0.153872599999886
0.15495159999954922
0.1538541999998415
0.15506189999996423
0.15585669999927632
0.1508706999993592
0.14900260000013077
0.15380850000019564
0.1518716000000495
0.15556280000055267
0.15377100000023347
0.15562140000020008
0.15601150000020425
0.16101629999957368
0.1529180000006818
0.14703539999936766
0.15322130000004108
0.15574840000044787
0.15969570000015665
0.15589799999997922
0.15184169999974984
0.1559478000008312
0.18685699999969074
0.17152569999961997
0.1616812000002028
0.15105250000033266
0.14238269999987097
0.14412650000031135
0.14339469999958965
0.14414619999934075
0.14331620000029943
0.14327719999982946
0.14473790000010922
0.14697830000022805
0.1517252000003282
0.14999859999988985
0.15327020000040648
0.16620759999932488
0.15957290000005742
0.15990419999980077
0.16218500000013591
0.16777860000001965
0.17661690000022645
0.18147460000000137
0.17125880000003235
0.17480329999943933
0.1713400000007823
0.18441600000005565
0.19037649999972928
0.1739977999995972
0.1796278000001621
0.17743160000009084
0.17052199999943696
0.17371769999954267
0.18352349999986473
0.1728978000001007
0.16710760000023583
0.1572836000004827
0.15362719999939145
0.15413140000055137
0.15607570000065607
0.1554918000001635
0.14793009999993956
0.1525828999992882
0.15401339999971242
0.15312079999966954
0.1523950999999215
0.14868960000057996
0.19588179999936983
0.15601900000001478
0.1501299999999901
0.14842459999999846
0.14516209999965213
0.14923020000060205
0.14879279999968276
0.15295030000015686
0.14866299999994226
0.14899900000000343
0.14826859999993758
0.15069249999942258
0.19219690000045375
0.15333600000030856
0.15799319999950967
0.1515890999999101
0.1394588000002841
0.1448804999999993
0.13954049999938434
0.1433999999999287
0.14134229999945092
0.14135149999947316
0.14023830000041926
0.1461936000005153
0.14282920000005106
0.1479388999996445
0.14317700000083278
0.1427307000003566
0.14450200000010227
0.1730772999999317
0.16520000000036816
0.15605620000042109
0.15531490000012127
0.1635764000002382
0.15522469999996247
0.15662949999932607
0.15031480000016018
0.15706739999950514
0.16348389999984647
0.1625248999998803
0.14728009999998903
0.15203240000028018
0.1455218999999488
0.16136520000054588
0.16879009999956907
0.16120190000037837
0.14308840000012424
0.14332050000029994
0.1419783000001189
0.16554770000038843
0.1424619999997958
0.1429613000000245
0.14543349999985367
0.14765020000049844
0.14078699999936362
0.1597937999995338
0.14338070000030712
0.1482389000002513
0.14627629999995406
0.14363380000031611
0.1428688999994847
0.14670200000000477
0.14097129999936442
0.14419679999991786
0.18053369999961433
0.1514166999995723
0.1433631999998397
0.14689279999947757
0.1464166000005207
0.150277300000198
0.15775219999977708
0.15367479999986244
0.14941600000020117
0.1464458000000377
0.14690889999928913
0.15293389999987994
0.14696829999957117
0.14682670000001963
0.14973920000011276
0.14752390000012383
0.14609030000065104
0.15379599999960192
0.14901579999968817
0.14801549999992858
0.14644740000039747
0.14681430000018736
0.14469189999999799
0.14568670000062411
0.14468529999976454
0.14765820000047825
0.15134760000000824
0.1640519000002314
0.16775700000016514
0.1703034000001935
0.15126320000035776
0.15024309999989782
0.1482919000000038
0.14893140000003768
0.14540310000029422
0.15334600000005594
0.152490299999954
0.1502866000000722
0.1518206000000646
0.15268160000050557
0.14917069999955856
0.14959240000007412
0.15056300000014744
0.18609939999987546
0.21230149999973946
0.15937189999931434
0.16437560000031226
0.1655160000000251
0.16071019999981218
0.15358259999993606
0.15019720000054804
0.16531989999930374
0.15077129999917815
0.15107280000029277
0.15541690000009112
0.1493118999997023
0.1533595000000787
0.1520300000001953
0.14836599999944156
0.16000530000019353
0.15161650000027294
0.1447544000002381
0.14972229999966657
0.14330410000002303
0.14653389999966748
0.14768760000060865
0.14533819999996922
0.1449975000004997
0.1612572000003638
0.15372980000029202
0.14968799999951443
0.16211569999995845
0.08610360000056971
0.07483159999992495
0.07306679999965127
0.0752106999998432
0.0756573999997272
0.0788263000004008
0.07900399999925867
0.07475139999951352
0.07435629999963567
0.07603749999998399
0.07504019999942102
0.08416630000010628
0.0822995999997147
0.07616860000052839
0.07461289999992005
0.0788142000001244
0.07628380000005563
0.07502759999988484
0.07763419999992038
0.08247659999960888
0.07742529999995895
0.10109699999975419
0.07729420000032405
0.08420699999987846
0.07889379999960511
0.0772674999998344
0.07596660000035627
0.07725260000006529
0.07731650000005175
0.07857460000013816
0.0721017000005304
0.07475350000004255
0.0763572000005297
0.0832695999997668
0.08083560000068246
0.08181540000077803
0.07873709999967105
0.08042980000027455
0.07538049999948271
0.08169679999991786
0.08082629999989877
0.08147860000008222
0.07760509999934584
0.07609059999958845
0.1406645999995817
0.1570447999993121
0.14898710000034043
0.15408810000008089
0.15191349999986414
0.1471798000002309
0.14917009999953734
0.15071619999980612
0.14649939999981143
0.15413939999962167
0.14376900000024762
0.14588739999999234
0.15213439999934053
0.16028780000033294
0.1494086000002426
0.1533262000002651
0.15097760000026028
0.1516351999998733
0.14663779999955295
0.14809770000010758
0.14676049999980023
0.15059839999958058
0.1471471000004385
0.14680680000037682
0.19040100000074744
0.15850609999961307
0.1498077000005651
0.14512029999968945
0.14303620000009687
0.1454623999998148
0.14188319999993837
0.14307650000046124
0.1466786000000866
0.16317129999970348
0.14702179999949294
0.15514339999936055
0.14291429999957472
0.1449761000003491
0.14673110000057932
0.15132440000070346
0.14806179999959568
0.18250329999955284
0.1900100000002567
0.1844597999997859
0.16515900000013062
0.16243609999946784
0.18999390000044514
0.20194219999939378
0.1721534000007523
0.16044400000009773
0.16403559999980644
0.17762089999996533
0.18190410000079282
0.16722819999995409
0.1835972999997466
0.23379230000045936
0.2035572000004322
0.19082840000010037
0.2056113999997251
0.1880654999995386
0.20431139999982406
0.2062720999992962
0.16508890000022802
0.16716819999965082
0.1618516999997155
0.25895519999994576
0.18597779999981867
0.1823181999998269
0.19459069999993517
0.17731019999973796
0.19104419999985112
0.21278349999920465
0.18189470000015717
0.2079223999999158
0.1986499000004187
0.19048940000084258
0.18103869999958988
0.18967440000051283
0.17125300000043353
0.16701289999946312
0.17051230000015494
0.17961240000022372
0.16833449999921868
0.17315030000008846
0.17398389999925712
0.19526000000041677
0.18538960000023508
0.19256099999984144
0.18152530000043043
0.18184950000068056
0.1867154000001392
0.1920912000005046
0.19684649999999237
0.181212599999526
0.1795839000005799
0.17609300000003714
0.18296730000020034
0.18761499999982334
0.19694150000032096
0.2235528000001068
0.16574799999943934
0.15942919999997684
0.24946660000023257
0.1709368000001632
0.16000140000051033
0.1543375000001106
0.14905690000068716
0.14777440000034403
0.14355089999935444
0.14765709999937826
0.14539370000056806
0.1500157999998919
0.1444869999995717
0.15022070000031817
0.14688010000008944
0.15454109999973298
0.14671220000036556
0.15472549999958574
0.15177099999982602
0.15064230000007228
0.14289569999982632
0.14551200000005338
0.15304329999980837
0.15520590000051016
0.16056209999987914
0.14942229999996925
0.1446633000005022
0.14466489999995247
0.14777329999924405
0.1477936999999656
0.1451658000005409
0.14834179999979824
0.14905150000049616
0.14901649999956135
0.14767340000071272
0.15576789999977336
0.15515359999972134
0.14842029999999795
0.1515929999995933
0.14769599999999627
0.14752669999961654
0.15138019999994867
0.1407920000001468
0.14774560000023484
0.14586870000039198
0.14299500000015541
0.15479859999959444
0.16550250000000233
0.14928560000043944
0.14874429999963468
0.14754069999980857
0.14609919999929843
0.1668360000003304
0.14854860000014014
0.1452755000000252
0.15903960000014195
0.14931590000014694
0.16182089999983873
0.15496379999967758
0.1497903999998016
0.15033519999997225
0.14922680000017863
0.14586159999998927
0.15549620000001596
0.1486176999997042
0.15134519999992335
0.14417870000033872
0.1493311000003814
0.15034240000022692
0.14933229999951436
0.14711010000064562
0.14328349999959755
0.15000379999946745
0.1483541999996305
0.1473868000002767
0.15050389999942126
0.14893790000041918
0.1465488000003461
0.18762150000020483
0.14894590000039898
0.14279230000011012
0.15511179999975866
0.1618637999999919
0.14958970000043337
0.15516660000048432
0.15728940000008151
0.14759660000072472
0.14824210000006133
0.14468499999929918
0.15706999999929394
0.14928090000012162
0.1491238999997222
0.14332259999991948
0.15123599999969883
0.14825070000006235
0.14380650000020978
0.1434294000000591
0.14550159999998868
0.14491390000057436
0.15354850000039733
0.14524660000006406
0.14873230000011972
0.14719740000055026
0.152080400000159
0.14483300000028976
0.1872018999993088
0.17322200000035082
0.15877329999966605
0.15287230000012642
0.15370700000039506
0.15306719999989582
0.16548040000088804
0.15936259999944014
0.1493836999998166
0.14986390000012761
0.16129989999990357
0.1538602999999057
0.1708474999995815
0.16074680000019725
0.15661099999942962
0.15306450000025507
0.1553049000003739
0.15071890000035637
0.15363070000057633
0.1566437000001315
0.15480980000029376
0.15373280000039813
0.20124419999956444
0.2017083000000639
0.20901369999955932
0.19762660000014876
0.18376900000021124
0.17379170000003796
0.17256630000065343
0.14675490000081481
0.15543160000015632
0.1516246000001047
0.15458639999997104
0.1568090000000666
0.23406179999983578
0.16015489999972488
0.16078039999956673
0.14822360000016488
0.1446739000002708
0.1483763000005638
0.1603186000002097
0.14738570000008622
0.1635640999993484
0.1672601999998733
0.15711929999997665
0.1544926000005944
0.1674630999996225
0.15199389999997948
0.1501217999993969
0.15041570000084903
0.15015869999933784
0.15071509999961563
0.15554209999936575
0.14798740000060207
0.15799470000001747
0.15190739999979996
0.15342370000053052
0.1522924000000785
0.1532987000000503
0.14921749999939493
0.15495170000031067
0.15505769999981567
0.15567970000029163
0.15514249999978347
0.15395690000059403
0.14933879999989585
0.15060759999960283
0.16433489999963058
0.14752520000001823
0.14987859999928332
0.1541875999992044
0.15066230000047653
0.14822069999991072
0.14608210000005784
0.142302600000221
0.14265230000000884
0.14262699999926554
0.13986189999923226
0.14577279999957682
0.14492880000034347
0.13916730000073585
0.14041919999999664
0.1428366999998616
0.14928929999950924
0.1554468000003908
0.15150159999939206
0.14536150000003545
0.14774860000034096
0.15108520000012504
0.14874969999982568
0.154290100000253
0.16734819999965111
0.14954649999981484
0.15494349999971746
0.20280189999994036
0.1486334999999599
0.1490910000002259
0.1433870000000752
0.14232220000030793
0.13886160000038217
0.1446282999995674
0.14742449999994278
0.15333449999980076
0.14951599999949394
0.1485806999999113
0.14312010000048758
0.1442762999995466
0.14392060000045603
0.14435890000004292
0.14757120000012947
0.14792920000036247
0.14461579999988317
0.1442760999998427
0.14749510000001465
0.14785029999984545
0.14518060000045807
0.15341540000008536
0.15389150000009977
0.15420759999960865
0.1511467000000266
0.1558031000004121
0.15353920000052312
0.15492520000043442
0.1509702000003017
0.15129249999972672
0.15691479999986768
0.155595600000197
0.15321189999940543
0.15601209999931598
0.1562151999996786
0.14849909999975353
0.14907980000043608
0.1478637999998682
0.14504570000008243
0.15572900000006484
0.1551342000002478
0.16738580000037473
0.15138680000018212
0.15497750000031374
0.15163249999932304
0.15492280000034953
0.1478447999998025
0.1559135999996215
0.15078509999966627
0.15706930000033026
0.15163179999944987
0.15410199999951146
0.1502386000001934
0.16447239999979502
0.16055039999992005
0.15418160000081116
0.14518909999969765
0.20763630000055855
0.15663150000000314
0.17384840000067925
0.1750566999999137
0.17390770000019984
0.16490990000056627
0.15312579999954323
0.15347050000036688
0.15839130000040313
0.15795860000071116
0.15237429999979213
0.15220969999973022
0.14905039999939618
0.1339652999995451
0.0834952000004705
0.08062629999949422
0.08028360000025714
0.08273609999923792
0.07766929999979766
0.07954929999959859
0.08204959999966377
0.07889270000032411
0.07479979999970965
0.07781900000009045
0.07723679999980959
0.0779843999998775
0.08197010000003502
0.08501999999953114
0.07657470000049216
0.08013580000078946
0.07803750000039145
0.07739250000031461
0.08314729999983683
0.08896790000017063
0.08409980000033102
0.09378870000000461
0.09027619999960734
0.08273749999989377
0.0910463999998683
0.0893209999994724
0.08454910000000382
0.0883166000003257
0.09168179999960557
0.08895190000021103
0.08755750000000262
0.08541930000046705
0.10075499999948079
0.08458929999960674
0.0797790000005989
0.08462079999935668
0.0818834000001516
0.07910260000062408
0.07279299999936484
0.0776651000005586
0.07678299999952287
0.08363510000071983
0.08546490000026097
0.08312190000015107
0.08165069999995467
0.08503810000001977
0.08047790000000532
0.08254889999989246
0.07916029999978491
0.08234929999980523
0.08009320000019216
0.08177989999967394
0.08013190000019677
0.07895270000062737
0.07733290000032866
0.07794179999928019
0.07633290000012494
0.08049930000015593
0.0785304000000906
0.07941100000061851
0.07766689999971277
0.07734059999984311
0.07302100000015344
0.07870660000025964
0.0776596999994581
0.08201889999963896
0.08385899999939284
0.08149179999963962
0.08018249999986438
0.08080299999983254
0.07800640000004933
0.07936100000006263
0.07972500000050786
0.0768954000004669
0.07648840000001655
0.0765294000002541
0.07444169999962469
0.07426630000009027
0.07604339999943477
0.07371770000008837
0.06848170000012033
0.0696302000005744
0.07048450000002049
0.07230079999953887
0.0759728000002724
0.0758216000003813
0.07320549999985815
0.07330159999946773
0.07281530000000203
0.07509110000046348
0.07406249999985448
0.07820580000043265
0.07516589999977441
0.07603970000036497
0.07345889999942301
0.07109390000005078
0.07417440000062925
0.07461679999960324
0.0803172000005361
0.07861360000060813
0.07851730000038515
0.07682980000026873
0.07641239999975369
0.08169369999995979
0.08247259999916423
0.0796901000003345
0.07928700000047684
0.0781010000000606
0.07870749999983673
0.0825659000001906
0.08658769999965443
0.10502850000011676
0.08173449999958393
0.08242510000036418
0.07872029999998631
0.07987359999970067
0.07955700000002253
0.07985719999942376
0.07682569999997213
0.07394199999998818
0.07418249999955151
0.07992639999974926
0.07683350000024802
0.0805770000006305
0.07821330000024318
0.08203919999959908
0.08069560000058118
0.08293360000061512
0.08197180000024673
0.0813639999996667
0.07775310000033642
0.07911990000047808
0.07821049999984098
0.08204019999993761
0.08196029999999155
0.08365930000036315
0.07965460000013991
0.07959579999987909
0.07676420000007056
0.077702099999442
0.08065970000006928
0.08014430000002903
0.07687929999974585
0.08092359999955079
0.07672499999989668
0.07900559999961843
0.08040579999942565
0.08114779999959865
0.08100889999968786
0.08174139999937324
0.08572710000044026
0.08296929999960412
0.08658370000011928
0.08624669999971957
0.08486480000010488
0.08392240000011952
0.0777431999995315
0.07790099999965605
0.08027099999981147
0.0987306000006356
0.08499060000031022
0.0826361999997971
0.08012669999970967
0.08839160000025004
0.08869440000034956
0.07833750000008877
0.07837250000011409
0.07396890000018175
0.076506899999913
0.07699400000001333
0.07581540000046516
0.07638759999917966
0.07716909999999189
0.08208030000059807
0.08056730000043899
0.08008570000038162
0.07896460000029037
0.07723110000006272
0.07769470000039291
0.07465240000055928
0.07946759999958886
0.16414309999981924
0.1626832000001741
0.1728824000001623
0.19374969999989844
0.109893099999681
0.07695259999945847
0.08069219999924826
0.08051179999984015
0.0803912000001219
0.09446929999921849
0.13206290000016452
0.1442949000002045
0.1672550000002957
0.15796360000058485
0.16758439999921393
0.16482840000026044
0.16673960000025545
0.15835909999987052
0.1536403000000064
0.14752249999946798
0.14174529999945662
0.14879590000055032
0.17139610000049288
0.158691199999339
0.16115590000026714
0.18163170000025275
0.16937139999936335
0.15440440000020317
0.15350870000020223
0.15012010000009468
0.1643000000003667
0.15579710000019986
0.15020720000029542
0.15386469999975816
0.1562020000001212
0.1546764999993684
0.1869840999997905
0.14639420000003156
0.15824960000009014
0.14882390000002488
0.14985889999934443
0.16222709999965446
0.16273540000020148
0.1478000000006432
0.15143480000006093
0.15475459999925079
0.16490089999933844
0.17477369999960501
0.15109769999980927
0.1599861000004239
0.1507339999998294
0.14388050000070507
0.15288280000004306
0.15779599999950733
0.1552304999995613
0.14802159999999276
0.1403576000002431
0.15352119999988645
0.17324810000081925
0.16262629999982892
0.14075820000016392
0.14535890000024665
0.154760599999463
0.14844619999985298
0.14741500000036467
0.1574865000002319
0.15499240000008285
0.1464202999995905
0.14627870000003895
0.14450680000027205
0.15284909999991214
0.14898919999995996
0.16214960000070278
0.15139329999965412
0.1553790999996636
0.14846490000036283
0.15659109999978682
0.14981110000007902
0.16568479999932606
0.16669240000010177
0.1653067999995983
0.15646649999962392
0.15309930000057648
0.14629489999970247
0.14471529999991617
0.14523640000061278
0.15444509999997535
0.1472159000004467
0.1501786999997421
0.14853210000001127
0.21359120000033727
0.1533169000003909
0.15291249999972933
0.1478637999998682
0.15487690000009025
0.144931999999244
0.15093030000025465
0.13996489999954065
0.15518889999930252
0.1535115999995469
0.15322520000063378
0.1498954999997295
0.15311060000021826
0.13946889999988343
0.14076889999978448
0.14072239999950398
0.14767350000056467
0.15385689999948227
0.16598510000039823
0.1498609000000215
0.15731899999991583
0.164509199999884
0.15320770000016637
0.1454929000001357
0.1568674000000101
0.14532340000005206
0.1458026999998765
0.1442778000000544
0.19382500000028813
0.16363689999980124
0.15950560000055702
0.16169020000052114
0.15301579999959358
0.16849029999957565
0.16479079999953683
0.15547539999988658
0.16965840000011667
0.1736550999994506
0.1545643999997992
0.1480413999997836
0.14919360000021697
0.14428899999984424
0.1476303999997981
0.14450320000014472
0.147501899999952
0.14606410000033065
0.14379300000018702
0.1437445999999909
0.159338000000389
0.1605664999997316
0.14728920000015933
0.1437058999999863
0.15204069999981584
0.15150919999996404
0.2045035999999527
0.15812180000011722
0.15118600000005245
0.14574439999978495
0.14684220000071946
0.14360320000014326
0.1574828000002526
0.14560069999970437
0.14568140000028507
0.1542605000004187
0.14626609999959328
0.15034019999984594
0.15593360000002576
0.15970190000007278
0.16026680000049964
0.16639839999970718
0.16149959999984276
0.1591590999996697
0.16097090000039316
0.18773330000021815
0.17288769999959186
0.1730186999993748
0.16368180000063148
0.1780231000002459
0.1627013999996052
0.14500669999961247
0.15662290000000212
0.1588623000006919
0.15935910000007425
0.14655869999933202
0.1453120999995008
0.1431274000005942
0.14827189999959955
0.1423540999994657
0.14430439999978262
0.14478969999981928
0.16280439999991358
0.14497499999924912
0.1505869000002349
0.1479165999999168
0.15653810000003432
0.1521281999994244
0.1648838999999498
0.15914989999964746
0.14713899999969726
0.15121970000018337
0.15397010000015143
0.14656039999954373
0.1498661000005086
0.15187470000000758
0.14433379999991303
0.13687119999940478
0.13670659999934287
0.1492776999994021
0.2101435999993555
0.16066749999936292
0.15890029999991384
0.16166620000058174
0.16646339999988413
0.15740759999971488
0.15460499999971944
0.164205299999594
0.152356200000213
0.14991299999928742
0.15568600000005972
0.16747339999983524
0.1608830000004673
0.1544198999999935
0.15917669999998907
0.1679561000000831
0.16620830000010756
0.15714120000029652
0.1602364000000307
0.1629718000003777
0.1700498999998672
0.1574510000000373
0.15608520000023418
0.16814909999993688
0.15585829999963607
0.14771160000054806
0.16135639999993145
0.15649740000026213
0.14537680000012188
0.1470569000002797
0.16519509999943693
0.15920749999986583
0.15759000000070955
0.16398670000035054
0.15981970000029833
0.18396080000002257
0.15441920000012033
0.14848799999981566
0.16266449999966426
0.1744782000005216
0.1642720999998346
0.16546920000018872
0.16429020000032324
0.15499759999966045
0.16263399999934336
0.15948690000004717
0.15832270000009885
0.1604526999999507
0.1462787999998909
0.14456200000040553
0.1494143999998414
0.1478583999996772
0.1468064000000595
0.2466033000000607
0.1734414000002289
0.16969530000005761
0.16476560000046447
0.17081380000036006
0.17103969999971014
0.16831439999987197
0.1628989000000729
0.1782736000004661
0.16318930000034015
0.17009059999963938
0.15986939999947936
0.15713589999995747
0.15782729999955336
0.1606750999999349
0.15135509999981878
0.15803739999955724
0.17275539999991452
0.18319100000007893
0.15583370000058494
0.15481689999978698
0.15381540000089444
0.16434660000049917
0.15012840000053984
0.16855150000083086
0.16777420000016718
0.17596140000023297
0.15989500000068801
0.1523656999997911
0.14419660000021395
0.15446539999993547
0.1590870999998515
0.14769580000029237
0.14572769999995216
0.1576055000004999
0.1494246000002022
0.14803019999999378
0.1492883000000802
0.15796700000009878
0.15354330000081973
0.15104710000014165
0.14576629999919533
0.14516890000049898
0.14859979999982897
0.1468195999996169
0.16143079999983456
0.17666789999930188
0.15850500000033207
0.14878000000044267
0.14948459999959596
0.15267230000063137
0.14266690000022209
0.16941589999987627
0.17213160000028438
0.16886320000048727
0.14996380000047793
0.14791359999981069
0.144599900000685
0.15722470000036992
0.14735229999951116
0.14648529999976745
0.1475416999992376
0.17650700000012876
0.16438230000039766
0.16116869999950723
0.15572169999995822
0.16208840000035707
0.15360580000015034
0.15870169999925565
0.1542438000005859
0.16211350000048697
0.15982960000019375
0.1588875999996162
0.1546727999993891
0.16621119999945222
0.15537599999970553
0.16734059999998863
0.15465380000023288
0.16571299999941402
0.15317529999992985
0.15552569999999832
0.17481140000018058
0.1678370999998151
0.1565946000000622
0.16241009999976086
0.16599589999987074
0.16594290000011824
0.15946809999968536
0.15025100000002567
0.14956989999973302
0.15329259999998612
0.1655001999997694
0.15035400000033405
0.15915560000030382
0.15440810000018246
0.1667325999997047
0.1681481999994503
0.16023969999969268
0.16372620000038296
0.1598439999997936
0.1497441000001345
0.17715570000018488
0.16891099999975268
0.1606753000005483
0.21785799999997835
0.1704460000000836
0.1650840000002063
0.15440290000060486
0.15394980000019132
0.14831260000028124
0.15727609999976266
0.16675719999966532
0.15719970000009198
0.15924639999957435
0.15263060000052064
0.15024910000011005
0.1575793000001795
0.16523359999973763
0.15114230000017415
0.15561949999937497
0.15789850000055594
0.15311019999990094
0.16856430000007094
0.1542688999998063
0.16038449999996374
0.1540828999995938
0.15452409999943484
0.15374059999976453
0.1545560000004116
0.16246739999951387
0.1549159000005602
0.16254070000013598
0.15446780000002036
0.15486870000040653
0.1565113000006022
0.15234590000000026
0.15507139999954234
0.1438890999997966
0.146355400000175
0.15899569999965024
0.1585122999995292
0.1536166999994748
0.15172370000072988
0.1516934000001129
0.16292109999994864
0.16182189999926777
0.15441379999992932
0.14834460000020044
0.1468711000006806
0.15355220000037662
0.15538000000015018
0.1488712000000305
0.16308759999992617
0.15607340000042313
0.15093830000023445
0.16729140000006737
0.24621769999976095
0.1700658999998268
0.1613599999991493
0.16348679999919113
0.16155990000061138
0.153871500000605
0.156503100000009
0.1769018999993932
0.16983710000022256
0.15697220000038214
0.15622789999997622
0.15815830000065034
0.1502332000000024
0.1679334000000381
0.15350619999935589
0.15873939999983122
0.1509992000001148
0.1552577000002202
0.15300419999948645
0.16004609999981767
0.15978770000037912
0.15676149999944755
0.1851528999995935
0.1629318000004787
0.18050839999978052
0.21352910000041447
0.18816220000007888
0.18391699999938282
0.17549660000076983
0.16060019999986253
0.15995699999984936
0.1589811000003465
0.16113179999956628
0.16639450000002398
0.17204469999978755
0.16069940000033966
0.15675259999989066
0.17535099999986414
0.1504584000003888
0.1523235000004206
0.16674369999964256
0.17953680000027816
0.16145010000036564
0.1690467999997054
0.16812060000029305
0.16281629999957659
0.15870390000054613
0.16127620000042953
0.25169610000011744
0.16947629999958735
0.16082269999969867
0.15726380000069184
0.16815350000069884
0.17555219999940164
0.1695532000003368
0.1763942000006864
0.15827339999941614
0.1815041999998357
0.20714940000016213
0.16776180000033492
0.14886810000007245
0.15045809999992343
0.14160830000037095
0.1398908000001029
0.14235410000037518
0.1541907999999239
0.1498540000002322
0.148025399999824
0.14895220000016707
0.14761630000066361
0.1659405999998853
0.15300919999936013
0.16179970000030153
0.14993570000024192
0.15339010000025155
0.1517967999998291
0.16649099999995087
0.14731850000043778
0.16382919999978185
0.15311280000059924
0.14931950000027427
0.15617740000016056
0.15019649999976536
0.143941199999972
0.14438940000036382
0.14437780000025668
0.15359760000046663
0.148568399999931
0.15599849999944126
0.14635290000023815
0.1465818999995463
0.15097790000072564
0.15081569999983913
0.14722160000019358
0.14892650000001595
0.148537000000033
0.14867649999996502
0.1632368000000497
0.16470490000028803
0.08581120000053488
0.07793740000033722
0.08131450000018958
0.0855226000003313
0.08559630000036123
0.08136759999979404
0.07949719999942317
0.07323600000017905
0.0748462000001382
0.07928020000053948
0.08717869999964023
0.08717809999961901
0.08700760000010632
0.08553590000065014
0.08132769999974698
0.07672169999932521
0.07878450000043813
0.0758205000001908
0.07717670000056387
0.07494319999932486
0.07696080000005168
0.08064939999985654
0.08475389999966865
0.0785676000004969
0.07723400000031688
0.07819319999998697
0.08005810000031488
0.08044580000023416
0.08094880000044213
0.0782322999993994
0.07600120000006427
0.08124839999982214
0.07784850000007282
0.07794659999944997
0.07533859999966808
0.07574930000009772
0.07526719999987108
0.08025569999972504
0.07485489999999118
0.07499400000051537
0.08009399999991729
0.07480149999992136
0.07476330000008602
0.07551220000004832
0.0766911999999138
0.07650929999999789
0.07843090000005759
0.07798290000027919
0.07672470000034082
0.07698119999986375
0.0764854999997624
0.07362230000035197
0.07367150000027323
0.07712530000026163
0.07602490000044781
0.07458210000004328
0.07675469999958295
0.07426159999977244
0.07538769999973738
0.0755394999996497
0.0791494999994029
0.08011609999994107
0.09863050000058138
0.0775100000000748
0.07821059999969293
0.07530779999979131
0.08346369999981107
0.07959149999987858
0.07903089999945223
0.07663339999999152
0.07756539999991219
0.07656320000023698
0.07649700000001758
0.07492089999959717
0.07482600000003004
0.07566940000015165
0.07285629999933008
0.07580719999987195
0.07447619999948074
0.0786219000001438
0.07594440000048053
0.07527059999938501
0.07577800000035495
0.0778346999995847
0.07961780000005092
0.07803800000056071
0.07518189999973401
0.07770419999997102
0.07722430000012537
0.07718560000012076
0.0778468000007706
0.08148550000078103
0.08051260000047478
0.0841733999995995
0.08225289999973029
0.07765939999990223
0.07748730000002979
0.07666470000003756
0.0802337000004627
0.07772449999993114
0.07948240000041551
0.07581180000033783
0.07747259999996459
0.07549139999991894
0.07826370000020688
0.0756186999997226
0.07426509999913833
0.07737520000046061
0.07212099999924249
0.0744842999993125
0.07233870000072784
0.07251719999931083
0.0732759000002261
0.07447409999986121
0.07610819999990781
0.07415970000056404
0.08257770000000164
0.07559419999961392
0.07342500000049768
0.07706589999997959
0.0753617000000304
0.07934410000052594
0.0771482999998625
0.08031550000032439
0.08074500000020635
0.0797896000003675
0.07952930000010383
0.07915169999978389
0.08087599999998929
0.09308469999996305
0.0806470999996236
0.07630390000031184
0.07496399999945424
0.07477060000019264
0.07185950000075536
0.07397730000047886
0.07726790000015171
0.07307229999969422
0.07855269999981829
0.07628369999929419
0.07926260000022012
0.0761928000001717
0.07966259999921022
0.0727337999996962
0.07364260000031209
0.07632289999946806
0.07661699999971461
0.0752148000001398
0.077002299999549
0.07589669999924809
0.07753570000022592
0.07541159999982483
0.07343450000007579
0.07298799999989569
0.07873059999928955
0.07510900000033871
0.07433909999963362
0.07012159999976575
0.07023889999982202
0.07289240000045538
0.07433969999965484
0.07024530000035156
0.07177360000059707
0.0703099000002112
0.07074820000070758
0.07479019999937009
0.07067150000057154
0.07132089999959135
0.07224849999965954
0.0727643000000171
0.07968560000063007
0.08539139999993495
0.07847870000023249
0.07317989999955898
0.0778452999993533
0.0764259999996284
0.07262869999976829
0.07441649999964284
0.06787640000038664
0.0700074999995195
0.06906429999980901
0.06867529999999533
0.06985379999969155
0.07073550000040996
0.06717119999939314
0.06691890000001877
0.06541599999945902
0.06574209999962477
0.06967569999960688
0.07098790000054578
0.06557700000030309
0.06363559999954305
0.06871529999989434
0.062090899999930116
0.05992450000030658
0.06066019999980199
0.05962360000012268
0.05960210000012012
0.07461319999947591
0.1054599999997663
0.17356399999971472
0.16661540000040986
0.16069140000035986
0.14395069999955012
0.153481099999226
0.15985619999992196
0.1513782000001811
0.15071880000050442
0.16762850000031904
0.13704329999927722

##############
SLSQP
##############
0.07052300000032119
0.058711100000437
0.06154659999992873
0.05401739999979327
0.04466229999979987
0.041397300000426185
0.04608920000009675
0.04890570000043226
0.04781749999983731
0.04718589999993128
0.04624690000036935
0.04592959999990853
0.04338929999994434
0.044847699999991164
0.048170500000196625
0.04479559999981575
0.0470433000000412
0.043727100000069186
0.0436770999995133
0.04726180000034219
0.045297499999833235
0.04977240000062011
0.05151759999989736
0.04879560000063066
0.05010579999998299
0.051322000000254775
0.05300159999933385
0.05092049999984738
0.050390299999889976
0.053080700000464276
0.05018299999937881
0.05087379999986297
0.04594519999955082
0.04784710000058112
0.050332499999967695
0.04795949999970617
0.05046089999996184
0.0481670999997732
0.04742499999974825
0.045474300000023504
0.04804679999961081
0.04634310000074038
0.04648120000001654
0.046900400000595255
0.04716980000011972
0.04779549999966548
0.04939990000002581
0.04535169999962818
0.046913799999856565
0.04705720000038127
0.04781150000053458
0.04685040000003937
0.04745980000006966
0.04849420000027749
0.04875780000020313
0.04919249999966269
0.04689330000019254
0.0507871999998315
0.05127950000041892
0.051015000000006694
0.048903799999607145
0.04703239999980724
0.04692960000011226
0.043109399999593734
0.04290060000039375
0.05216089999976248
0.04469169999993028
0.041824500000075204
0.043554199999562115
0.04469820000031177
0.045203399999991234
0.04617240000061429
0.04398459999993065
0.04549889999998413
0.04282550000061747
0.04259540000020934
0.04192909999983385
0.04369420000057289
0.04262139999991632
0.043016099999476864
0.04233899999962887
0.04085829999985435
0.04005269999925076
0.03871019999951386
0.04074309999941761
0.042237200000272423
0.03856550000000425
0.03754360000039014
0.03950059999988298
0.03935330000058457
0.03957619999982853
0.042333700000199315
0.042706100000032166
0.03968719999920722
0.03991959999984829
0.039442599999347294
0.041075500000260945
0.039486299999225594
0.04014869999991788
0.0430132000001322
0.041757899999538495
0.04385590000038064
0.04453579999972135
0.0432701999998244
0.045659400000658934
0.046912800000427524
0.04951169999912963
0.11168150000048627
0.11388859999988199
0.11211769999954413
0.11144289999992907
0.11570099999971717
0.10681560000011814
0.10741939999934402
0.11109089999990829
0.1097514000002775
0.10944560000007186
0.11712469999929453
0.13653139999951236
0.11861309999949299
0.12023880000015197
0.11283259999981965
0.10985260000052222
0.12423089999992953
0.12218219999977009
0.1114954000004218
0.12521519999972952
0.12192030000005616
0.17183509999995294
0.11840029999984836
0.13146509999933187
0.1259260999995604
0.11574710000058985
0.12353080000048067
0.12202739999975165
0.1257727000001978
0.11444230000051903
0.11796849999973347
0.12986849999924743
0.12921510000069247
0.13084449999951175
0.11406850000003033
0.12209530000018276
0.14522570000008272
0.11678639999990992
0.11872399999992922
0.13035430000036285
0.11282269999992423
0.11403210000025865
0.1323314000001119
0.1301608000003398
0.12058479999996052
0.12111139999979059
0.12870489999932033
0.12418840000009368
0.12346340000021883
0.11738289999993867
0.12680080000063754
0.11748239999997168
0.11305289999927481
0.11081819999981235
0.11285700000007637
0.10810009999931935
0.11056749999988824
0.11092569999982516
0.13985849999971833
0.11801019999984419
0.11922349999986182
0.11486990000048536
0.13003980000030424
0.11828239999977086
0.12094249999972817
0.12272329999996145
0.11392070000056265
0.11979799999971874
0.06495559999984835
0.06379430000015418
0.05774399999972957
0.05915670000013051
0.06173980000039592
0.0578840999996828
0.056670199999643955
0.0579993999999715
0.057856700000229466
0.05827020000015182
0.05799670000033075
0.07439179999983025
0.06926000000021304
0.06836620000012772
0.07737710000037623
0.06423050000012154
0.0602841999998418
0.059204700000009325
0.06152990000009595
0.058209400000123424
0.060648200000287034
0.06546180000077584
0.06687830000009853
0.06364670000039041
0.05960880000020552
0.06704929999978049
0.05995569999959116
0.0593075000006138
0.05943980000029114
0.061458199999833596
0.06252470000072208
0.05839879999984987
0.059115400000337104
0.060022399999979825
0.06231909999951313
0.0610077999999703
0.06011380000018107
0.06478729999980715
0.05669110000053479
0.05844799999977113
0.055751999999301916
0.0583228000004965
0.05707239999992453
0.056970199999341276
0.05747189999965485
0.0584660000004078
0.056623199999194185
0.05946279999989201
0.053185900000244146
0.057204999999157735
0.059583199999906356
0.054999299999508366
0.05748889999995299
0.057620000000497384
0.05756810000002588
0.05788140000004205
0.057893399999557005
0.05607580000014423
0.12687599999935628
0.12343779999991966
0.11864849999983562
0.11758420000023762
0.1184651000003214
0.11430480000035459
0.12034930000027089
0.13293640000028972
0.13082570000005944
0.13357240000004822
0.12168540000038774
0.11231750000024476
0.11408550000032847
0.12793499999952473
0.11479439999948227
0.11659659999986616
0.11372630000005302
0.059058299999378505
0.06740269999954762
0.06746149999980844
0.06354060000012396
0.07155270000021119
0.09800899999936519
0.08978120000028866
0.08520289999978559
0.0917423000000781
0.08395130000008066
0.08609189999970113
0.09918519999973796
0.089102300000377
0.08054210000045714
0.07474350000029517
0.08257890000004409
0.08736670000052982
0.08038510000005772
0.08175269999992452
0.09955960000024788
0.06402859999980137
0.09292180000011285
0.06753709999975399
0.06822149999970861
0.06592220000038651
0.06734299999970972
0.08862910000061675
0.12355389999993349
0.12394880000010744
0.12544189999971422
0.11674479999965115
0.12839199999962148
0.11372560000017984
0.11480769999980112
0.10808090000045922
0.11794519999966724
0.10512520000065706
0.11034549999931187
0.11284950000026583
0.13876329999948211
0.13563479999993433
0.13671900000008463
0.1357343999998193
0.1299244000001636
0.1371764000004987
0.11021210000035353
0.10759439999947062
0.1088781000007657
0.09173469999950612
0.09243839999999182
0.10633549999965908
0.1109561000002941
0.09623120000014751
0.08694640000067011
0.09339189999991504
0.086714099999881
0.12289220000002388
0.12103800000022602
0.12079570000059903
0.11990620000051422
0.11973030000081053
0.13087149999955727
0.12652890000026673
0.1277914000002056
0.09266690000004019
0.07204920000003767
0.06823749999966822
0.06536310000046797
0.06302700000014738
0.06123410000054719
0.06484069999987696
0.06699449999996432
0.06799759999921662
0.060562100000424834
0.06692049999946903
0.06593150000026071
0.0625119000005725
0.06521260000045004
0.06380170000011276
0.06412960000034218
0.07188639999912994
0.0627502999996068
0.07173549999970419
0.06254970000009052
0.07207890000063344
0.05853289999959088
0.05751770000006218
0.05215360000056535
0.05162439999912749
0.04928479999944102
0.04941989999952057
0.054596500000116066
0.0478834999994433
0.05104479999954492
0.05145249999986845
0.05284029999984341
0.04803799999990588
0.04396969999925204
0.04687869999997929
0.04438930000014807
0.042309699999350414
0.041230300000279385
0.042945500000314496
0.044967199999518925
0.05187370000021474
0.04527260000031674
0.043779300000096555
0.04560200000014447
0.046022399999856134
0.04589209999994637
0.045688199999858625
0.0450407999996969
0.04568909999943571
0.049406699999963166
0.048197500000242144
0.05134799999996176
0.04389400000036403
0.04589230000055977
0.04592049999973824
0.047974999999496504
0.0477152000003116
0.050641799999539217
0.047532999999930325
0.05496029999994789
0.05115550000027724
0.048958500000480853
0.0519231000007494
0.05561350000061793
0.05240049999974872
0.05539560000033816
0.0594093999998222
0.05971950000002835
0.06304920000002312
0.06055419999938749
0.06509179999920889
0.06758400000035181
0.06524119999994582
0.05608979999942676
0.058545199999571196
0.058654399999795714
0.057108299999526935
0.06314829999973881
0.0608263000003717
0.06455319999986386
0.06421190000037313
0.07143120000000636
0.07108129999960511
0.06659899999976915
0.0732373999999254
0.07164789999933419
0.07213030000002618
0.06620039999961591
0.05970309999975143
0.06176019999929849
0.06405180000001565
0.06328690000009374
0.06514700000025186
0.0598030999999537
0.060868999999911466
0.059570200000052864
0.05812930000047345
0.06020710000029794
0.06089949999932287
0.05995840000014141
0.06102259999988746
0.062086400000225694
0.05643510000027163
0.056285500000740285
0.06281099999978323
0.05823950000012701
0.057080300000052375
0.05836700000054407
0.055275499999879685
0.05834649999997055
0.057334599999194324
0.05903349999971397
0.05542389999936859
0.05214650000016263
0.05577809999977035
0.056274699999448785
0.05459069999960775
0.05702389999987645
0.056658200000129
0.05621479999990697
0.05332490000000689
0.05019640000045911
0.05678829999942536
0.05835339999975986
0.05490949999966688
0.0605613000006997
0.062366799999836076
0.059054700000160665
0.05632969999987836
0.05564810000032594
0.05641150000064954
0.05786490000082267
0.05811300000004849
0.06462790000023233
0.06265609999991284
0.07660570000007283
0.09995449999951234
0.11997859999974025
0.14632929999970656
0.07447009999941656
0.1012418999998772
0.11489590000019234
0.12588750000031723
0.10883219999959692
0.11846159999913652
0.17858299999988958
0.14054990000022372
0.131578399999853
0.11794219999956113
0.11736180000025342
0.12980739999966318
0.17404850000002625
0.17330279999987397
0.12513039999976172
0.11937570000009146
0.11417669999991631
0.11774610000065877
0.11532679999982065
0.12689099999988684
0.11275389999991603
0.11779779999960738
0.1135495999997147
0.11661469999944529
0.1117193000000043
0.11673400000017864
0.1409617999997863
0.11818100000073173
0.1504713999993328
0.13382710000041698
0.13190690000010363
0.14539369999965857
0.13196349999998347
0.1294199000003573
0.12381899999945745
0.13883929999974498
0.12386980000064796
0.06444379999993544
0.06460920000063197
0.06282490000012331
0.06099530000028608
0.0624909000007392
0.06282790000022942
0.058823800000027404
0.07970440000008239
0.11236680000001797
0.1210544999994454
0.11844970000038302
0.11965049999980693
0.12030400000003283
0.11297260000083043
0.12135500000022148
0.11028780000015104
0.1100016999998843
0.09117669999977807
0.12547670000003563
0.12395050000031915
0.12269440000000031
0.1245757999995476
0.12230879999970057
0.12095589999989897
0.11652289999983623
0.11696289999963483
0.11972609999975248
0.12154179999924963
0.12116190000051574
0.12358729999959905
0.12369069999931526
0.11859569999978703
0.1268927999999505
0.08796669999992446
0.09713050000027579
0.0741305999999895
0.06572529999994003
0.06438679999973829
0.058227200000146695
0.061370399999759684
0.061705199999778415
0.059949600000436476
0.06068989999948826
0.05906059999961144
0.06118210000022373
0.06094039999970846
0.05776189999960479
0.05833950000032928
0.05990719999954308
0.06233810000048834
0.060266699999374396
0.05684650000057445
0.0560987999997451
0.05940019999979995
0.05962600000020757
0.05433809999976802
0.05680819999997766
0.05659899999955087
0.059580000000096334
0.06064860000060435
0.05821600000035687
0.0553198000006887
0.057112700000288896
0.06277589999990596
0.05766600000060862
0.06003740000051039
0.06363150000015594
0.057802299999821116
0.05656139999973675
0.05538879999949131
0.05619970000043395
0.053939500000524276
0.06695760000002338
0.05863780000072438
0.05912129999978788
0.0562911000006352
0.05394979999982752
0.0582271999992372
0.05682089999936579
0.0584246999997049
0.06417740000051708
0.06450939999922412
0.05624919999991107
0.05724709999958577
0.05556259999957547
0.056077799999911804
0.05861129999993864
0.06136789999982284
0.05878709999979037
0.05471349999970698
0.055588799999895855
0.058106299999963085
0.055591399999684654
0.06221060000007128
0.058190900000226975
0.05782169999929465
0.05954699999983859
0.05884799999967072
0.10361850000026607
0.1191768000007869
0.13574979999975767
0.12259710000034829
0.11942050000016025
0.12848980000035226
0.12039960000038263
0.12361570000030042
0.11757439999928465
0.12062720000085392
0.11345919999985199
0.11257649999970454
0.11969110000063665
0.11565479999990202
0.1143763999998555
0.1271987000000081
0.11985240000012709
0.1317204999995738
0.12270829999943089
0.13253239999994548
0.14683009999953356
0.1313518999995722
0.113345599999775
0.1183777000005648
0.11391110000022309
0.12311989999943762
0.11915649999991729
0.1316222999994352
0.1883863000002748
0.11774969999987661
0.11553960000037478
0.12135330000000977
0.0663791000006313
0.06120239999927435
0.0585836999998719
0.057514800000717514
0.05826189999970666
0.058068500000445056
0.06172839999999269
0.06097790000058012
0.05615860000034445
0.056518700000196986
0.06088569999974425
0.05530130000079225
0.057183099999747355
0.06168309999975463
0.061209400000734604
0.058929799999532406
0.057142300000123214
0.05614439999953902
0.05641100000048027
0.06219700000019657
0.05922319999990577
0.05739720000019588
0.05678840000018681
0.05874649999987014
0.057376599999770406
0.05865340000036667
0.05609009999989212
0.05905250000068918
0.05923880000045756
0.05912519999947108
0.059917000000496046
0.06148529999973107
0.058153300000412855
0.059682200000679586
0.06492479999997158
0.05711749999954918
0.05879139999979088
0.057862999999997555
0.05960250000043743
0.057883899999978894
0.05751400000008289
0.05921720000060304
0.057827999999972235
0.05681079999976646
0.05826870000055351
0.055915000000823056
0.05567419999988488
0.05640709999988758
0.06088199999976496
0.05878090000078373
0.0753844000000754
0.05875160000050528
0.0583719000005658
0.05737739999949554
0.05794939999941562
0.06483600000046863
0.05706129999998666
0.05413640000006126
0.05769159999999829
0.05386709999947925
0.05651379999926576
0.06062310000015714
0.05635249999977532
0.058517200000096636
0.06291630000032455
0.05541739999989659
0.05626940000001923
0.056864799999857496
0.05996679999952903
0.058562199999869335
0.057109200000013516
0.05699139999978797
0.0575286999992386
0.054967000000033295
0.05891489999976329
0.059974400000101014
0.061009300000478106
0.06219969999983732
0.059812000000420085
0.06404999999995198
0.062368099999730475
0.06328339999981836
0.0574653000003309
0.05762400000003254
0.05823740000050748
0.06418000000030588
0.06156079999982467
0.0620972000006077
0.05612499999915599
0.05767020000075718
0.0592994999997245
0.062477100000251085
0.05866570000034699
0.06281240000043908
0.05983139999989362
0.0631506999998237
0.06258969999998953
0.06463810000059311
0.06055889999970532
0.0625250999992204
0.0633389000004172
0.061809400000129244
0.06128889999945386
0.057370999999875494
0.05997949999982666
0.05799310000020341
0.06385899999986577
0.06604299999980867
0.06653959999948711
0.06669430000056309
0.06552110000029643
0.06570499999997992
0.06793070000003354
0.06750600000032136
0.06676770000012766
0.05719000000044616
0.05871229999956995
0.05973170000015671
0.06283710000025167
0.05711189999965427
0.06454549999943993
0.0719411999998556
0.06428959999993822
0.057757499999752326
0.06059999999979482
0.060303499999463384
0.06149530000038794
0.0640573000000586
0.061880700000074285
0.06246110000029148
0.06029429999944114
0.06131080000068323
0.06144399999993766
0.05985710000004474
0.06093179999970744
0.06199879999985569
0.057628200000181096
0.060086499999670195
0.05794049999985873
0.058316800000284275
0.054612400000223715
0.0583796999999322
0.05721989999983634
0.06000049999965995
0.061786600000232283
0.07386769999993703
0.06468769999992219
0.06979709999995976
0.06977399999959744
0.06798799999978655
0.06138149999969755
0.059645999999702326
0.05694949999997334
0.05969470000036381
0.05894519999947079
0.058239499999217514
0.058818999999857624
0.05862949999936973
0.05894700000044395
0.05927609999980632
0.06091850000029808
0.05542650000006688
0.05749480000031326
0.060648800000308256
0.06476800000018557
0.060811599999397004
0.05991549999998824
0.06221019999975397
0.055636199999753444
0.0628790000000663
0.05770970000048692
0.057878599999639846
0.06168009999964852
0.05615910000051372
0.06061099999988073
0.05912019999959739
0.06057059999966441
0.06244929999957094
0.05709810000007565
0.06305340000017168
0.05880350000006729
0.05731660000037664
0.06236030000036408
0.059103999999933876
0.06019520000063494
0.05946279999989201
0.05978549999963434
0.06101250000028813
0.0572465999994165
0.05789490000006481
0.07243179999932181
0.06304029999955674
0.06452669999998761
0.06200840000019525
0.06524099999933242
0.0606857000002492
0.05930640000042331
0.05813410000064323
0.0608726000000388
0.06023699999968812
0.05938900000001013
0.05903129999933299
0.05986469999970723
0.06015240000033373
0.06450480000057723
0.060792100000071514
0.06199209999977029
0.057964499999798136
0.06010160000005271
0.06095959999947809
0.057488200000079814
0.060184400000252936
0.05578040000000328
0.059261899999910383
0.056739399999969464
0.058269400000426685
0.06042319999960455
0.062362100000427745
0.060937100000046485
0.05942070000037347
0.0613325000003897
0.0635549999997238
0.05899120000049152
0.05600780000077066
0.05835349999961181
0.060925000000679574
0.06167310000000725
0.06193059999986872
0.0635044000000562
0.05653679999977612
0.05615659999966738
0.05751680000048509
0.05706830000053742
0.0580934999998135
0.06015579999984766
0.05635149999943678
0.056750300000203424
0.05601470000055997
0.0596252999994249
0.06641750000017055
0.05909890000020823
0.05604909999965457
0.05688270000064222
0.055812300000070536
0.05664059999980964
0.0585148999998637
0.060234000000491505
0.058731600000101025
0.0598137000006318
0.056785300000228744
0.05808919999981299
0.0570012999996834
0.06272689999968861
0.05725700000039069
0.05668169999989914
0.061292999999750464
0.06050630000027013
0.07494560000031925
0.06058909999956086
0.06024729999990086
0.062139399999978195
0.056087099999786005
0.056579400000373425
0.05886409999948228
0.05750739999984944
0.05791820000013104
0.05615419999958249
0.05931890000010753
0.06015250000018568
0.058783800000128394
0.06497000000035769
0.07056649999958609
0.06765350000023318
0.06614579999950365
0.07356389999949897
0.06714009999996051
0.06760559999929683
0.07260589999987133
0.06610259999979462
0.0736272000003737
0.07422429999951419
0.07183899999927235
0.06111919999966631
0.06384130000060395
0.06195670000033715
0.06096369999977469
0.06109660000038275
0.062147700000423356
0.060945400000491645
0.06090429999949265
0.060959100000218314
0.06173230000058538
0.061469499999475374
0.05635160000019823
0.05725270000039018
0.05818169999929523
0.0615075000005163
0.06497610000042187
0.06066439999995055
0.06167490000007092
0.06054409999978816
0.07104559999970661
0.055853900000329304
0.05584230000022217
0.06094089999987773
0.0590239000002839
0.058889799999633397
0.05692629999975907
0.0597366999991209
0.05864999999994325
0.06480089999968186
0.06049609999990935
0.0592837000003783
0.06460659999993368
0.05867489999945974
0.05800249999992957
0.059812200000123994
0.05968940000002476
0.05855460000020685
0.06109970000034082
0.05801619999965624
0.07727470000008907
0.05994209999971645
0.0574864999998681
0.06230320000031497
0.060187999999470776
0.06950779999988299
0.05653890000030515
0.05958389999977953
0.059389699999883305
0.058062999999492604
0.06108510000012757
0.05735669999921811
0.0584419999995589
0.05861929999991844
0.06007500000032451
0.06136659999992844
0.06143710000014835
0.05688129999998637
0.05929599999944912
0.06377640000027895
0.059718900000007125
0.059446500000376545
0.06070440000075905
0.05706929999996646
0.060720299999957206
0.056847199999538134
0.057744300000194926
0.05921649999982037
0.06380700000045181
0.07104340000023512
0.07093569999960891
0.0692298000003575
0.07069500000034168
0.07115759999942384
0.07444479999958276
0.06710699999985081
0.06822420000025886
0.06667689999994764
0.07504950000020472
0.06615990000045713
0.06895480000002863
0.06830770000033226
0.0669953999995414
0.06622350000088773
0.06363249999958498
0.06449629999951867
0.06082140000034997
0.06421690000024682
0.06284169999980804
0.06230830000004062
0.060772300000280666
0.06884350000018458
0.0643502000002627
0.06596559999979945
0.0868229000006977
0.15017710000029183
0.12766239999928075
0.1289057000003595
0.1341538999995464
0.15038249999997788
0.14589539999997214
0.1439287000002878
0.11178620000009687
0.1164306000000579
0.11598090000006778
0.1122176999997464
0.10889720000068337
0.12635450000016135
0.1157257999993817
0.12271049999981187
0.12869799999953102
0.10920470000019122
0.11632390000067971
0.13520639999933337
0.1149728000000323
0.11674969999967288
0.11786460000075749
0.12202320000051259
0.11355040000034933
0.11947220000001835
0.1300707999998849
0.11580700000013167
0.13445230000070296
0.13114089999999123
0.12315560000024561
0.12695910000002186
0.1378937000008591
0.1476106999998592
0.12682349999977305
0.12285810000048514
0.11508640000010928
0.11900729999979376
0.1068715000001248
0.10833650000040507
0.11424100000022008
0.1105121999999028
0.11595689999921888
0.11286819999986619
0.11872089999997115
0.12704910000047676
0.11597400000027847
0.11758949999966717
0.11706279999998515
0.12701579999975365
0.11621700000068813
0.14035580000017944
0.11660119999942253
0.11032649999924615
0.12134299999979703
0.12155770000026678
0.11460949999946024
0.12042539999947621
0.12299970000003668
0.12340589999985241
0.11506999999983236
0.11655119999977614
0.11910850000003848
0.11270359999980428
0.1152658999999403
0.12040989999968588
0.11716190000061033
0.1178674000002502
0.11540590000004158
0.11506999999983236
0.12757690000034927
0.11640259999967384
0.11460869999973511
0.11409139999977924
0.1227854999997362
0.11688090000006923
0.12095510000017384
0.12570279999999912
0.12407389999953011
0.11670849999973143
0.11479349999990518
0.11523549999947136
0.12246950000007928
0.11437070000010863
0.11769340000046213
0.12215819999983069
0.12621589999980642
0.12328749999960564
0.13034539999989647
0.13244209999993473
0.12437429999954475
0.1163819000003059
0.11783889999969688
0.1146361999999499
0.11213370000041323
0.12106289999974251
0.11189670000021579
0.16876250000041182
0.12225349999971513
0.13390930000059598
0.12812699999994948
0.11713599999984581
0.11803130000043893
0.11821169999984704
0.1212982999995802
0.12612059999992198
0.11885570000049483
0.11549569999988307
0.11750610000035522
0.1309197000000495
0.12913170000047103
0.13124820000030013
0.11660250000022643
0.11720210000021325
0.1300676000000749
0.1326032999995732
0.11886169999979757
0.11781299999984185
0.1168257999997877
0.11703880000004574
0.12423670000043785
0.1392204000003403
0.13573650000034831
0.13631919999988895
0.1330539000000499
0.12851580000005924
0.11845220000031986
0.11739250000027823
0.12236639999991894
0.1239012999994884
0.12041339999996126
0.12251370000012685
0.12234509999962029
0.12186689999998634
0.11512479999964853
0.11914059999980964
0.12031040000056237
0.12187639999956446
0.11504339999919466
0.12010480000026291
0.12355359999946813
0.13533939999979339
0.11846400000013091
0.16780589999962103
0.12855900000067777
0.12593720000040776
0.13722880000022997
0.14211599999998725
0.13111029999981838
0.15584169999965525
0.14324830000077782
0.1551025999997364
0.13791589999982534
0.14444599999933416
0.1334828999997626
0.1427400000002308
0.12059109999972861
0.13228419999995822
0.13128619999952207
0.12061379999977362
0.1254068999996889
0.1257127999997465
0.1419858999997814
0.12245979999988776
0.12125079999987065
0.1203153000005841
0.12006810000002588
0.1295549000005849
0.1185949000000619
0.1198618999997052
0.1234442000004492
0.16497330000038346
0.13171330000022863
0.14147549999961484
0.13090609999926528
0.11725920000026235
0.1312935000005382
0.13020479999977397
0.19354180000027554
0.1346053999996002
0.13010229999963485
0.1295271999997567
0.11901049999960378
0.12312870000005205
0.1252494000000297
0.1317908000000898
0.11950179999985266
0.1224251000003278
0.12403989999984333
0.12390870000035648
0.12802079999983107
0.13326799999958894
0.14253290000033303
0.13051850000010745
0.11905449999994744
0.11616490000051272
0.11883099999977276
0.11994849999973667
0.13763959999960207
0.11715450000065175
0.1203336999997191
0.12308469999970839
0.14267419999941922
0.12165160000040487
0.12075279999953636
0.11909930000001623
0.11671149999983754
0.11774860000059562
0.12471649999952206
0.12129989999993995
0.1171742999995331
0.11987760000010894
0.11945070000001579
0.1170458000005965
0.13046339999982592
0.11595670000042446
0.11634740000044985
0.12134859999969194
0.11796250000043074
0.12414259999968635
0.12470519999988028
0.11791200000061508
0.11707260000002861
0.12001820000023145
0.11533789999975852
0.11871049999990646
0.15011289999984
0.12862249999943742
0.11558630000035919
0.11776850000023842
0.1191951999999219
0.11311819999991712
0.11655879999943863
0.11761070000011387
0.126923099999658
0.1415813999992679
0.12932610000007116
0.12315750000016124
0.1307440000000497
0.12234449999959907
0.1525723000004291
0.1518882999998823
0.12679250000019238
0.12114769999971031
0.13819689999945695
0.11879829999998037
0.12831889999961277
0.12613860000055865
0.1264301000001069
0.11986100000012812
0.14644270000007964
0.13453499999923224
0.12407940000048256
0.12287639999976818
0.1256524000000354
0.12474990000009711
0.1292195999994874
0.12877800000023853
0.1265214000004562
0.12287400000059279
0.12408219999997527
0.12187170000015612
0.1323909000002459
0.1595072000000073
0.12700959999983752
0.1271893999992244
0.13070280000010825
0.12358140000014828
0.11552260000007664
0.11881269999958022
0.11550499999975727
0.11382760000014969
0.12014270000054239
0.11299810000036814
0.11312579999957961
0.11385009999958129
0.12165600000025734
0.11843469999985246
0.11839340000005905
0.14317709999977524
0.132741100000203
0.18687649999992573
0.06514139999944746
0.06502790000013192
0.06795899999997346
0.07499409999945783
0.06875589999981457
0.07045250000010128
0.07253379999929166
0.06661789999998291
0.06671199999982491
0.06865769999967597
0.06685329999982059
0.06241210000007413
0.06395359999987704
0.0642424999996365
0.06230279999999766
0.05778809999992518
0.05767569999989064
0.06073259999993752
0.059225599999990663
0.060456999999587424
0.06194899999991321
0.06088679999993474
0.058657599999605736
0.058631400000194844
0.0562432999995508
0.0593338999997286
0.0635668999993868
0.06754300000011426
0.066099600000598
0.06698059999962425
0.06466970000019501
0.06662020000021585
0.06555800000023737
0.06145509999987553
0.05805479999980889
0.06086969999978464
0.0627610999999888
0.0622774000003119
0.06089909999991505
0.062456599999677564
0.06749399999989691
0.06486390000009123
0.06860069999947882
0.06537149999985559
0.06240909999996802
0.05993820000003325
0.06022510000002512
0.12410600000021077
0.12531509999917034
0.12699590000011085
0.1366210999995019
0.14457509999920148
0.12194519999957265
0.12719579999975394
0.1400248999998439
0.1292278000000806
0.12246709999999439
0.12283600000046135
0.12231430000065302
0.14237210000010236
0.13273900000058347
0.21341660000052798
0.07295459999932064
0.06358480000017153
0.0628604000003179
0.060442399999374175
0.06331490000047779
0.0624617000003127
0.06757700000071054
0.06378339999992022
0.06410610000057204
0.06674190000012459
0.06216039999981149
0.06834600000001956
0.06342140000015206
0.07554889999937586
0.06728449999991426
0.06523949999973411
0.060683299999254814
0.05960199999935867
0.05985340000006545
0.06326760000047216
0.07270779999998922
0.0651136000005863
0.07166080000024522
0.06291570000030333
0.06036179999955493
0.06142019999970216
0.06206060000022262
0.06640229999993608
0.06416609999996581
0.061884500000815024
0.05839139999989129
0.05851069999971514
0.05908400000043912
0.05949590000000171
0.057019900000341295
0.060777600000619714
0.06573340000068129
0.05851600000005419
0.05951009999989765
0.0564686999996411
0.058084799999960524
0.06720130000030622
0.06647909999992407
0.06361629999992147
0.06641260000014881
0.06561059999967256
0.06640650000008463
0.06756550000045536
0.06402330000037182
0.06992530000024999
0.06926040000053035
0.06103129999974044
0.06031239999992977
0.05952819999947678
0.06044750000000931
0.06005280000044877
0.0610910999994303
0.05878949999987526
0.06116239999937534
0.06012719999944238
0.05973100000028353
0.05962920000001759
0.06450230000064039
0.06605219999983092
0.06779420000020764
0.06868410000060976
0.06125869999959832
0.07195360000059736
0.07000319999951898
0.06601409999984753
0.07177239999964513
0.06415770000057819
0.06048890000056417
0.06265590000020893
0.05829130000074656
0.05388420000053884
0.09499390000019048
0.1250826000004963
0.11093269999946642
0.11934290000044712
0.12403619999986404
0.12771520000023884
0.11782459999994899
0.11634540000068228
0.12014120000003459
0.12673280000035447
0.11979919999976119
0.11551300000064657
0.11752689999957511
0.1181869000001825
0.11278279999987717
0.11937070000021777
0.13479179999922053
0.11399070000061329
0.11486839999997756
0.1154621000005136
0.1190083000001323
0.12080640000021958
0.1223546000001079
0.12981930000023567
0.12071930000001885
0.11248389999946085
0.12293990000034682
0.13714190000064264
0.131899599999997
0.1096133999999438
0.14628559999982826
0.1122629000001325
0.13072879999981524
0.061561199999232485
0.06648320000022068
0.057499900000038906
0.05702449999989767
0.06170990000009624
0.05884480000077019
0.06052730000010342
0.05960709999999381
0.05938460000015766
0.05639919999975973
0.05995359999997163
0.05847569999968982
0.05916070000057516
0.0611032000006162
0.06407670000044163
0.06063170000015816
0.058336400000371214
0.061261300000296615
0.057733599999664875
0.05855549999978393
0.05798919999961072
0.05817269999988639
0.062256999999590334
0.06457890000001498
0.0692895000001954
0.06763589999991382
0.06524170000011509
0.06220370000028197
0.06715910000002623
0.06796060000033322
0.0619302000004609
0.0592860999995537
0.06006300000080955
0.05578919999970822
0.11101080000025831
0.12034419999963575
0.12178870000025199
0.12037770000006276
0.12028829999962909
0.13165349999962928
0.12620439999955124
0.11968759999945178
0.11493890000019746
0.11503149999953166
0.11921829999937472
0.11578349999945203
0.1164015999993353
0.11711540000032983
0.11439129999962461
0.13423059999968245
0.12270780000017112
0.19374710000010964
0.11647899999934452
0.11489910000000236
0.12065890000030777
0.1301872000003641
0.13098859999990964
0.13028149999991
0.12318230000073527
0.11709310000060213
0.12395720000040455
0.11947139999938372
0.12036600000010367
0.11754999999993743
0.11696990000018559
0.1307171999997081
0.1179493999998158
0.1162160000003496
0.1365453999997044
0.131826099999671
0.12028490000011516
0.12532869999995455
0.1265493000000788
0.12403689999973722
0.11400770000000193
0.11479750000034983
0.1147025999998732
0.12192459999914718
0.12105780000001687
0.09836619999987306
0.05945109999993292
0.06256429999939428
0.059280800000124145
0.058087800000066636
0.05792060000021593
0.06112610000036511
0.062141999999766995
0.05829840000023978
0.057994000000689994
0.05625739999959478
0.05931050000071991
0.05925539999952889
0.058540199999697506
0.06298620000052324
0.062200899999879766
0.056808400000591064
0.060316200000670506
0.056814200000189885
0.059859099999812315
0.05700310000065656
0.0575751999995191
0.06180750000021362
0.06524650000028487
0.05710630000066885
0.05987199999981385
0.06168299999990268
0.060788099999626866
0.05722879999939323
0.06076900000061869
0.06600470000012137
0.06328240000038932
0.06489169999986188
0.056732000000010885
0.058835899999394314
0.0611681000000317
0.07959550000032323
0.0640027999997983
0.06494729999940319
0.06040359999951761
0.05977030000030936
0.06580040000062581
0.06041229999937059
0.06143749999955617
0.05655269999988377
0.05934999999954016
0.061330200000156765
0.06259030000001076
0.05826989999968646
0.0601329999999507
0.057487699999910546
0.057999999999992724
0.059929000000011
0.05985259999943082
0.05680409999968106
0.060968200000388606
0.06008710000060091
0.061180400000012014
0.0602206000003207
0.05999169999995502
0.05788560000019061
0.059047100000498176
0.05736720000004425
0.05521450000014738
0.06205509999927017
0.05880209999941144
0.06136570000035135
0.06088720000025205
0.06062290000045323
0.0630751999997301
0.06242149999980029
0.0594584999998915
0.06082079999941925
0.06557040000006964
0.05798810000032972
0.06121919999986858
0.05935300000055577
0.06558690000019851
0.05778980000013689
0.06051909999951022
0.06015969999953086
0.06165099999998347
0.0626683000000412
0.0642374999997628
0.06204899999920599
0.05711380000047939
0.05728180000005523
0.059038800000053016
0.0591790000007677
0.05880799999977171
0.060818400000243855
0.05996690000029048
0.06112739999935002
0.0636157999997522
0.060935800000152085
0.06362449999960518
0.06017249999968044
0.06135489999996935
0.059032899999692745
0.05882819999987987
0.060189400000126625
0.061086799999429786
0.08182179999948858
0.059157699999559554
0.06211339999936172
0.06210999999984779
0.06821990000025835
0.06375930000012886
0.06231260000004113
0.05961569999999483
0.06474459999935789
0.06576699999914126
0.06021919999966485
0.06187140000020008
0.060911399999895366
0.061042299999826355
0.06185939999977563
0.07273499999973865
0.05742069999996602
0.057318600000144215
0.0574389000003066
0.05745440000009694
0.06011289999969449
0.05717670000012731
0.05818009999984497
0.057850000000144064
0.05789530000038212
0.057604100000389735
0.06034319999980653
0.061213799999677576
0.057296900000437745
0.05925219999971887
0.08030909999979485
0.12771989999964717
0.1266773999996076
0.11491229999955976
0.12486639999951876
0.12106589999984863
0.12168780000047263
0.13916400000016438
0.12020029999985127
0.13299220000044443
0.12571899999966263
0.12050859999999375
0.1249441999998453
0.13309790000039357
0.12501530000008643
0.12644920000002458
0.12041159999989759
0.11633190000065952
0.11635060000025987
0.13359369999943738
0.12564780000047904
0.11535230000026786
0.17713419999927282
0.11933950000002369
0.11715529999946739
0.1226624000000811
0.11329300000033982
0.11901080000006914
0.11988500000006752
0.12086670000007871
0.1322599999994054
0.11703560000023572
0.11578019999979006
0.11555440000029193
0.11917070000072272
0.12054540000008274
0.12749540000004345
0.12531459999991057
0.11745439999958762
0.1171848999993017
0.12787289999960194
0.12380940000002738
0.1258293999999296
0.11815670000032696
0.11983910000071774
0.11547030000019731
0.11374780000005558
0.11874150000039663
0.1189022999997178
0.1161909000002197
0.11857559999953082
0.11631279999983235
0.12419749999935448
0.11580820000017411
0.1175359999997454
0.12161120000018855
0.13266900000053283
0.1229103000005125
0.1188043000001926
0.12375000000065484
0.11829980000038631
0.12177730000075826
0.11396489999970072
0.11691679999967164
0.11826250000012806
0.11987970000063797
0.11758370000006835
0.12254980000034266
0.12804400000004534
0.11656719999973575
0.1178288999999495
0.11913119999917399
0.14477780000015628
0.12233569999989413
0.12616329999946174
0.11870859999999084
0.12671470000077534
0.12285699999938515
0.1425069999995685
0.12246400000003632
0.11875110000073619
0.13313579999976355
0.1199613999997382
0.11611570000059146
0.11716810000052647
0.11800880000009784
0.11851769999975659
0.11670159999994212
0.12906220000058966
0.11584589999984019
0.11457630000040808
0.1259143999996013
0.14122930000030465
0.13854629999968893
0.12253450000025623
0.11897969999972702
0.11699580000004062
0.11725559999922552
0.12767470000017056
0.11937379999926634
0.11471849999998085
0.11254379999991215
0.12550159999955213
0.11988509999991948
0.11448629999995319
0.11513009999998758
0.1836647999998604
0.12344469999970897
0.11729509999986476
0.1123251999997592
0.11706740000045102
0.11394159999963449
0.12140499999986787
0.11233420000007754
0.1174762999999075
0.11679200000071432
0.1133215999998356
0.11679309999999532
0.12528310000016063
0.12503860000015266
0.12599580000005517
0.11658389999956853
0.11346039999989443
0.11906060000001162
0.11672100000032515
0.11773660000017117
0.11835169999994832
0.11507740000070044
0.12208899999950518
0.11574120000022958
0.1163602999995419
0.1180928000003405
0.1171345000002475
0.11947929999951157
0.12131810000028054
0.12267319999955362
0.1252769000002445
0.11793560000023717
0.11472740000044723
0.1191727000004903
0.12252139999964129
0.1517325000004348
0.08646870000029594
0.07679660000030708
0.07052360000034241
0.06058000000030006
0.06081850000009581
0.05953880000015488
0.0645169999997961
0.06441799999993236
0.06265999999959604
0.06258680000064487
0.056927900000118825
0.062226799999734794
0.06148880000000645
0.06579660000079457
0.06047330000001239
0.06003879999934725
0.06167269999968994
0.057383999999728985
0.05918500000007043
0.056480199999896286
0.05965360000027431
0.059791100000438746
0.05967190000046685
0.05930110000008426
0.06027070000072854
0.05833890000030806
0.05760459999964951
0.06047320000016043
0.06108570000014879
0.06290569999964646
0.055458200000430224
0.057035499999983585
0.05567799999971612
0.055069900000489724
0.05923450000045705
0.05842780000057246
0.05593779999981052
0.05957309999939753
0.057939900000747
0.05815749999965192
0.057350400000359514
0.06134199999996781
0.058125900000050024
0.05635970000002999
0.0570542999994359
0.05825949999962177
0.0568753999996261
0.05610599999999977
0.060728800000106276
0.06024320000051375
0.056474400000297464
0.05695409999952972
0.05967400000008638
0.05592580000029557
0.05825659999936761
0.059455999999954656
0.058614399999896705
0.0587217000002056
0.061268599999493745
0.06045990000075108
0.05765439999959199
0.05919799999992392
0.06156650000048103
0.06030250000003434
0.0687911000004533
0.05822249999982887
0.06254300000000512
0.059951299999738694
0.05671390000043175
0.05670139999983803
0.05838430000039807
0.05777479999960633
0.05670460000055755
0.05863649999992049
0.05995989999973972
0.06285190000016883
0.0593258999997488
0.05915510000068025
0.05690619999950286
0.05717999999978929
0.059046399999715504
0.060567900000023656
0.06151099999988219
0.060092599999734375
0.06578879999960918
0.059733699999924283
0.05784910000056698
0.059103399999912654
0.05899980000049254
0.06043900000076974
0.059010899999520916
0.05640860000039538
0.05850090000058117
0.06256579999990208
0.05585320000045613
0.05731569999989006
0.05836790000012115
0.05947379999997793
0.0577649000006204
0.06404629999997269
0.05977160000020376
0.05817639999986568
0.05673230000047624
0.05668089999926451
0.05991400000038993
0.059572799999841664
0.05498069999975996
0.05798000000049797
0.061408900000060385
0.058846799999628274
0.0645795000000362
0.06713639999998122
0.06727219999993395
0.06952430000001186
0.06833540000025096
0.06915000000026339
0.06987240000034944
0.06759969999984605
0.06502260000070237
0.06385229999978037
0.0611192000005758
0.06103250000069238
0.05893229999946925
0.05683800000042538
0.05601870000009512
0.05894979999993666
0.05919919999996637
0.05828129999918019
0.0607865000001766
0.05915000000004511
0.05895689999942988
0.055794300000343355
0.05576250000012806
0.05682769999930315
0.07865690000016912
0.058683400000518304
0.05858929999976681
0.058175199999823235
0.06029530000068917
0.06173199999921053
0.0612133000004178
0.05675210000026709
0.057876500000020314
0.05922470000041358
0.057786599999417376
0.058275899999898684
0.05821920000016689
0.0581320000001142
0.04975740000008955
0.0485460999998395
0.04680519999965327
0.04816209999989951
0.05510179999964748
0.05732780000016646
0.05901960000028339
0.05860599999959959
0.05527540000002773
0.05397170000014739
0.054072899999482615
0.05943239999942307
0.05900759999985894
0.06043859999954293
0.05435840000063763
0.033805300000494753

##############
BFGS
##############
0.13607109999975364
0.11846710000008898
0.13059869999960938
0.11521090000042022
0.09255240000038611
0.08828350000021601
0.10420849999991333
0.10053489999972953
0.10415069999999105
0.10679530000015802
0.09173269999973854
0.09138239999992948
0.09226129999933619
0.0913711000002877
0.09878250000019762
0.09254870000040682
0.0895239000001311
0.09672870000031253
0.09082409999973606
0.08973750000041036
0.09180290000040259
0.09265099999993254
0.09487669999998616
0.1012352000007013
0.09861579999960668
0.09931970000070578
0.09578489999967132
0.09932709999975486
0.10112290000051871
0.10218780000013794
0.10536709999996674
0.11110509999980422
0.11707380000007106
0.1063653000001068
0.11201020000044082
0.11502719999953115
0.10723229999985051
0.10600290000002133
0.1054059000007328
0.09340969999993831
0.0919186000000991
0.09136960000068939
0.09380989999954181
0.09568620000027295
0.10216479999962758
0.10143179999977292
0.11668190000000322
0.12152700000024197
0.11941219999971509
0.1197517999999036
0.11280530000021827
0.11239740000019083
0.11329079999995884
0.11147460000029241
0.10979839999981778
0.11034610000024259
0.1102361999992354
0.11627779999980703
0.1194327000002886
0.11860079999951267
0.11778679999952146
0.11535749999984546
0.0973044000002119
0.08736489999955666
0.17154089999985445
0.19198990000040794
0.21167939999941154
0.22386699999970006
0.19925319999947533
0.2583993999996892
0.19798269999955664
0.18904480000037438
0.1897263999999268
0.18488689999958297
0.18464349999976548
0.1867578000001231
0.1911906999994244
0.18638850000024831
0.19015399999989313
0.20229860000017652
0.19018119999964256
0.17992139999932988
0.18830179999986285
0.17304409999997006
0.182359099999303
0.18503330000021379
0.16985770000064804
0.17883580000034272
0.24572110000008252
0.17514530000062223
0.17420810000021447
0.17504379999991215
0.18638929999997345
0.17947060000005877
0.1758492999997543
0.1758762999997998
0.17292940000061208
0.17884180000055494
0.17439530000046943
0.17594450000069628
0.18325740000000224
0.19617809999999736
0.19660530000055587
0.20294930000000022
0.21430529999997816
0.21637180000016087
0.21860839999953896
0.28626970000004803
0.24006230000031792
0.23371049999968818
0.26457330000084767
0.24443419999988691
0.23880880000069737
0.24581130000024132
0.24977670000043872
0.23970360000021174
0.24052409999967495
0.2878485000001092
0.24598450000030425
0.23727680000047258
0.2638331999996808
0.2851340999995955
0.25548559999970166
0.24685930000032386
0.25245859999995446
0.3641054999998232
0.27448349999940547
0.24859569999989617
0.24558049999996
0.2576430999997683
0.2779973999995491
0.2946157000005769
0.2702731000008498
0.27851639999971667
0.26185399999940273
0.2662493000007089
0.31452290000015637
0.2840071999999054
0.26663750000079744
0.2642384000000675
0.26639090000026044
0.2526275000000169
0.247493900000336
0.2544376999994711
0.31196340000042255
0.2574312999995527
0.253796500000135
0.2561409999998432
0.24765250000018568
0.25246679999963817
0.2565089999998236
0.2497380000004341
0.261058399999456
0.2540484999999535
0.25692460000027495
0.25552109999989625
0.2490122999997766
0.2527414000005592
0.24731410000003962
0.24463139999988925
0.24587719999999536
0.30084850000002916
0.2668675999993866
0.25731919999998354
0.24797440000020288
0.2594939999999042
0.255074899999272
0.2484415999997509
0.24826440000015282
0.27223290000074485
0.2694095999995625
0.2526680999999371
0.2519651000002341
0.2555523000000903
0.2555651000002399
0.25186780000058206
0.26696570000058273
0.1371422000001985
0.1442354000000705
0.1250810999999885
0.1265203000002657
0.12289210000017192
0.12210779999986698
0.12516150000010384
0.12491430000045511
0.12191939999956958
0.12390880000020843
0.12840940000023693
0.12426479999976436
0.12540369999987888
0.12640540000029432
0.12885090000054333
0.12746919999972306
0.12446500000078231
0.26681809999990946
0.2630842999997185
0.2598334000003888
0.26114699999925506
0.2615706999995382
0.2565727000001061
0.25426229999993666
0.2670066999999108
0.25687680000010005
0.2613325000002078
0.2574557999996614
0.26507909999963886
0.24953199999981734
0.25415479999992385
0.25171769999997196
0.30678850000003877
0.25487340000017866
0.25649780000003375
0.2638477000000421
0.26117729999987205
0.2568447000003289
0.2446365000005244
0.2617276999999376
0.26283889999922394
0.12852849999944738
0.12959829999999783
0.12150819999988016
0.12752910000017437
0.12830980000035197
0.12494270000024699
0.11871340000016062
0.1295719999998255
0.12233780000042316
0.12166459999934887
0.12125689999993483
0.12731629999962024
0.12487249999958294
0.12515449999955308
0.12514899999951012
0.13321069999983592
0.12491580000005342
0.13776849999976548
0.14002179999988584
0.13389100000040344
0.1281501000003118
0.14769220000016503
0.14663409999957366
0.13372770000023593
0.13254259999939677
0.124757700000373
0.12946670000019367
0.12209580000035203
0.12430610000046727
0.19135819999974046
0.25568290000046545
0.24919099999988248
0.2376222000002599
0.2381187000000864
0.220572500000344
0.22939620000033756
0.284896099999969
0.24123120000058407
0.23277169999983016
0.25147740000011254
0.2767282000004343
0.25343700000030367
0.27414780000071914
0.2767816999994466
0.25278760000037437
0.2560300000004645
0.25075440000000526
0.25229179999951157
0.2545833999993192
0.2558760000001712
0.2525492000004306
0.2495417999998608
0.24352540000018053
0.2473693000001731
0.24710830000003625
0.23671459999968647
0.30846289999954024
0.24390670000047976
0.24283499999910418
0.2517103000000134
0.23960690000058094
0.24507249999987835
0.2593952999995963
0.24647280000044702
0.24202810000042518
0.23833209999975224
0.24024250000002212
0.24248850000003586
0.20671169999968697
0.24063780000051338
0.27061479999974836
0.24576100000012957
0.2617195000002539
0.32665429999997286
0.2554627999998047
0.24773420000019541
0.24423269999988406
0.2690714999998818
0.25840359999983775
0.22225189999971917
0.12965340000027936
0.1211991999998645
0.12321719999999914
0.12360400000034133
0.1239212000000407
0.1262138000001869
0.13372249999974883
0.13402250000035565
0.12503020000076503
0.1319261999997252
0.13206519999948796
0.13341850000051636
0.1252719000003708
0.135394300000371
0.14529719999973167
0.12991969999984576
0.1420803999999407
0.1350916999999754
0.13397100000020146
0.1313962000003812
0.12233709999964049
0.13310160000037285
0.12999480000053154
0.1313334999995277
0.12713559999974677
0.1288709000000381
0.13050590000057127
0.1279261999998198
0.12877500000013242
0.13192119999985152
0.124410500000522
0.12457920000088052
0.1340979000005973
0.12362130000019533
0.1280960000003688
0.12407520000033401
0.12814400000024762
0.125287699999717
0.12759209999967425
0.11508039999989705
0.10888509999949747
0.11278570000013133
0.10965100000066741
0.10447539999950095
0.10075559999950201
0.09844859999975597
0.09775989999980084
0.09110959999998158
0.09648500000002969
0.08969419999993988
0.08928049999940413
0.17394469999999274
0.18279380000058154
0.17887870000049588
0.18442340000001423
0.18429329999980837
0.18674949999967794
0.17916220000006433
0.23654909999913798
0.1815652000004775
0.19073000000025786
0.2053937999999107
0.19442810000055033
0.19110790000013367
0.2021654000000126
0.18757239999922604
0.18306080000002112
0.18510669999977836
0.10847849999936443
0.09720670000024256
0.10309869999946386
0.10555310000017926
0.10566839999955846
0.10144789999958448
0.11012080000000424
0.11885030000030383
0.1302756999994017
0.13203079999948386
0.12879880000036792
0.1298145000000659
0.12725890000001527
0.13066120000075898
0.13020359999973152
0.13629750000018248
0.13375670000004902
0.12932099999943603
0.1275660000001153
0.14045839999926102
0.22691720000057103
0.289416199999323
0.3213762000004863
0.2502709999998842
0.25156020000031276
0.2445755000007921
0.2515229000000545
0.25544540000009874
0.2553865999998379
0.2653917999996338
0.2610971000003701
0.2537397999994937
0.2553839000001972
0.26136740000038117
0.28788780000013503
0.24697500000002037
0.2534566000003906
0.31407229999967967
0.25276599999961036
0.2781125000001339
0.253602800000408
0.2617893999995431
0.18970199999967008
0.1263197999996919
0.1260391999994681
0.1255529000000024
0.1275151999998343
0.12600380000003497
0.12625959999968472
0.12888740000016696
0.1276629000003595
0.12408729999970092
0.12336130000039702
0.1222622000004776
0.13047129999995377
0.12929369999983464
0.12222010000004957
0.1437210000003688
0.12216499999976804
0.12444619999951101
0.12141829999927722
0.12254660000053264
0.12562030000026425
0.12494040000001405
0.12474240000028658
0.1229591999999684
0.1159432000004017
0.11714789999950881
0.09856829999989714
0.10624079999979585
0.11200970000027155
0.10978500000055647
0.1136713999994754
0.12200450000000274
0.11919680000028166
0.11649390000002313
0.1182714999995369
0.11573849999967933
0.12075569999979052
0.12417800000002899
0.12142349999976432
0.13082070000018575
0.13589020000017626
0.13542059999963385
0.134422999999515
0.13066410000010364
0.13287339999988035
0.1276411000008011
0.12802530000044499
0.12825799999973242
0.14565720000064175
0.12443569999959436
0.12238320000051317
0.12725609999961307
0.12770300000011048
0.12797799999952986
0.12645049999991897
0.12820790000023408
0.12818670000069687
0.12790860000040993
0.12668529999973543
0.12452030000076775
0.12212799999997515
0.1314606999994794
0.12784410000040225
0.12802540000029694
0.1280391000000236
0.13111939999998867
0.13049469999987195
0.12975079999978334
0.13027909999982512
0.12941310000041994
0.12846539999918605
0.1275184000005538
0.1254158000001553
0.12627899999915826
0.1231500000003507
0.13895730000058393
0.14093179999963468
0.13179200000013225
0.12767410000014934
0.12716470000032132
0.12549159999980475
0.12336910000067292
0.12806089999958203
0.1274128999993991
0.12931269999990036
0.12479160000020784
0.1273299999993469
0.12825960000009218
0.12546980000024632
0.12761409999984608
0.13764619999983552
0.1338197000004584
0.13890659999924537
0.14328289999957633
0.14339820000077452
0.13556179999977758
0.13499420000061946
0.14229030000024068
0.12628829999994196
0.12933029999931023
0.13482870000007097
0.13235990000066522
0.13006120000045485
0.13026520000039454
0.1292475000000195
0.12890640000023268
0.12618259999999282
0.12791049999941606
0.12955390000024636
0.135189900000114
0.13470760000018345
0.13087559999985388
0.13293290000001434
0.12841560000015306
0.1304139000003488
0.12959289999980683
0.12795199999982287
0.13586910000049102
0.12670080000043527
0.13093680000019958
0.13090050000027986
0.12617910000062693
0.12311230000068463
0.14028369999959978
0.13118829999984882
0.12556299999960174
0.13372960000015155
0.13227770000048622
0.13205670000024838
0.13172970000050555
0.12758409999969444
0.13522899999952642
0.30702019999989716
0.3122246000002633
0.25650519999999233
0.25341430000025866
0.2502571999993961
0.2522022000002835
0.27241530000083003
0.2640553000001091
0.25108860000000277
0.26354390000051353
0.3187695000005988
0.2473282000000836
0.24905109999963315
0.25043319999986124
0.2648992999993425
0.2535081000005448
0.2652238999999099
0.2553017000000182
0.25247680000029504
0.2509817000000112
0.25871750000078464
0.26426679999985936
0.25050199999986944
0.24985649999962334
0.2709906999998566
0.26360310000018217
0.26138300000002346
0.26297130000057223
0.31008829999973386
0.2691273000000365
0.2683465999998589
0.2952826999999161
0.2723871999996845
0.2653122000001531
0.2650438999999096
0.2232705000005808
0.13189359999978478
0.1303909999996904
0.1309244000003673
0.13808799999969779
0.1276810999997906
0.12776560000020254
0.13165079999998852
0.13375109999924462
0.12344990000019607
0.12366109999948094
0.12411530000008497
0.14207560000068042
0.12934779999977764
0.12377610000021377
0.13345169999956852
0.13004040000032546
0.12691990000075748
0.12223519999952259
0.13259779999953025
0.14205300000048737
0.14848440000059782
0.13188739999986865
0.1292212999996991
0.12378360000002431
0.13294809999933932
0.1240616000004593
0.12599779999982275
0.12513359999957174
0.12257159999990108
0.12436859999979788
0.12061100000028091
0.11795799999981682
0.12369219999982306
0.12418290000005072
0.12853820000054839
0.13203259999954753
0.1329161000003296
0.13306699999975535
0.12595770000007178
0.12678719999985333
0.1278085000003557
0.12714710000000196
0.12861810000049445
0.12522079999962443
0.13020099999994272
0.12587230000008276
0.12472660000003088
0.1415636000001541
0.12799530000029335
0.12962429999970482
0.12819519999993645
0.12759280000045692
0.12788369999998395
0.12642970000069909
0.12843710000015562
0.12396030000036262
0.1258347999992111
0.11899610000000393
0.12212220000037632
0.12126549999993586
0.13735610000003362
0.12671059999956924
0.1365632999995796
0.13924690000021656
0.125375300000087
0.12695429999985208
0.12450239999998303
0.12551890000031563
0.12493820000054257
0.12107089999972231
0.1303286999991542
0.12151410000024043
0.12439329999961046
0.12549469999976282
0.1262575000000652
0.1256469999998444
0.1953745999999228
0.27180239999961486
0.26305839999986347
0.25555250000070373
0.2737941999994291
0.2480188999998063
0.3221254999998564
0.26114510000024893
0.2589165999997931
0.2674138000002131
0.27997899999991205
0.27391650000026857
0.2551902999994127
0.2596462999999858
0.27237200000035955
0.2591616999998223
0.2527939999999944
0.2542926999994961
0.2562934999996287
0.2654305000005479
0.2494568000001891
0.26129280000077415
0.2553344999996625
0.2571370999994542
0.30593880000014906
0.2797982000001866
0.30906770000001416
0.26064920000044367
0.13022379999983968
0.1344160999997257
0.13288180000017746
0.12671950000003562
0.12860039999941364
0.12927879999915604
0.1298043000006146
0.13323339999988093
0.12929889999941224
0.12552980000054959
0.1260308000000805
0.13905479999993986
0.126264400000764
0.1264523999998346
0.13610919999973703
0.14493119999951887
0.13350239999999758
0.1370574000002307
0.1551449999997203
0.13020869999945717
0.13540639999973791
0.14070689999971364
0.13437049999993178
0.12976619999972172
0.1265744000002087
0.12896890000047279
0.13129570000000967
0.1307491999996273
0.12590840000029857
0.1869272000003548
0.2526834999998755
0.26877149999927497
0.2570815999997649
0.25747080000019196
0.27029880000009143
0.2762964000003194
0.29531390000011015
0.27901480000036827
0.260309999999663
0.2531591999995726
0.26426830000036716
0.3103205999996135
0.28237930000068445
0.29567390000011073
0.19573969999964902
0.13317019999976765
0.1478781000005256
0.12706860000071174
0.18967140000040672
0.2743268000003809
0.2983726000002207
0.28256620000047405
0.2644522999999026
0.28067319999991014
0.3624915999998848
0.27931249999983265
0.27258809999966616
0.2585946999997759
0.2661541000006764
0.29457430000002205
0.30458180000005086
0.29623020000053657
0.38512159999936557
0.27986000000055355
0.2647570999997697
0.2817457999999533
0.2955341999995653
0.2735963000004631
0.2808073999995031
0.2662892999996984
0.2759535000004689
0.44303579999996145
0.2887615999998161
0.2841012999997474
0.2686108999996577
0.2937326999999641
0.33969539999998233
0.3192023000001427
0.33066469999994297
0.3023149000000558
0.34307130000070174
0.2682518000001437
0.2700222000003123
0.2590997999996034
0.2560544999996637
0.2661320999995951
0.27111059999970166
0.27192680000007385
0.28603079999993497
0.26602569999977277
0.25829670000075566
0.26423999999951775
0.2644095000005109
0.2694979999996576
0.29920490000040445
0.2840988000007201
0.3079031999996005
0.34561350000058155
0.4047795999995287
0.30314129999987927
0.2870952000002944
0.33060070000010455
0.2857836999992287
0.2704492000002574
0.2614405000003899
0.28611240000009275
0.27264590000049793
0.25975970000035886
0.25726010000016686
0.26324380000005476
0.26322890000028565
0.2611462999993819
0.25773039999967295
0.2716293000003134
0.2595031000000745
0.265170699999544
0.33709970000018075
0.30503700000008394
0.2721247999998013
0.25498530000004394
0.2735098000002836
0.2776357000002463
0.25403780000033294
0.2538314999992508
0.25734489999922516
0.2603058000004239
0.27500099999997474
0.2645394999999553
0.2616675999997824
0.2505590000000666
0.2655125000001135
0.2641202000004341
0.2517407999994248
0.3142059000001609
0.2482079999999769
0.2515194999996311
0.2740590000003067
0.26076649999959045
0.2790642999998454
0.2788501000004544
0.2647277000005488
0.28919049999967683
0.3412519000003158
0.30146220000005997
0.28681589999996504
0.2816381000002366
0.2707807999995566
0.26238160000048083
0.2749985000000379
0.26601750000008906
0.3493975999999748
0.2751317000002018
0.26569349999954284
0.25580469999931665
0.25725920000058977
0.25797510000029433
0.26602569999977277
0.2555841000003056
0.2469556999994893
0.25272170000062033
0.26227790000029927
0.24674310000045807
0.2405306999999084
0.24417259999972885
0.2585540000000037
0.24689159999979893
0.255136599999787
0.3296534999999494
0.2696483999998236
0.2560059999996156
0.25567790000059176
0.24500540000008186
0.24807779999991908
0.24314810000032594
0.24696420000054786
0.25567099999989296
0.25311969999984285
0.26420810000036
0.2523180999996839
0.2756480999996711
0.29049360000044544
0.2577178000001368
0.2567088000005242
0.2469081000008373
0.254937599999721
0.3072223999997732
0.24578759999985778
0.24132670000017242
0.2563299999992523
0.25486170000021957
0.2650314000002254
0.27463110000007873
0.26780170000074577
0.26437040000018897
0.2609050999999454
0.26352090000000317
0.2632698999996137
0.27044410000053176
0.30358310000065103
0.2700002999999924
0.29277430000001914
0.2940166999997018
0.2750132000001031
0.3216714999998658
0.270792899999833
0.26836160000038944
0.2915575999995781
0.2790920000006736
0.2770012000000861
0.25543220000054134
0.2655876000007993
0.26020860000062385
0.2652720000005502
0.2614488999997775
0.30515419999937876
0.25718610000058106
0.2783556000003955
0.25299100000029284
0.21310919999996258
0.13851149999936752
0.1492619000000559
0.1281730000000607
0.20344329999988986
0.2685167999998157
0.2741144000001441
0.2603368000000046
0.26684389999991254
0.25555050000002666
0.2588700999995126
0.25405490000048303
0.2582341000006636
0.2831183999996938
0.28460719999930006
0.3053003999993962
0.26674439999987953
0.25415200000043114
0.2578371999998126
0.25484920000053535
0.26501250000001164
0.2518382999996902
0.2591048000003866
0.3012644000000364
0.2731448000004093
0.26978779999990365
0.26033039999947505
0.2547295000003942
0.24693630000001576
0.25146270000004733
0.25984520000019984
0.274699700000383
0.26609189999999217
0.26981940000041504
0.2647479999995994
0.25706350000018574
0.24942129999999452
0.2545239999999467
0.276338399999986
0.24947729999985313
0.33732340000005934
0.25780889999987266
0.2660445000001346
0.2637203000003865
0.25550939999993716
0.25203739999960817
0.3503989000000729
0.2689080999998623
0.25580559999980323
0.2543833999998242
0.2619033999999374
0.2537064999996801
0.256897499999468
0.2605170000006183
0.2675705999999991
0.2544716000002154
0.2537225000005492
0.26459609999983513
0.33996980000029
0.25688029999946593
0.2586747999994259
0.2504708999995273
0.2557587000001149
0.25069859999985056
0.25491989999954967
0.2536193000005369
0.26030940000055125
0.2528050000000803
0.26532510000015463
0.25752190000002884
0.2563651000000391
0.2554133000003276
0.2835149000002275
0.2682612999997218
0.27718319999985397
0.35006479999992735
0.2735407000000123
0.26027609999982815
0.2819810000000871
0.27025940000021365
0.2602504000005865
0.2674044999994294
0.27485929999966174
0.29167859999961365
0.279020799999671
0.28184049999981653
0.2820050000000265
0.25929809999979625
0.2627128000003722
0.2809967000002871
0.29899050000040006
0.2863614999996571
0.39680029999999533
0.2696749999995518
0.2875603000002229
0.28219350000017585
0.26999240000077407
0.2646999999997206
0.27983560000029684
0.260909200000242
0.2625720000005458
0.2687404999996943
0.30735749999985273
0.2707878000001074
0.27123240000037185
0.2744529000001421
0.2957005999996909
0.265429199999744
0.2521476000001712
0.2502436000004309
0.3195880999992369
0.2445330999998987
0.2467596999995294
0.2534482000000935
0.24780600000030972
0.24617159999979776
0.26141329999973095
0.2673451999999088
0.28044560000034835
0.2690560999999434
0.27434879999964323
0.31764600000042265
0.30288930000006076
0.26496549999956187
0.26001049999922543
0.2521801000002597
0.2590061999999307
0.3010072000006403
0.2542443000002095
0.25135320000026695
0.27361110000038025
0.2893066999995426
0.2707350000000588
0.2833528999999544
0.2975252000005639
0.2800134999997681
0.25250969999979134
0.26591759999973874
0.2777706999995644
0.2605151999996451
0.2609711999994033
0.3153232000004209
0.2877213000001575
0.25841289999971195
0.32647559999986697
0.25949430000036955
0.2650285999998232
0.2594626000000062
0.2812665999999808
0.2963792000000467
0.2686032999999952
0.2742312000000311
0.12797339999997348
0.13051129999985278
0.13021909999952186
0.1256816000004619
0.12192079999931593
0.12897910000083357
0.13288039999952161
0.1291201000003639
0.1274492000002283
0.12891230000059295
0.12590819999968517
0.14816539999992528
0.128029599999536
0.13006850000056147
0.1370227999996132
0.13694829999985814
0.13262380000014673
0.13213919999998325
0.13659259999985807
0.1325014000003648
0.16396669999994629
0.355870600000344
0.2895509999998467
0.28115619999971386
0.296683500000654
0.2690102999995361
0.2919729000004736
0.338323500000115
0.2613952000001518
0.2510782000008476
0.25391550000040297
0.2506327000000965
0.2549201000001631
0.25619729999925767
0.2626901999992697
0.24969419999979436
0.30728110000018205
0.25700419999975566
0.274432600000182
0.2713017999994918
0.25129540000034467
0.2526821999999811
0.265380599999844
0.2613810000002559
0.2673277000003509
0.27322019999974145
0.25985709999986284
0.2527020999996239
0.24704920000021957
0.2137177000004158
0.1262903999995615
0.125310399999762
0.12836330000027374
0.1278913999994984
0.14165980000052514
0.12736409999979514
0.13258650000079797
0.13225320000037755
0.13570210000034422
0.12685719999990397
0.1300704000004771
0.12642770000002201
0.12375260000044364
0.13097229999948468
0.14405660000011267
0.13096969999969588
0.1293138999999428
0.13121919999957754
0.13419530000010127
0.13248209999983374
0.13396350000039092
0.1391272000000754
0.14510129999962373
0.14114559999961784
0.13599239999985002
0.13449430000036955
0.13840179999988322
0.13763829999970767
0.1433973999992304
0.13571560000036698
0.13062639999952808
0.13059570000041276
0.13498580000032234
0.1341323000006014
0.12653750000026776
0.13011749999986932
0.14983389999997598
0.1299628999995548
0.13268560000051366
0.13254809999943973
0.13400820000060776
0.13148829999954614
0.1287279000007402
0.1341005000003861
0.14246559999992314
0.1360514999996667
0.13645619999988412
0.13991520000035962
0.1341535000001386
0.13431519999994634
0.1308011000000988
0.13151399999969726
0.1322066000002451
0.1252506999999241
0.12463970000044355
0.13298170000052778
0.13977599999998347
0.1297230000000127
0.13027529999999388
0.13318439999966358
0.23216320000028645
0.2581194999993386
0.2600640000000567
0.2526969000000463
0.2645567999998093
0.2620049999995899
0.3254459999998289
0.2646944000007352
0.266375700000026
0.28004130000044825
0.2723595999996178
0.26887079999960406
0.270578800000294
0.26011540000035893
0.25829870000052324
0.24183689999972557
0.26229349999994156
0.2601420999999391
0.2725831999996444
0.2663831999998365
0.27284859999963373
0.2721381000001202
0.2629210000004605
0.25035029999980907
0.28876279999985854
0.2607465000000957
0.2614383000000089
0.26765099999920494
0.37971959999958926
0.27191469999979745
0.19335950000004232
0.14255409999987023
0.14889519999996992
0.1391978999999992
0.13694739999937156
0.13010280000071361
0.1308433000003788
0.13053630000013072
0.1274095999997371
0.13173619999997754
0.13790070000050036
0.1413407999998526
0.12993749999986903
0.13626410000051692
0.14100240000061603
0.13576910000028874
0.13076590000036958
0.13596680000046035
0.1454753999996683
0.14033330000074784
0.13823079999929178
0.13501890000043204
0.13513389999934589
0.1293273000001136
0.12822620000042662
0.13223779999952967
0.2532731999999669
0.2567345999996178
0.2659003999997367
0.2543244999997114
0.26906249999956344
0.26130689999990864
0.26711750000049506
0.25798219999978755
0.26926559999992605
0.2830829000004087
0.2811517999998614
0.2587463999998363
0.2600393000002441
0.2831750000004831
0.16239409999980126
0.1583824999997887
0.13513960000000225
0.1343790999999328
0.13471370000024763
0.13292920000003505
0.14531620000070689
0.13333650000004127
0.1328561999998783
0.1306243999997605
0.23705559999962134
0.27193910000005417
0.26577239999915037
0.2647584000005736
0.2710667999999714
0.2681576999993922
0.2750260000002527
0.2769036999998207
0.32924590000038734
0.24385679999977583
0.25748290000046836
0.25925999999981286
0.26865670000006503
0.24681220000002213
0.25882739999997284
0.26793869999983144
0.2666181999993569
0.2552243999998609
0.2595015999995667
0.2632775000001857
0.2641600999995717
0.260132500000509
0.2572527000002083
0.25673339999957534
0.2572662999991735
0.3106568999992305
0.24469260000023496
0.2653023000002577
0.2586100999997143
0.24753009999949427
0.26855279999927006
0.25413250000019616
0.2675705999999991
0.25797569999940606
0.2600884999992559
0.2538507999997819
0.26036199999998644
0.26530929999989894
0.25657260000025417
0.24745200000052137
0.2454625999998825
0.25716730000021926
0.2609753999995519
0.2474965000001248
0.3150305999997727
0.2855126999993445
0.26098910000018805
0.2625796000002083
0.25893579999956273
0.26923549999992247
0.24834509999982401
0.2645394999999553
0.25913070000024163
0.2712940000001254
0.2636862999997902
0.25020559999938996
0.310831099999632
0.284864799999923
0.2530186000003596
0.2550450999997338
0.26167179999993095
0.31833670000014536
0.254344800000581
0.26326910000079806
0.2519094999997833
0.25555480000002717
0.26002040000003035
0.2549269999999524
0.252622899999551
0.27400889999989886
0.26509509999959846
0.2837515999999596
0.14602449999983946
0.14063489999989542
0.14175210000030347
0.13368900000023132
0.13241760000073555
0.13726479999968433
0.1519226999998864
0.12801260000014736
0.12590980000004492
0.1294580000003407
0.18632359999992332
0.26378870000007737
0.26293840000016644
0.26325249999990774
0.25966280000011466
0.26069449999977223
0.2475018999994063
0.2524100000000544
0.26573929999995016
0.2683691000002
0.26628339999933814
0.26388829999996233
0.2923623000006046
0.2599688000000242
0.26186739999957354
0.2472795000003316
0.1294977999996263
0.13041400000020076
0.13162389999979496
0.17312629999923956
0.14213419999941834
0.13163839999924676
0.13301719999981287
0.16308160000062344
0.2784620000002178
0.2509668000002421
0.2534095000000889
0.2701566999994611
0.25553599999966536
0.25046519999978045
0.25958319999972446
0.27475649999996676
0.24959229999967647
0.26545510000050854
0.2724796000002243
0.2818031000006158
0.27297249999992346
0.26235600000018167
0.32316940000055183
0.26798759999928734
0.2677661999996417
0.2617473999998765
0.2628380999994988
0.2834074000002147
0.2597679999998945
0.2735800000000381
0.25803069999983563
0.26753590000043914
0.2518482999994376
0.277521699999852
0.25683610000032786
0.26493200000004435
0.25518359999932727
0.2687384999999267
0.2612518000005366
0.35299570000006497
0.2665852999998606
0.2607817999996769
0.2587661000006847
0.27238970000053087
0.2566223000003447
0.259577700000591
0.2673882999997659
0.26364190000003873
0.2590192000006937
0.2782071999999971
0.27393339999980526
0.2679993000001559
0.25109859999975015
0.25217700000030163
0.24835590000020602
0.26342079999994894
0.25053290000050765
0.2716957000002367
0.280199700000594
0.13170929999978398
0.12969610000072862
0.12738759999956528
0.13328980000005686
0.1313224999994418
0.12585460000082094
0.1319152000005488
0.1274358000000575
0.12871420000010403
0.1252991999999722
0.12358779999976832
0.12301050000041869
0.12613609999971231
0.12431680000008782
0.13418049999927462
0.13143940000009025
0.12789650000013353
0.12787359999947512
0.12819600000057108
0.1192083999994793
0.1428949000001012
0.17984749999959604
0.2699729000005391
0.2474201000004541
0.2548467000005985
0.2616361999998844
0.2556155000002036
0.24058399999921676
0.26489029999993363
0.27625350000016624
0.2710121000000072
0.26819009999962873
0.28196290000050794
0.27064289999998437
0.2705488999999943
0.26979339999979857
0.38976109999930486
0.2800961000002644
0.2772747999997591
0.2908362999996825
0.2752143999996406
0.26133610000033514
0.26821380000001227
0.260855100000299
0.2669925999998668
0.25549169999976584
0.24799810000058642
0.239197900000363
0.24978060000012192
0.24686230000042997
0.2703331000002436
0.2662735000003522
0.2964201000004323
0.270046600000569
0.2574690000001283
0.2689399000000776
0.3994029999994382
0.2938274000007368
0.2699905999998009
0.2897714000000633
0.27897810000013123
0.2689275999991878
0.28252900000006775
0.27682980000008683
0.2864151000003403
0.3040880999997171
0.2563609999997425
0.27016900000035093
0.2816607999993721
0.2684652999996615
0.2755198000004384
0.3342665999998644
0.3343064000000595
0.27447490000031394
0.27906369999982417
0.25140270000065357
0.26136610000048677
0.25686039999982313
0.26035979999960546
0.2525895999997374
0.2605733999998847
0.22662930000024062
0.12891690000014933
0.1419263999996474
0.15202049999970768
0.14782869999999093
0.13387650000004214
0.13028829999984737
0.14364519999980985
0.14261770000030083
0.22789599999941856
0.2731515000004947
0.2824751999996806
0.263071299999865
0.26300129999981436
0.2636682000002111
0.2719661000000997
0.2786079999996218
0.2650162999998429
0.2537870000005569
0.26140680000025895
0.2508883999998943
0.2543397000008554
0.2571784000001571
0.2572823000000426
0.24710239999967598
0.29915970000001835
0.25799280000046565
0.27247019999958866
0.26303980000011506
0.2594137000005503
0.2590537999994922
0.2705698999998276
0.2831507999999303
0.2504819999994652
0.24453549999998359
0.262477499999477
0.24951419999979407
0.19148310000036872
0.1295129000000088
0.1310137999998915
0.12892550000015035
0.23053950000030454
0.254858599999352
0.33175610000034794
0.3024860000004992
0.2652050999995481
0.28562239999973826
0.2736822000006214
0.2731874000000971
0.2592871999995623
0.2659964000004038
0.2697925000002215
0.25219230000038806
0.2991399000002275
0.2779480999997759
0.26280839999981254
0.2568511999998009
0.25890440000057424
0.2545800000007148
0.2666837000006126
0.3178692999999839
0.25390389999938634
0.25397979999979725
0.2668721000000005
0.2559181000005992
0.25973359999989043
0.26601920000030077
0.2601310000000012
0.2563133999992715
0.26716490000035265
0.26421359999949345
0.2656581000001097
0.2517518000004202
0.2523756000000503
0.23863189999974566
0.28258050000022195
0.27224910000040836
0.3179479000000356
0.2549877000001288
0.2651029999997263
0.25525590000052034
0.2636047000005419
0.2551357000002099
0.2774200000003475
0.2661863000002995
0.27697510000052716
0.26931150000018533
0.2745841999994809
0.26783379999960744
0.26430250000066735
0.2737073000007513
0.2676307000001543
0.25362829999994574
0.2654990999999427
0.3727832999993552
0.2849065000000337
0.275559599999724
0.2751704000002064
0.28224739999950543
0.28685459999996965
0.33312609999939014
0.26794280000012805
0.26474030000008497
0.28399069999977655
0.3031470999994781
0.2870092000002842
0.24861959999998362
0.25461119999999937
0.2471636000000217
0.2519147000002704
0.26456529999995837
0.3388072000007014
0.26788220000071306
0.25800469999921916
0.2722039999998742
0.2629236000002493
0.26657109999996464
0.2658485000001747
0.25884529999984807
0.2590967999994973
0.2604518999996799
0.2763785999995889
0.267394499999682
0.2732206999999107
0.2839764999998806
0.26757159999942814
0.2552741000008609
0.339557700000114
0.2773429999997461
0.2756186999995407
0.2706806999995024
0.29007720000026893
0.2605325000004086
0.2536887000005663
0.13584530000025552
0.134219700000358
0.13012370000069495
0.1322559000000183
0.12508450000041194
0.13063380000039615
0.1251724000003378
0.12738270000045304
0.12639359999957378
0.13086790000033943
0.1269492999999784
0.12868489999982557
0.12600860000020475
0.13005470000007335
0.1310921000003873
0.1519802000002528
0.13053229999968607
0.12676530000044295
0.1330667000001995
0.12721359999977722
0.12661719999960042
0.1320997000002535
0.12953689999994822
0.12396540000008827
0.1351598000001104
0.13206280000031256
0.12763489999997546
0.1313782999995965
0.13170070000069245
0.13038769999911892
0.12587020000046323
0.12857850000000326
0.13031510000018898
0.19387790000018867
0.26199760000054084
0.26544970000031753
0.26379480000014155
0.2843735000005836
0.2954444999995758
0.27636139999958687
0.300465900000745
0.3532952000005025
0.26541590000033466
0.2903513000001112
0.2844052999998894
0.2778718999998091
0.21344140000019252
0.14024549999976443
0.13323440000021947
0.1314576999993733
0.13044059999992896
0.13330740000037622
0.13075120000030438
0.13980370000081166
0.14866449999954057
0.27043529999991733
0.2600351999999475
0.28687360000003537
0.3450777999996717
0.2727160000004005
0.26335999999992055
0.2972180999995544
0.2673069000002215
0.2661644999998316
0.2710759000001417
0.259427300000425
0.13240099999984523
0.19419699999980367
0.25388680000014574
0.2646512999999686
0.25293800000054034
0.2547581999997419
0.25075359999937064
0.26246869999977207
0.25588909999987663
0.26438150000012683
0.26369380000051024
0.3455422000006365
0.26402219999999943
0.2581006000000343
0.2623208999993949
0.2597827999998117
0.2561999999998079
0.2632995000003575
0.16453650000039488
0.135801000000356
0.13341610000043147
0.13032550000025367
0.1263478999999279
0.1317879999996876
0.1321606999999858
0.2723999999998341
0.25939629999993485
0.2724058000003424
0.3274066000003586
0.2547539000006509
0.27608150000014575
0.26083029999972496
0.27189350000026025
0.25773729999946227
0.2610479999993913
0.2814629000004061
0.2523561999996673
0.25217960000009043
0.2705308000004152
0.267877999999655
0.25851630000033765
0.2537667999995392
0.2614130000001751
0.2724300999998377
0.258339299999534
0.3094085999991876
0.26113340000028984
0.28743479999957344
0.2583779999995386
0.2633034000000407
0.2777922999994189
0.2881130999994639
0.2772787999992943
0.31467999999949825
0.28077290000055655
0.2698785999991742
0.26734359999954904
0.27445739999984653
0.27539770000021235
0.2767831000001024
0.25429629999962344
0.2573064999996859
0.336597299999994
0.29459570000017266
0.2549802000003183
0.2545641999995496
0.24685999999928754
0.26455040000018926
0.3183971999997084
0.2712857999995322
0.2596716000007291
0.2705998000001273
0.27830810000068595
0.2914954999996553
0.2776499999999942
0.2904312000000573
0.278770999999324
0.26957409999977244
0.2735221000002639
0.30171920000066166
0.2645172000002276
0.27342959999987215
0.2813003999999637
0.2870738999999958
0.28605070000048727
0.26696050000009564
0.26247260000036476
0.26180420000036975
0.27010359999985667
0.26350170000023354
0.25915339999937714
0.3036045999997441
0.2965211000000636
0.2707538000004206
0.2760556000002907
0.27336620000005496
0.3293485000003784
0.2631640999998126
0.2704309999999168
0.27379149999978836
0.2664666999999099
0.264702400000715
0.28913050000028306
0.2917170000000624
0.27191189999939525
0.2710670999995273
0.2985159999998359
0.2877681999998458
0.2727833999997529
0.25974009999936243
0.25818449999951554
0.25122149999970134
0.2505522999999812
0.31251850000080594
0.26411600000028557
0.2733528999997361
0.2572761999999784
0.26036109999949986
0.26190330000008544
0.2936336000002484
0.2965866999993523
0.2917825000004086
0.2533371999998053
0.2557825000003504
0.2804094000002806
0.1415023999998084
0.1268622999996296
0.13248339999972814
0.13445920000049227
0.1411271000006309
0.13921659999959957
0.1321592000003875
0.13377809999929013
0.12790020000011282
0.13628719999996974
0.2711069999995743
0.2799733000001652
0.3115010000001348
0.285800300000119
0.26265460000013263
0.258046099999774
0.2631389999996827
0.2596070999998119
0.3371474000005037
0.2677898000001733
0.2846038999996381
0.29114339999978256
0.2702833000003011
0.2568383999996513
0.2714115999997375
0.28688809999948717
0.26206439999987197
0.2555587999995623
0.2727855000002819
0.3278725000000122
0.26410850000047503
0.2534756999993988
0.2583088000001226
0.2468298000003415
0.2702839999992648
0.2966942000002746
0.2869344999999157
0.28751180000017484
0.2991738999999143
0.2822209000005387
0.3037088000000949
0.2976444999994783
0.2683786000006876
0.28403029999935825
0.3045021000007182
0.28061890000026324
0.3242353000005096
0.26663840000037453
0.27438989999973273
0.2653104999999414
0.2577016999994157
0.25733039999977336
0.2632640000001629
0.2624119000001883
0.2525906999999279
0.2597252000005028
0.2515320000002248
0.2709678999999596
0.25730229999953735
0.2573651000002428
0.25909630000023753
0.2743204999997033
0.2671855000007781
0.3155206999999791
0.25753400000030524
0.2640432999996847
0.2555899999997564
0.25204829999984213
0.2550983000000997
0.25812000000041735
0.2487834000003204
0.24682969999958004
0.2528940000001967
0.2685277999999016
0.2607071000002179
0.2727767999995194
0.369419999999991
0.3057781999996223
0.27188810000006924
0.3323851000004652
0.26955939999970724
0.27579810000042926
0.26529560000017227
0.2620467999995526
0.2607563999999911
0.2793197999999393
0.2686997999999221
0.26723170000059326
0.27602959999967425
0.27084540000032575
0.25959269999930257
0.26230479999958334
0.266552000000047
0.2736066999996183
0.2646538999997574
0.28779560000020865
0.3350004000003537
0.2810711000001902
0.27180719999978464
0.27003460000014456
0.25987569999961124
0.26999379999961093
0.26076710000052117
0.25734319999992294
0.24656730000060634
0.2635626000001139
0.25372869999955583
0.26461549999930867
0.2537179000000833
0.26682810000056634
0.27017609999984415
0.26797850000002654
0.2828938000002381
0.27428239999971993
0.3343463999999585
0.27328530000067985
0.2625410999999076
0.2747168000005331
0.25826080000024376
0.2532779000002847
0.25448619999951916
0.2671761999999944
0.25540909999926953
0.2592494999998962
0.25074380000023666
0.2725649000003614
0.253390899999431
0.27499230000012176
0.25812240000050224
0.2674803999998403
0.30641000000014174
0.24880500000017491
0.2623229999999239
0.26252819999990606
0.2684294000000591
0.25293389999933424
0.27721199999996315
0.2702036999999109
0.2721167999998215
0.2768764000002193
0.2753720999999132
0.27780110000003333
0.268755200000669
0.2722192000001087
0.2694488999995883
0.28328789999977744
0.26484419999997044
0.2573242999997092
0.3062873999997464
0.2690081000000646
0.2540219000002253
0.26213599999937287
0.2706253000005745
0.2818692999999257
0.2453949000000648
0.23543360000076063
0.24286269999993237
0.27653860000009445
0.2680345999997371
0.2790663999994649
0.2642528999995193
0.16955440000037925

##############
IPOPT
##############
0.06158819999836851
0.0535612000094261
0.050592999992659315
0.04662619999726303
0.04730879999988247
0.04843730000720825
0.045717200002400205
0.06487689999630675
0.045758599997498095
0.04889210000692401
0.04317099999752827
0.047534500001347624
0.04417280000052415
0.04451310000149533
0.04301359999226406
0.06223389999649953
0.049080500000854954
0.04642990000138525
0.043578400000114925
0.04507969999394845
0.0488653000065824
0.04484770000271965
0.04517179999675136
0.047303900006227195
0.044372499993187375
0.04393729999719653
0.04373620000842493
0.04643889999715611
0.042315400001825765
0.04638710001017898
0.044227299993508495
0.04398040000523906
0.04455900000175461
0.04369279999809805
0.04771420000179205
0.04319240000040736
0.04386740000336431
0.043253800002275966
0.044869700010167435
0.04731230001198128
0.04331660000025295
0.044107200010330416
0.04399879999982659
0.04599179999786429
0.04098040000826586
0.04294669999217149
0.04401260000304319
0.04159079999953974
0.04261779999069404
0.042686299988417886
0.04374860000098124
0.042593799997121096
0.04574460000731051
0.04225720000977162
0.04300099999818485
0.042775199995958246
0.055475499990279786
0.04823190000024624
0.05133590000332333
0.04618510000000242
0.048079599990160204
0.046581100003095344
0.04703709999739658
0.04729530001350213
0.044546799996169284
0.049343999999109656
0.04670919998898171
0.043206599992117845
0.04351930000120774
0.043162100002518855
0.04887139999482315
0.04356999999436084
0.04339819999586325
0.04246110000531189
0.04502820000925567
0.047708300000522286
0.048011599996243604
0.046514899993781
0.04197269999713171
0.045424399999319576
0.04554459999781102
0.04255139999440871
0.042278300010366365
0.045305999999982305
0.04531449999194592
0.04480859999603126
0.044016400002874434
0.04515170000377111
0.04490079999959562
0.04795380000723526
0.043111599996336736
0.041103600000496954
0.04377639999438543
0.04403140000067651
0.044782900004065596
0.05805559999134857
0.04298610000114422
0.042913400000543334
0.044677199999568984
0.043128899997100234
0.04371220000030007
0.04584649999742396
0.04465159999381285
0.04497610000544228
0.04389390000142157
0.04889320000074804
0.04386950000480283
0.04652199998963624
0.04488520001177676
0.044277000008150935
0.0442913999868324
0.047524499997962266
0.04668729999684729
0.049322599996230565
0.043912399996770546
0.04898279999906663
0.04967800001031719
0.04761329999018926
0.044761500001186505
0.043658999988110736
0.04844210000010207
0.04466639999009203
0.04608050000388175
0.04839999999967404
0.04941180000605527
0.04917040000145789
0.046346899995114654
0.04462010000133887
0.04757320000499021
0.046112899988656864
0.05439190000470262
0.04716289999487344
0.04659479999099858
0.050660499997320585
0.04462440000497736
0.04596799999126233
0.046912699996028095
0.04744860000209883
0.045032499998342246
0.05018370000470895
0.0478309000027366
0.048673900004359894
0.047604499995941296
0.04632399999536574
0.043692699997336604
0.06052359999739565
0.04754439998941962
0.04802289999497589
0.046126699991873465
0.050795200004358776
0.04673450000700541
0.04771610000170767
0.05105569999432191
0.04614710000168998
0.04829530000279192
0.04708119999850169
0.04471879999618977
0.04612869999255054
0.052092600002652034
0.04722310000215657
0.04713120000087656
0.047439500005566515
0.044590299992705695
0.04687399999238551
0.04932130000088364
0.04497080000874121
0.05013850000977982
0.046479199998429976
0.047839699996984564
0.044252600011532195
0.05238229999667965
0.04688569999416359
0.04784829998970963
0.04638959998555947
0.04835709999315441
0.049126999991131015
0.049695299996528774
0.0461148000031244
0.04798260000825394
0.04727580001053866
0.044145700012450106
0.050137400001403876
0.047555700002703816
0.047415599998203106
0.04772509999747854
0.04893009999068454
0.052654200000688434
0.04494219999469351
0.0457689000031678
0.047802999994019046
0.04498700000112876
0.04634269999223761
0.04484299999603536
0.04500499999267049
0.061127199995098636
0.04714459998649545
0.048495999988517724
0.05011989999911748
0.04710680000425782
0.04877839999971911
0.04392539999389555
0.047432100007426925
0.05400030000600964
0.04714310000417754
0.04314760000852402
0.05108520000067074
0.050467299995943904
0.051386300008744
0.052169600006891415
0.05085970000072848
0.05147370000486262
0.04831949999788776
0.047376600006828085
0.04661990000749938
0.04864880000241101
0.048003200005041435
0.05031060001056176
0.045037100004265085
0.049941899997065775
0.05313070000556763
0.044972000003326684
0.04600919999938924
0.05264359999273438
0.048672199991415255
0.04715840000426397
0.047776599996723235
0.046019500005058944
0.04751109999779146
0.04752770000777673
0.04719969999860041
0.04690390000178013
0.04780699999537319
0.046155100004398264
0.04736440000124276
0.046445500003756024
0.04937619999691378
0.06505589999142103
0.05157660000259057
0.04606860000058077
0.047062300000106916
0.05074010000680573
0.04867930000182241
0.043936799993389286
0.04644170000392478
0.04577379999682307
0.04762060000211932
0.04595900001004338
0.04645829999935813
0.04413070000009611
0.04641520000586752
0.04665000000386499
0.04507149998971727
0.04448529999353923
0.043638500006636605
0.04686129999754485
0.05038780000177212
0.044396400000550784
0.04675239999778569
0.04619219999585766
0.04638580000028014
0.048719500002334826
0.047638599993661046
0.046891199992387556
0.05158980000123847
0.046907700001611374
0.049564799992367625
0.04348290000052657
0.04726730000402313
0.04556629998842254
0.04807740000251215
0.047517300001345575
0.045284599997103214
0.045632699999259785
0.056929200000013225
0.048071299999719486
0.04669139999896288
0.04580710000300314
0.04609099999652244
0.045274100004462525
0.0488236999954097
0.049796100007370114
0.04436139999597799
0.04501450000680052
0.04566730000078678
0.04579879999801051
0.045850499998778105
0.043229300004895777
0.04557280000881292
0.04335620001074858
0.04818530000920873
0.047909999993862584
0.04741470000590198
0.04497439999249764
0.04414280000491999
0.0446012000029441
0.04536309999821242
0.0446178999991389
0.04574719999800436
0.04625579999992624
0.04648859999724664
0.043466500006616116
0.04459659999702126
0.049054599992814474
0.0431825999985449
0.04365230000985321
0.046728100001928397
0.04321059999347199
0.04616389999864623
0.045855599993956275
0.04384839998965617
0.050795400005881675
0.04458570000133477
0.045445800002198666
0.04533139998966362
0.04481399999349378
0.04525110000395216
0.04565770000044722
0.04392820000066422
0.043777899991255254
0.04863180000393186
0.04598450000048615
0.04910849999578204
0.04507729999022558
0.04567390000738669
0.0470225000026403
0.0457695000077365
0.046646100003272295
0.04831779999949504
0.05121680001320783
0.04611129999102559
0.04408550000516698
0.04441699999733828
0.04454099999566097
0.0462029999907827
0.04501699999673292
0.04692169999179896
0.044425899992347695
0.04707970000163186
0.04282950000197161
0.044215000001713634
0.0458204000024125
0.04262089999974705
0.0428165000048466
0.04338329999882262
0.045172600002842955
0.04510940000182018
0.04565109999384731
0.04637749999528751
0.0424092000030214
0.0428167000063695
0.04307060000428464
0.04566530000010971
0.04665709999972023
0.056218899990199134
0.050419800012605265
0.04353330000594724
0.04527639999287203
0.044573099992703646
0.04347670001152437
0.04414060000272002
0.04452999999921303
0.043465299997478724
0.04922630000510253
0.047516600010567345
0.04473740000685211
0.043989600002532825
0.04344389999459963
0.04339399999298621
0.04433259999495931
0.042487099999561906
0.04789089999394491
0.04593209999438841
0.04822359999525361
0.046536300011212006
0.044812399995862506
0.04683439999644179
0.04473810001218226
0.04535230000328738
0.04796509999141563
0.046307600001455285
0.046757999996771105
0.04863050000858493
0.04490700000314973
0.04825810001057107
0.048033599989139475
0.04684340000676457
0.051615300006233156
0.044631299999309704
0.06020179999177344
0.051768599994829856
0.046061699991696514
0.04468120000092313
0.04670089999854099
0.04823929999838583
0.055719299998600036
0.048207799991359934
0.04573319999326486
0.046478500007651746
0.05014369999116752
0.045076499998685904
0.04527409998991061
0.05412050000450108
0.054340300004696473
0.05245670001022518
0.052019700000528246
0.0532043999992311
0.05327590000524651
0.058744199995999224
0.05846840000594966
0.059557399988989346
0.05430920000071637
0.05090689999633469
0.04877910000504926
0.04826540000794921
0.04535589998704381
0.048194200004218146
0.047379399999044836
0.050361199988401495
0.04998790001263842
0.04619769999408163
0.05312340000818949
0.04777620000822935
0.04829479999898467
0.049794000005931593
0.049114399997051805
0.04857470000570174
0.050740399994538166
0.04688150000583846
0.05927949999750126
0.06185209999966901
0.060480500003905036
0.06415170000400394
0.050415999998222105
0.048008300000219606
0.047839000006206334
0.05012660000647884
0.04560690000653267
0.04508340000757016
0.04575669999758247
0.04701520000526216
0.047517099999822676
0.0473539999948116
0.048349699995014817
0.04991149999841582
0.04636700000264682
0.04730079999717418
0.04724949999945238
0.04542699999001343
0.04647519999707583
0.05081169999903068
0.0469293999922229
0.056849100001272745
0.05211099999723956
0.04929199999605771
0.045741599999018945
0.04715569999825675
0.04929969999648165
0.04692660000000615
0.04921670000476297
0.04736560001038015
0.04707610000332352
0.048008400000981055
0.04678460001014173
0.04929269998683594
0.04590099999040831
0.0464298000006238
0.05172610000590794
0.048950099997455254
0.047286000000895
0.05086719999962952
0.05165369999303948
0.047962600001483224
0.047899600001983345
0.04800920000707265
0.04397169999720063
0.05166179999650922
0.045663200013223104
0.05270840000594035
0.04491749999579042
0.04865179999615066
0.047442499999306165
0.046288300000014715
0.047487500007264316
0.046457200005534105
0.051115499998559244
0.048177300006500445
0.04980910000449512
0.047831899995799176
0.04804500000318512
0.048698099999455735
0.045743000009679236
0.05007549999572802
0.051509299999452196
0.045187399999122135
0.04751889999897685
0.053180600007181056
0.05256720000761561
0.04947359999641776
0.05044360000465531
0.04759690001083072
0.053893399992375635
0.04700320000119973
0.04852470000332687
0.04868819999683183
0.04746079999313224
0.05034289999457542
0.04642279999097809
0.04844230000162497
0.045244300010381266
0.04754800000227988
0.046130400005495176
0.046044699993217364
0.05009420000715181
0.04857769999944139
0.04668139999557752
0.04694269999163225
0.05441850000352133
0.04572789999656379
0.049367900006473064
0.05136760001187213
0.04731809999793768
0.0515222999965772
0.046628200012492016
0.05000099999597296
0.0468064000015147
0.04618510000000242
0.05093409999972209
0.04726510000182316
0.04724440000427421
0.04818169999634847
0.048371299999416806
0.051205099996877834
0.045263099993462674
0.04975910000212025
0.04549250000854954
0.04783559999486897
0.04770579999603797
0.04573220000020228
0.05043439999280963
0.049656200004392304
0.05005170000367798
0.050267900005565025
0.047938999996404164
0.047614800001611
0.05005419999361038
0.045990999991772696
0.04744719999143854
0.05072660000587348
0.050627900011022575
0.045217099992441945
0.04708340000070166
0.046186099993065
0.050319899994065054
0.04789980000350624
0.07286580000072718
0.04738409999117721
0.05458159999398049
0.05085480000707321
0.04988830001093447
0.04841760000272188
0.05245519999880344
0.05280249999486841
0.05102319999423344
0.049024699997971766
0.052245099999709055
0.05103159999998752
0.04830270000093151
0.053600200000801124
0.04957650000869762
0.051950399996712804
0.04992020000645425
0.04660180000064429
0.046122499988996424
0.05410929999197833
0.04873469998710789
0.04675289998704102
0.046007600001757964
0.05012689999421127
0.04774010000983253
0.05737809999845922
0.048078100007842295
0.04999040000257082
0.0478648999996949
0.052196799995726906
0.04668149999633897
0.04878919999464415
0.0478131999989273
0.050696699996478856
0.04779409999900963
0.04698939999798313
0.05148989999725018
0.05106789999990724
0.05313489999389276
0.04818330000853166
0.04716550000011921
0.04910540000128094
0.04875929999980144
0.051387900006375276
0.048528600003919564
0.04808219999540597
0.04741489999287296
0.04753750000963919
0.049058899996452965
0.050814800008083694
0.050849199993535876
0.0462824999995064
0.045994900006917305
0.050173700001323596
0.04969770000025164
0.04955679998965934
0.049346300002071075
0.04724780000105966
0.04920080000010785
0.04682440000760835
0.04775000001245644
0.047360099997604266
0.04890819999855012
0.04909270000644028
0.048093699995661154
0.048117500002263114
0.04989179999392945
0.046661699991091155
0.04924639999808278
0.045092700005625375
0.049650600005406886
0.07021449999592733
0.04781219999131281
0.04835250000178348
0.04821090000041295
0.047661800010246225
0.04928690000087954
0.051550899996072985
0.048688299997593276
0.046813699998892844
0.04691790000651963
0.048456399992574006
0.047844799992162734
0.04691679999814369
0.049547100003110245
0.04898900000262074
0.048799500000313856
0.04550629999721423
0.04971520000253804
0.04797539999708533
0.04684629999974277
0.049762800001190044
0.0486901999975089
0.04571829999622423
0.048117500002263114
0.047869700007140636
0.052007799997227266
0.05111929999839049
0.04494490000070073
0.046607600001152605
0.048269699997035787
0.04769099999975879
0.04978849999315571
0.054400599998189136
0.04821239999728277
0.045070300009683706
0.05017479999514762
0.0477171999955317
0.04864069999894127
0.04737529999692924
0.05209090000425931
0.049242000008234754
0.047059700009413064
0.04889829999592621
0.04886160000751261
0.050222599995322526
0.04843190000974573
0.04856579999614041
0.048951999997370876
0.05436280000139959
0.0491526999976486
0.051772599996184
0.047055100003490224
0.05007810000097379
0.04725940000207629
0.04724719999649096
0.0472382000007201
0.05066620001161937
0.04639129999850411
0.04841099999612197
0.048790000000735745
0.04575860001205001
0.04733240000496153
0.050655200000619516
0.04956319999473635
0.04752959999314044
0.047821900006965734
0.0469065000070259
0.05451329999777954
0.04556379999849014
0.048456599994096905
0.048770800000056624
0.04787219999707304
0.05151269999623764
0.048469099987414666
0.04949050000868738
0.04893319999973755
0.04911690000153612
0.047560999999404885
0.06553559999156278
0.048436800003401004
0.04872520000208169
0.0485711000073934
0.0507830999995349
0.0460389999934705
0.048910800003795885
0.04813599999761209
0.04831700000795536
0.05338369999662973
0.046675999998115
0.04813019999710377
0.04803160000301432
0.047851199997239746
0.04874260000360664
0.05214470000646543
0.047207499999785796
0.04578349999792408
0.04800260000047274
0.04853400000138208
0.047181699992506765
0.05145339999580756
0.04840860000695102
0.05277090000163298
0.049329500005114824
0.04531689999566879
0.05039460000989493
0.05080919999454636
0.0484881000011228
0.04737899999599904
0.048703199994633906
0.04631409999274183
0.04999849999148864
0.05229150000377558
0.04733489999489393
0.04907480000110809
0.052867299993522465
0.04838649999874178
0.048870200000237674
0.048728500012657605
0.04803920000267681
0.050023400006466545
0.04790629999479279
0.04969149999669753
0.049177499997313134
0.051296000005095266
0.05495620000874624
0.04967670000041835
0.05410130000382196
0.050469499998143874
0.0560062000004109
0.052770999987842515
0.04907839999941643
0.049460299997008406
0.047515699989162385
0.047515199999907054
0.04612709999491926
0.048558199996477924
0.05036060001293663
0.04991040000459179
0.05150089999369811
0.04712649999419227
0.05016289999184664
0.05483930000627879
0.04996269999537617
0.047405999997863546
0.04930139999487437
0.0492143000010401
0.04719029999978375
0.04954459999862593
0.04987240000627935
0.051311499992152676
0.05304410000098869
0.05025949999981094
0.05355810000037309
0.05126939999172464
0.05356069999106694
0.05065549998835195
0.0484028000064427
0.04834670000127517
0.05136389999825042
0.050972299999557436
0.05051290000847075
0.051811900004395284
0.051093200003379025
0.050865600001998246
0.050698899998678826
0.052477699995506555
0.05045419999805745
0.05533599999034777
0.05054359999485314
0.049236800012295134
0.06491839999216609
0.058008000007248484
0.05416990000230726
0.052085200004512444
0.05445290000352543
0.05428860000392888
0.05970510000770446
0.05426789999182802
0.04916290000255685
0.051172200008295476
0.04892960000142921
0.04698159999679774
0.04989699998986907
0.05352679999487009
0.04791690000274684
0.05132400000002235
0.045905999999376945
0.04904529999475926
0.05136759999732021
0.05062559999350924
0.04676429998653475
0.04836470000736881
0.047166999996989034
0.04681529999652412
0.05110910000803415
0.050829600004362874
0.051858199993148446
0.04612809998798184
0.04660180000064429
0.049988900005701
0.048562600000877865
0.04948409998905845
0.046221699987654574
0.048132099997019395
0.049293499992927536
0.047372100001666695
0.050381300010485575
0.0536607000103686
0.05187080000177957
0.047915099989040755
0.048260899988235906
0.04655359999742359
0.048626299991155975
0.050667799994698726
0.046438000004854985
0.045722399998339824
0.04701379999460187
0.05033860000548884
0.04862699999648612
0.051170200007618405
0.04776570000103675
0.04685369999788236
0.046820000003208406
0.05230180000944529
0.04876360000343993
0.05515149999700952
0.047226200011209585
0.047824499997659586
0.04606979999516625
0.04814729999634437
0.04620979999890551
0.04732220000005327
0.05237489999854006
0.04817689998890273
0.05074690000037663
0.053154000008362345
0.04868439999700058
0.04872949999116827
0.049030199996195734
0.051685600003111176
0.058828399996855296
0.05439370000385679
0.04865320000681095
0.04946850000123959
0.05397560000710655
0.04869860000326298
0.050265600002603605
0.04971320000186097
0.04742170000099577
0.048416600009659305
0.0462546999915503
0.05132680000679102
0.050158399986685254
0.047478599997702986
0.046735700001590885
0.05221069999970496
0.05064289999427274
0.04727989999810234
0.047686799996881746
0.050652999998419546
0.05084770001121797
0.04859549998946022
0.04866339999716729
0.045877299999119714
0.0473399999900721
0.04676110000582412
0.05184379999991506
0.046158099998137914
0.04923780000535771
0.04844080000475515
0.04926899999554735
0.04847539999173023
0.04784210000070743
0.05196399999840651
0.049789900003816
0.053602200001478195
0.04623819999687839
0.04819039998983499
0.05039790000591893
0.050270699997781776
0.04900029998680111
0.04943260000436567
0.05158980000123847
0.04701029999705497
0.04680549999466166
0.048357499996200204
0.04851849999977276
0.053634199997759424
0.047991600004024804
0.05187370000930969
0.04769529998884536
0.04824219999136403
0.05158250000386033
0.04768550000153482
0.046457000004011206
0.050844299999880604
0.05030800000531599
0.04944909999903757
0.04707970000163186
0.04794799999217503
0.04856889999064151
0.04800039999827277
0.047841899999184534
0.050998199993046
0.05401160000474192
0.051889599999412894
0.053726599988294765
0.055704800004605204
0.05029249998915475
0.07028070000524167
0.050975099991774186
0.0485284999886062
0.05119149999518413
0.04633139999350533
0.04825539999001194
0.05324049999762792
0.05043560000194702
0.046368099996470846
0.05098159999761265
0.04585380000935402
0.04707290000806097
0.049790900011430494
0.04676399999880232
0.04769089999899734
0.0469683000119403
0.050987399998120964
0.05292039999039844
0.047875200005364604
0.04723060000105761
0.04970550000143703
0.052385300004971214
0.04716869999538176
0.04812589999346528
0.0477279000042472
0.04964669999026228
0.05021280000801198
0.04844690000754781
0.048112000004039146
0.048069199998280965
0.047500200002104975
0.049885500004165806
0.04643970000324771
0.051831599994329736
0.047415599998203106
0.049871399998664856
0.04730650001147296
0.04853270000603516
0.048911499994574115
0.04768839999451302
0.04845539999951143
0.050454700001864694
0.048035599989816546
0.04738129999896046
0.04837940000288654
0.04598650000116322
0.04806010000174865
0.048037200001999736
0.049928500011446886
0.05060170000069775
0.04899219999788329
0.048586899996735156
0.054682299989508465
0.05413810000754893
0.048498800009838305
0.04905760000110604
0.050043499999446794
0.05017089999455493
0.04671869998855982
0.04917090000526514
0.04899429999932181
0.048785499995574355
0.04892159999872092
0.04751209999085404
0.049632999987807125
0.057635999997728504
0.04566020000493154
0.04787629999918863
0.0479304000036791
0.07212559999607038
0.05015720000665169
0.047123899988946505
0.05006649999995716
0.05443150000064634
0.049283500004094094
0.04893380000430625
0.04680460000236053
0.04786069999681786
0.04868339998938609
0.04798760000267066
0.04568330000620335
0.05519769999955315
0.05166159999498632
0.055523200004245155
0.0522144999995362
0.05337540000618901
0.05311700000311248
0.053271199998562224
0.05319370000506751
0.05289180000545457
0.05262129999755416
0.050311500002862886
0.052784500003326684
0.05044099999940954
0.04890910000540316
0.04663389999768697
0.04786370000510942
0.053717800008598715
0.05256490000465419
0.04843169999367092
0.051054800002020784
0.04686869999568444
0.046463299993774854
0.049085699996794574
0.048550000006798655
0.04874280000512954
0.04880419999244623
0.04640099999960512
0.046326000010594726
0.05098770000040531
0.04818139999406412
0.04855150000366848
0.046606099989730865
0.04746439999144059
0.047330400004284456
0.05064059999131132
0.047059999997145496
0.048021099995821714
0.04820370000379626
0.04688259999966249
0.04683020000811666
0.04969179999898188
0.046987599998828955
0.04827909999585245
0.050260999996680766
0.05024470000353176
0.048683500004699454
0.04982880000898149
0.04942019999725744
0.048896799999056384
0.047140399998170324
0.04857100000663195
0.04902839999704156
0.04907690000254661
0.049464700001408346
0.04927089999546297
0.04751129999931436
0.05155910000030417
0.05376720000640489
0.05001040000934154
0.04837750000297092
0.04833540000254288
0.09299499999906402
0.07082800001080614
0.08332289999816567
0.08804289999534376
0.07948620000388473
0.09402899999986403
0.10524889999942388
0.09665000000677537
0.09027069999137893
0.08304920000955462
0.10245340000255965
0.06733050000912044
0.09087719999661203
0.08064000000013039
0.07917940001061652
0.1023360999970464
0.062371199994231574
0.09657270000025164
0.08553640000172891
0.1515337000018917
0.101249999992433
0.12565580000227783
0.11155349999899045
0.11688439999124967
0.1040142999991076
0.13041319999319967
0.0995202999911271
0.10861329999170266
0.11310539999976754
0.12454780000553001
0.11112410000350792
0.10611559999233577
0.10635040000488516
0.11572570000134874
0.11101759999291971
0.11224460000812542
0.13252610000199638
0.11386169999605045
0.11762550000275951
0.18188290001126006
0.11554509999405127
0.1029259000060847
0.12705770001048222
0.12779449998924974
0.12279639999906067
0.10309760000382084
0.13581999999587424
0.08148480000090785
0.05142749998776708
0.04978070000652224
0.05080929999530781
0.05560289999993984
0.04702649998944253
0.04882960001123138
0.05292730001383461
0.05149139999412
0.048009099991759285
0.048066200004541315
0.04888339999888558
0.049634599999990314
0.04746379998687189
0.049822700006188825
0.048158000005059876
0.05200729999342002
0.057675800009747036
0.05207350000273436
0.04773629999544937
0.049861000006785616
0.04945029999362305
0.049303299994789995
0.0493133999989368
0.04923790000611916
0.054827599989948794
0.0530914999981178
0.04897100001107901
0.0484429999924032
0.05050179999670945
0.051267999995616265
0.05077990000427235
0.04966459999559447
0.05315110000083223
0.06030190001183655
0.051207899989094585
0.049094400004833005
0.07065729999158066
0.05542079999577254
0.05216209999343846
0.05352929999935441
0.06183039999450557
0.05787320001400076
0.06512820000352804
0.05180990000371821
0.05029689999355469
0.05258619999221992
0.05303290000301786
0.05204999999841675
0.049985799996647984
0.0478274000051897
0.049630099994828925
0.05240099999355152
0.048627900003339164
0.04852820000087377
0.04908900000737049
0.048318300003302284
0.04871600000478793
0.04486900000483729
0.049547100003110245
0.05077499999606516
0.048029700003098696
0.04866580000089016
0.049123500008136034
0.05039069999475032
0.04919650001102127
0.051636800009873696
0.046819300012430176
0.04746000000159256
0.054074300001957454
0.049779799999669194
0.04803119999996852
0.04885880000074394
0.04912949999561533
0.05001220000849571
0.050805899998522364
0.04793379998591263
0.05031909998797346
0.04889960000582505
0.046876399996108375
0.046046799994655885
0.0501698000007309
0.04722060001222417
0.04885590000776574
0.04812980000860989
0.05163499999616761
0.05165110000234563
0.05325779999839142
0.050577700007124804
0.055763199998182245
0.047538700004224665
0.05121269999654032
0.04914120001194533
0.04820059999474324
0.05086699999810662
0.05074830001103692
0.05126560000644531
0.04637389999697916
0.05252689999178983
0.04891769999812823
0.06536680000135675
0.0481937000004109
0.0487866000039503
0.04838819999713451
0.04932649999682326
0.055192100000567734
0.048422000007121824
0.04876380000496283
0.053430999992997386
0.047679299997980706
0.04769599999417551
0.047051299989107065
0.047004000007291324
0.04884930000116583
0.04731500000343658
0.04608590000134427
0.047210000004270114
0.049232999997911975
0.05003790000046138
0.05294490000233054
0.049653100009891205
0.05007929999555927
0.05447930000082124
0.04824810000718571
0.05040710000321269
0.05465780000668019
0.048867899997276254
0.04785529999935534
0.04986830000416376
0.048144100001081824
0.049184999996214174
0.049187199998414144
0.05201189999934286
0.049672400011331774
0.047338599993963726
0.04972589999670163
0.04907700000330806
0.048316799991880544
0.0498576999962097
0.052131100004771724
0.049942699988605455
0.047491499994066544
0.04957050000666641
0.04771620000246912
0.050089199998183176
0.049345500010531396
0.05083860000013374
0.04859270001179539
0.04976899999019224
0.04905640000652056
0.046651099997689016
0.049457400004030205
0.04998450000130106
0.04990430000179913
0.04874030000064522
0.05197649999172427
0.04788210001424886
0.053493300001719035
0.05368349999480415
0.053432600005180575
0.047686699996120296
0.050543300007120706
0.04802670000935905
0.05122599999594968
0.04661160000250675
0.04924320000282023
0.04852309999114368
0.05014089999895077
0.04848899999342393
0.05252749999635853
0.0468894000077853
0.04949710000073537
0.054753400007029995
0.04864290000114124
0.05293429999437649
0.04982929999823682
0.04950239999743644
0.052631600003223866
0.050950599994394
0.05380550000700168
0.04670939999050461
0.07118670000636484
0.05010609999590088
0.05125669999688398
0.05210989998886362
0.054933299994445406
0.05437150000943802
0.05314080000971444
0.05176240000582766
0.05368589999852702
0.05142550000164192
0.0533488000073703
0.049576799996430054
0.05016720001003705
0.048441899998579174
0.04729619999125134
0.04753100000380073
0.04881359999126289
0.048546299993176945
0.04791689998819493
0.04950989999633748
0.04856110000400804
0.04938739999488462
0.046684600005391985
0.048115699988557026
0.04999879999377299
0.048660399988875724
0.048410499992314726
0.04986619998817332
0.04999259999021888
0.05223149999801535
0.0511259000049904
0.04544869999517687
0.05160700000124052
0.04917280000518076
0.053094200004125014
0.04806430000462569
0.04736270000285003
0.04687289999856148
0.053196199994999915
0.05025349999777973
0.051749700010987
0.04903049999848008
0.0481763999996474
0.05067300000519026
0.05209139999351464
0.04837509999924805
0.0497555000038119
0.05172309999761637
0.05298320000292733
0.05039720000058878
0.054423600013251416
0.049010000002454035
0.050064700000802986
0.045395599998300895
0.0482929999998305
0.04782189999241382
0.050305099997785874
0.047055000002728775
0.04897240000718739
0.05312209999829065
0.060156699997605756
0.048379399988334626
0.0514885000011418
0.047229899995727465
0.05021810000471305
0.049107599988928996
0.052215999996406026
0.05003470000519883
0.07299119999515824
0.05532889999449253
0.04838429999654181
0.04896780000126455
0.051676999995834194
0.05077289999462664
0.046302999995532446
0.049170099999173544
0.04842880000069272
0.049813200006610714
0.05536170001141727
0.04898690000118222
0.04976629999873694
0.04952749999938533
0.05113230001006741
0.04905020000296645
0.04846779999206774
0.05169710000336636
0.05015609999827575
0.050682499990216456
0.050055300001986325
0.05180630000540987
0.04721649999555666
0.050674800004344434
0.04765180000686087
0.04903430001286324
0.04668390000006184
0.048245400001178496
0.052305100005469285
0.04788289999123663
0.047103000004426576
0.048035200001322664
0.05332359999010805
0.04841619999206159
0.04995660000713542
0.04646479999064468
0.049324799998430535
0.05046659999061376
0.05090700001164805
0.04763679999450687
0.053814900005818345
0.0477285000088159
0.04952820000471547
0.04953190000378527
0.050609600002644584
0.0465942000009818
0.05332320000161417
0.05186759999196511
0.04981860000407323
0.050873899992438965
0.04573050000180956
0.048453499999595806
0.05054490000475198
0.04980190000787843
0.05168609999236651
0.04970749998756219
0.04795189999276772
0.050594500004081056
0.055569000003742985
0.0464096000068821
0.04760340000211727
0.05348509999748785
0.050344900009804405
0.05364460000419058
0.04978690001007635
0.06906959999469109
0.05345740000484511
0.049336500000208616
0.051015200006077066
0.050761200007400475
0.05482040000788402
0.05038319999584928
0.053021600004285574
0.05113579999306239
0.05425149999791756
0.053439800001797266
0.053573500001220964
0.05441959999734536
0.054798099998151883
0.0532155000109924
0.052438300001085736
0.047151500009931624
0.04848110000602901
0.049234300007810816
0.050161799998022616
0.04748350000591017
0.056669700003112666
0.05092229999718256
0.04849040000408422
0.050691700002062134
0.05102449998958036
0.05052839999552816
0.050508100001025014
0.048366899995016865
0.04785919999994803
0.052734099997906014
0.05407359999662731
0.05141050000383984
0.05206519999774173
0.05209660000400618
0.047294100004364736
0.04931580000265967
0.051291600000695325
0.05619249999290332
0.04964800000016112
0.0508313000027556
0.04918040000484325
0.04973430000245571
0.04971289999957662
0.04966520000016317
0.04756920000363607
0.050335500010987744
0.04762529999425169
0.04914850000932347
0.04789610000443645
0.05221059999894351
0.048828600003616884
0.048526099999435246
0.04884689999744296
0.05606610000540968
0.04970519999915268
0.0522659999987809
0.049100499993073754
0.04812520000268705
0.051267200004076585
0.04980759999307338
0.047275799995986745
0.052075400002649985
0.05190559999027755
0.049675200003548525
0.04943940001248848
0.0464157999958843
0.05201150001084898
0.04682800000591669
0.048066799994558096
0.051224299997556955
0.05155899999954272
0.05079769999429118
0.05146319999767002
0.05003339999529999
0.046641499997349456
0.04814579999947455
0.0478787000029115
0.05213809999986552
0.047807000009925105
0.04907709998951759
0.04834360000677407
0.054804400002467446
0.04899749999458436
0.04778969999460969
0.06913190000341274
0.05132600000069942
0.054290299987769686
0.0500060000049416
0.05057469999883324
0.04619069999898784
0.04793829999107402
0.04964070000278298
0.046119399994495325
0.046906300005503
0.0477487000025576
0.049397399998269975
0.04955110000446439
0.05338620000111405
0.05071710000629537
0.05181379998975899
0.049425500008510426
0.05290399999648798
0.05009040000732057
0.05194920000212733
0.05032310000387952
0.05437220000021625
0.049402000004192814
0.047488399999565445
0.04907909999019466
0.04945209999277722
0.05029840000497643
0.049140999995870516
0.05013699999835808
0.048680899999453686
0.053365300002042204
0.053125999998883344
0.046752599999308586
0.04720709999674
0.048695300007238984
0.04876300001342315
0.047996499997680075
0.04671979999693576
0.047568399997544475
0.05092589999549091
0.04969559999881312
0.048058800006401725
0.04791520000435412
0.047219300002325326
0.0493370999902254
0.048113099997863173
0.04736359999515116
0.047403400007169694
0.0550336000014795
0.0527616999897873
0.046351400000276044
0.04750739999872167
0.050007199999527074
0.05077819999132771
0.04890729999169707
0.05175070000404958
0.04692439999780618
0.05103869999584276
0.049444199990830384
0.04820659999677446
0.0526116999972146
0.04807220000657253
0.050609600002644584
0.04630669999460224
0.04899929999373853
0.04898009999305941
0.05493709999427665
0.0472064999921713
0.048846199992112815
0.052032499996130355
0.05019870000251103
0.04918889999680687
0.05343489999359008
0.04756199999246746
0.050691600001300685
0.05032579999533482
0.04807829999481328
0.05167260000598617
0.04861719999462366
0.04970020000473596
0.04893839999567717
0.057243200004450046
0.0497421000036411
0.07148109999252483
0.05707310000434518
0.053565700000035577
0.05164140000124462
0.05308159999549389
0.05271499999798834
0.053446800011442974
0.05134819999511819
0.05151299999852199
0.051301500003319234
0.05863489999319427
0.05151589999150019
0.049864000000525266
0.04888299999583978
0.05135360000713263
0.04980020000948571
0.05211799999233335
0.04935710001154803
0.05724950000876561
0.05008359999919776
0.0499573999986751
0.05317539999668952
0.052276100002927706
0.05196679999062326
0.049465599993709475
0.04835740000999067
0.04963700000371318
0.04882979999820236
0.05512770000495948
0.05031260001123883
0.050439000013284385
0.05157859998871572
0.05579480000596959
0.054055399989010766
0.050629399993340485
0.05075829999987036
0.052598499998566695
0.053319200000260025
0.051352399997995235
0.04996200000459794
0.054267700004857033
0.0491526999976486
0.05227519999607466
0.05030750000150874
0.05001259999698959
0.050398500010487624
0.06055059999926016
0.05811490000633057
0.051305700006196275
0.05198400000517722
0.05555160000221804
0.053209700010484084
0.05289880000054836
0.05347869999241084
0.05171669999253936
0.05068519999622367
0.05326790000253823
0.05019979999633506
0.07523449999280274
0.06722040000022389
0.0719325999962166
0.061076400001184084
0.06288630000199191
0.06587219999346416
0.06877990000066347
0.055867000002763234
0.04786289999901783
0.04981170000974089
0.050558899994939566
0.051175400003558025
0.05116730000008829
0.048584599993773736
0.0529203000041889
0.050367300005746074
0.05104729998856783
0.051830200012773275
0.05056069999409374
0.05427459999918938
0.05250779999187216
0.049667700004647486
0.0555404000042472
0.05487839999841526
0.05263020000711549
0.0569446000008611
0.05178419999720063
0.050103200002922677
0.04893860001175199
0.047527599992463365
0.05090390000259504
0.047659700008807704
0.04798210000444669
0.05003050000232179
0.05014570000639651
0.04961070000717882
0.04863779999141116
0.056503400002839044
0.05071509999106638
0.04842460001236759
0.050350699995760806
0.050510100001702085
0.05341140000382438
0.058324900004663505
0.055254999999306165
0.05465970000659581
0.061560100002679974
0.05113060001167469
0.056539400000474416
0.052142900007311255
0.04895720000786241
0.04905240000516642
0.05209800000011455
0.05181319999974221
0.05469210000592284
0.05445889999100473
0.05311290000099689
0.05138349998742342
0.06940059999760706
0.06694790000619832
0.05990010000823531
0.061736200004816055
0.061371799994958565
0.05521579999185633
0.05604739999398589
0.0582804000005126
0.05822439999610651
0.05604199999652337
0.052276999995228834
0.04895340000803117
0.0589697000104934
0.05657939999946393
0.05145559999800753
0.05442909999692347
0.0518970000121044
0.053771899998537265
0.05044819999602623
0.05140660000324715
0.050959700005478226
0.052177000005031005
0.056697099993471056
0.058780299994396046
0.05086430000665132
0.051767800003290176
0.05188769999949727
0.04829849999805447
0.05087150000326801
0.05049759999383241
0.055235499996342696
0.05137040000408888
0.052964299989980645
0.0479407000093488
0.05095400000573136
0.04783550000865944
0.050176899996586144
0.0494613000046229
0.05030990000523161
0.04941640001197811
0.04966669999703299
0.04884950000268873
0.05015090000233613
0.0514201000041794
0.04900100000668317
0.04730360000394285
0.046812199987471104
0.05032490000303369
0.04861230000096839
0.049987899998086505
0.04860900000494439
0.051176099994336255
0.047655100002884865
0.053907499997876585
0.05006750000757165
0.04742139999871142
0.0481226000119932
0.05060580000281334
0.05033630000252742
0.04992639999545645
0.04766830000153277
0.05184260000532959
0.05086400000436697
0.04893259999516886
0.05045709999103565
0.048858199996175244
0.05076810000173282
0.05011720000766218
0.04602909999084659
0.04779920000873972
0.04853550001280382
0.054019199989852495
0.04684889999043662
0.04766000001109205
0.0522824999934528
0.04839719999290537
0.05529610000667162
0.0514231999986805
0.04887840000446886
0.04843910000636242
0.0560000000114087
0.07256450000568293
0.050939099994138815
0.04670179999084212
0.05589550000149757
0.05005590000655502
0.04699350000009872
0.04758810000203084
0.05017109999607783
0.04986440000357106
0.04822890000650659
0.049341000005370006
0.0498131999920588
0.04617539999890141
0.04793499999505002
0.049619700002949685
0.04707109999435488
0.053571999989799224
0.05223419998947065
0.051136900001438335
0.046070299998973496
0.05098629998974502
0.05096560000674799
0.04735860000073444
0.048006199998781085
0.05261869999230839
0.04623970000830013
0.04945649999717716
0.04979399999137968
0.05110640000202693
0.05164580000564456
0.04746129999693949
0.052208799999789335
0.04723349999403581
0.04905409998900723
0.04726769999251701
0.051271700009237975
0.04817179999372456
0.049216599989449605
0.05071519999182783
0.05197570000018459
0.049518999992869794
0.04921839998860378
0.04719979999936186
0.04941389999294188
0.04843239999900106
0.04830940000829287
0.0470223000011174
0.05592949999845587
0.04971920000389218
0.05356860000756569
0.048640199995134026
0.049224199989112094
0.050843300006818026
0.04929249999986496
0.04675979999592528
0.0507995999942068
0.05481459999282379
0.050619200002984144
0.04813070000091102
0.06806389999110252
0.05075120000401512
0.05003790000046138
0.04990449998877011
0.05238540000573266
0.06044370000017807
0.06037099999957718
0.05556720000458881
0.05695749999722466
0.056681900008697994
0.05472840000584256
0.053599200007738546
0.0527732000045944
0.05272069999773521
0.05494889999681618
0.05324190000828821
0.051903400002629496
0.04892380000092089
0.05068559999926947
0.05088899999100249
0.048999600010574795
0.047498799991444685
0.05243070000142325
0.05268709998927079
0.04691330000059679
0.051521200002753176
0.048371500000939704
0.04879919999802951
0.048113099997863173
0.04818879999220371
0.0485459999908926
0.051233200007118285
0.04915709998749662
0.05221589999564458
0.05341920000500977
0.04969280000659637
0.048252799999318086
0.04979260000982322
0.04890789999626577
0.046690299990586936
0.05052360000263434
0.051211700003477745
0.05202109999663662
0.04838449999806471
0.05033800000092015
0.04669580000336282
0.049898799989023246
0.04803610000817571
0.04732959999819286
0.047100900002988055
0.05064970000239555
0.05278899999393616
0.050281399991945364
0.06757179999840446
0.04830180000863038
0.04789859999436885
0.048975900004734285
0.0481768000026932
0.046212700006435625
0.05299349999404512
0.04831930001091678
0.05010300000139978
0.047706899989861995
0.04725079999479931
0.04833519998646807
0.0463333999941824
0.047928500003763475
0.04857800000172574
0.04975560000457335
0.04827990000194404
0.04874060000292957
0.05218139999487903
0.04709720000391826
0.048862399999052286
0.049041999998735264
0.04616130000795238
0.04863399999157991
0.05155199998989701
0.04772659999434836
0.04612329999508802
0.047597099997801706
0.05205329999444075
0.047255600002245046
0.047589800000423566
0.04760320000059437
0.05068450000544544
0.047132100007729605
0.0480630999954883
0.04546940000727773
0.045940199997858144
0.04695309999806341
0.0457204999984242
0.048760899997432716
0.04960369999753311
0.0459164000058081
0.05043400000431575
0.04932609999377746
0.04639370000222698
0.04640270001254976
0.048756799995317124
0.04518169999937527
0.04572039999766275
0.04802919999929145
0.051814599995850585
