<?xml version="1.0" encoding="UTF-8"?>
<kml xmlns="http://www.opengis.net/kml/2.2" xmlns:gx="http://www.google.com/kml/ext/2.2" xmlns:kml="http://www.opengis.net/kml/2.2" xmlns:atom="http://www.w3.org/2005/Atom">
<Document>
	<name>SSC ROUTE FINAL.kmz</name>
	<gx:CascadingStyle kml:id="__managed_style_2CFC697A2C411A0E9FE3_highlight">
		<styleUrl>https://earth.google.com/balloon_components/base/1.1.0.0/card_template.kml#main</styleUrl>
		<Style>
			<IconStyle>
				<scale>1.2</scale>
				<Icon>
					<href>https://earth.google.com/earth/document/icon?color=1976d2&amp;id=2000&amp;scale=4</href>
				</Icon>
				<hotSpot x="64" y="128" xunits="pixels" yunits="insetPixels"/>
			</IconStyle>
			<LineStyle>
				<color>ff36e918</color>
				<width>6</width>
			</LineStyle>
			<PolyStyle>
				<color>40ffffff</color>
			</PolyStyle>
		</Style>
	</gx:CascadingStyle>
	<gx:CascadingStyle kml:id="__managed_style_2CFC697A2C411A0E9FE3_normal">
		<styleUrl>https://earth.google.com/balloon_components/base/1.1.0.0/card_template.kml#main</styleUrl>
		<Style>
			<IconStyle>
				<Icon>
					<href>https://earth.google.com/earth/document/icon?color=1976d2&amp;id=2000&amp;scale=4</href>
				</Icon>
				<hotSpot x="64" y="128" xunits="pixels" yunits="insetPixels"/>
			</IconStyle>
			<LineStyle>
				<color>ff36e918</color>
				<width>4</width>
			</LineStyle>
			<PolyStyle>
				<color>40ffffff</color>
			</PolyStyle>
		</Style>
	</gx:CascadingStyle>
	<gx:CascadingStyle kml:id="__managed_style_4D91E45090411A0E9FE4_highlight">
		<styleUrl>https://earth.google.com/balloon_components/base/1.1.0.0/card_template.kml#main</styleUrl>
		<Style>
			<IconStyle>
				<scale>1.2</scale>
				<Icon>
					<href>https://earth.google.com/earth/document/icon?color=61ff58&amp;id=2000&amp;scale=4</href>
				</Icon>
				<hotSpot x="64" y="128" xunits="pixels" yunits="insetPixels"/>
			</IconStyle>
			<LineStyle>
				<color>ff2dc0fb</color>
				<width>6</width>
			</LineStyle>
			<PolyStyle>
				<color>40ffffff</color>
			</PolyStyle>
		</Style>
	</gx:CascadingStyle>
	<StyleMap id="__managed_style_4D91E45090411A0E9FE4">
		<Pair>
			<key>normal</key>
			<styleUrl>#__managed_style_4D91E45090411A0E9FE4_normal</styleUrl>
		</Pair>
		<Pair>
			<key>highlight</key>
			<styleUrl>#__managed_style_4D91E45090411A0E9FE4_highlight</styleUrl>
		</Pair>
	</StyleMap>
	<gx:CascadingStyle kml:id="__managed_style_0BAE4CF975411A0E9FE0_highlight">
		<styleUrl>https://earth.google.com/balloon_components/base/1.1.0.0/card_template.kml#main</styleUrl>
		<Style>
			<IconStyle>
				<scale>1.2</scale>
				<Icon>
					<href>https://maps.google.com/mapfiles/kml/pushpin/ylw-pushpin.png</href>
				</Icon>
			</IconStyle>
			<LineStyle>
				<width>1.5</width>
			</LineStyle>
		</Style>
	</gx:CascadingStyle>
	<StyleMap id="__managed_style_2E9AB8DC66411A0E9FE0">
		<Pair>
			<key>normal</key>
			<styleUrl>#__managed_style_2E9AB8DC66411A0E9FE0_normal</styleUrl>
		</Pair>
		<Pair>
			<key>highlight</key>
			<styleUrl>#__managed_style_2E9AB8DC66411A0E9FE0_highlight</styleUrl>
		</Pair>
	</StyleMap>
	<gx:CascadingStyle kml:id="__managed_style_063A0CCA1E411A0E9FE4_highlight">
		<styleUrl>https://earth.google.com/balloon_components/base/1.1.0.0/card_template.kml#main</styleUrl>
		<Style>
			<IconStyle>
				<scale>1.2</scale>
				<Icon>
					<href>https://earth.google.com/earth/document/icon?color=1976d2&amp;id=2000&amp;scale=4</href>
				</Icon>
				<hotSpot x="64" y="128" xunits="pixels" yunits="insetPixels"/>
			</IconStyle>
			<LineStyle>
				<color>ff12e053</color>
				<width>6</width>
			</LineStyle>
			<PolyStyle>
				<color>40ffffff</color>
			</PolyStyle>
		</Style>
	</gx:CascadingStyle>
	<StyleMap id="__managed_style_063A0CCA1E411A0E9FE4">
		<Pair>
			<key>normal</key>
			<styleUrl>#__managed_style_063A0CCA1E411A0E9FE4_normal</styleUrl>
		</Pair>
		<Pair>
			<key>highlight</key>
			<styleUrl>#__managed_style_063A0CCA1E411A0E9FE4_highlight</styleUrl>
		</Pair>
	</StyleMap>
	<gx:CascadingStyle kml:id="__managed_style_0A1D2506B8411A0E9FE1_normal">
		<styleUrl>https://earth.google.com/balloon_components/base/1.1.0.0/card_template.kml#main</styleUrl>
		<Style>
			<IconStyle>
				<Icon>
					<href>https://earth.google.com/earth/document/icon?color=1976d2&amp;id=2000&amp;scale=4</href>
				</Icon>
				<hotSpot x="64" y="128" xunits="pixels" yunits="insetPixels"/>
			</IconStyle>
			<LineStyle>
				<color>ff0cff00</color>
				<width>4</width>
			</LineStyle>
			<PolyStyle>
				<color>40ffffff</color>
			</PolyStyle>
		</Style>
	</gx:CascadingStyle>
	<gx:CascadingStyle kml:id="__managed_style_148DD00EF1411A0E9FE4_highlight">
		<styleUrl>https://earth.google.com/balloon_components/base/1.1.0.0/card_template.kml#main</styleUrl>
		<Style>
			<IconStyle>
				<scale>1.2</scale>
				<Icon>
					<href>https://earth.google.com/earth/document/icon?color=1976d2&amp;id=2000&amp;scale=4</href>
				</Icon>
				<hotSpot x="64" y="128" xunits="pixels" yunits="insetPixels"/>
			</IconStyle>
			<LineStyle>
				<color>ff7f0000</color>
				<width>6</width>
			</LineStyle>
			<PolyStyle>
				<color>40ffffff</color>
			</PolyStyle>
		</Style>
	</gx:CascadingStyle>
	<gx:CascadingStyle kml:id="__managed_style_18C1A5F925411A0E9FE0_normal">
		<styleUrl>https://earth.google.com/balloon_components/base/1.1.0.0/card_template.kml#main</styleUrl>
		<Style>
			<IconStyle>
				<Icon>
					<href>https://earth.google.com/earth/document/icon?color=1976d2&amp;id=2000&amp;scale=4</href>
				</Icon>
				<hotSpot x="64" y="128" xunits="pixels" yunits="insetPixels"/>
			</IconStyle>
			<LineStyle>
				<color>ff55f74d</color>
				<width>4</width>
			</LineStyle>
			<PolyStyle>
				<color>40ffffff</color>
			</PolyStyle>
		</Style>
	</gx:CascadingStyle>
	<gx:CascadingStyle kml:id="__managed_style_6345F8BAFB411A0E9FE4_normal">
		<styleUrl>https://earth.google.com/balloon_components/base/1.1.0.0/card_template.kml#main</styleUrl>
		<Style>
			<IconStyle>
				<Icon>
					<href>https://maps.google.com/mapfiles/kml/pushpin/ylw-pushpin.png</href>
				</Icon>
			</IconStyle>
			<ListStyle>
				<ItemIcon>
					<state>open</state>
				</ItemIcon>
				<ItemIcon>
					<state>closed</state>
				</ItemIcon>
			</ListStyle>
		</Style>
	</gx:CascadingStyle>
	<gx:CascadingStyle kml:id="__managed_style_3929845128411A0E9FE4_highlight">
		<styleUrl>https://earth.google.com/balloon_components/base/1.1.0.0/card_template.kml#main</styleUrl>
		<Style>
			<IconStyle>
				<scale>1.2</scale>
				<Icon>
					<href>https://earth.google.com/earth/document/icon?color=82f043&amp;id=2000&amp;scale=4</href>
				</Icon>
				<hotSpot x="64" y="128" xunits="pixels" yunits="insetPixels"/>
			</IconStyle>
			<LineStyle>
				<color>ff2dc0fb</color>
				<width>6</width>
			</LineStyle>
			<PolyStyle>
				<color>40ffffff</color>
			</PolyStyle>
		</Style>
	</gx:CascadingStyle>
	<gx:CascadingStyle kml:id="__managed_style_2E9AB8DC66411A0E9FE0_normal">
		<styleUrl>https://earth.google.com/balloon_components/base/1.1.0.0/card_template.kml#main</styleUrl>
		<Style>
			<IconStyle>
				<Icon>
					<href>https://earth.google.com/earth/document/icon?color=5fff58&amp;id=2000&amp;scale=4</href>
				</Icon>
				<hotSpot x="64" y="128" xunits="pixels" yunits="insetPixels"/>
			</IconStyle>
			<LineStyle>
				<color>ff2dc0fb</color>
				<width>4</width>
			</LineStyle>
			<PolyStyle>
				<color>40ffffff</color>
			</PolyStyle>
		</Style>
	</gx:CascadingStyle>
	<StyleMap id="__managed_style_3929845128411A0E9FE4">
		<Pair>
			<key>normal</key>
			<styleUrl>#__managed_style_3929845128411A0E9FE4_normal</styleUrl>
		</Pair>
		<Pair>
			<key>highlight</key>
			<styleUrl>#__managed_style_3929845128411A0E9FE4_highlight</styleUrl>
		</Pair>
	</StyleMap>
	<gx:CascadingStyle kml:id="__managed_style_1B1197F323411A65F904_normal">
		<styleUrl>https://earth.google.com/balloon_components/base/1.1.0.0/card_template.kml#main</styleUrl>
		<Style>
			<IconStyle>
				<Icon>
					<href>https://earth.google.com/earth/document/icon?color=1976d2&amp;id=2000&amp;scale=4</href>
				</Icon>
				<hotSpot x="64" y="128" xunits="pixels" yunits="insetPixels"/>
			</IconStyle>
			<LineStyle>
				<color>ff00ff00</color>
				<width>4</width>
			</LineStyle>
			<PolyStyle>
				<color>40ffffff</color>
			</PolyStyle>
		</Style>
	</gx:CascadingStyle>
	<gx:CascadingStyle kml:id="__managed_style_108A0576B4411A0E9FE3_normal">
		<styleUrl>https://earth.google.com/balloon_components/base/1.1.0.0/card_template.kml#main</styleUrl>
		<Style>
			<IconStyle>
				<Icon>
					<href>https://earth.google.com/earth/document/icon?color=1976d2&amp;id=2000&amp;scale=4</href>
				</Icon>
				<hotSpot x="64" y="128" xunits="pixels" yunits="insetPixels"/>
			</IconStyle>
			<LineStyle>
				<color>ff3ef55e</color>
				<width>4</width>
			</LineStyle>
			<PolyStyle>
				<color>40ffffff</color>
			</PolyStyle>
		</Style>
	</gx:CascadingStyle>
	<gx:CascadingStyle kml:id="__managed_style_3929845128411A0E9FE4_normal">
		<styleUrl>https://earth.google.com/balloon_components/base/1.1.0.0/card_template.kml#main</styleUrl>
		<Style>
			<IconStyle>
				<Icon>
					<href>https://earth.google.com/earth/document/icon?color=82f043&amp;id=2000&amp;scale=4</href>
				</Icon>
				<hotSpot x="64" y="128" xunits="pixels" yunits="insetPixels"/>
			</IconStyle>
			<LineStyle>
				<color>ff2dc0fb</color>
				<width>4</width>
			</LineStyle>
			<PolyStyle>
				<color>40ffffff</color>
			</PolyStyle>
		</Style>
	</gx:CascadingStyle>
	<gx:CascadingStyle kml:id="__managed_style_58C4115D39411A0E9FE4_highlight">
		<styleUrl>https://earth.google.com/balloon_components/base/1.1.0.0/card_template.kml#main</styleUrl>
		<Style>
			<IconStyle>
				<scale>1.2</scale>
				<Icon>
					<href>https://earth.google.com/earth/document/icon?color=70ff58&amp;id=2000&amp;scale=4</href>
				</Icon>
				<hotSpot x="64" y="128" xunits="pixels" yunits="insetPixels"/>
			</IconStyle>
			<LineStyle>
				<color>ff2dc0fb</color>
				<width>6</width>
			</LineStyle>
			<PolyStyle>
				<color>40ffffff</color>
			</PolyStyle>
		</Style>
	</gx:CascadingStyle>
	<StyleMap id="__managed_style_2CFC697A2C411A0E9FE3">
		<Pair>
			<key>normal</key>
			<styleUrl>#__managed_style_2CFC697A2C411A0E9FE3_normal</styleUrl>
		</Pair>
		<Pair>
			<key>highlight</key>
			<styleUrl>#__managed_style_2CFC697A2C411A0E9FE3_highlight</styleUrl>
		</Pair>
	</StyleMap>
	<gx:CascadingStyle kml:id="__managed_style_58C4115D39411A0E9FE4_normal">
		<styleUrl>https://earth.google.com/balloon_components/base/1.1.0.0/card_template.kml#main</styleUrl>
		<Style>
			<IconStyle>
				<Icon>
					<href>https://earth.google.com/earth/document/icon?color=70ff58&amp;id=2000&amp;scale=4</href>
				</Icon>
				<hotSpot x="64" y="128" xunits="pixels" yunits="insetPixels"/>
			</IconStyle>
			<LineStyle>
				<color>ff2dc0fb</color>
				<width>4</width>
			</LineStyle>
			<PolyStyle>
				<color>40ffffff</color>
			</PolyStyle>
		</Style>
	</gx:CascadingStyle>
	<gx:CascadingStyle kml:id="__managed_style_148DD00EF1411A0E9FE4_normal">
		<styleUrl>https://earth.google.com/balloon_components/base/1.1.0.0/card_template.kml#main</styleUrl>
		<Style>
			<IconStyle>
				<Icon>
					<href>https://earth.google.com/earth/document/icon?color=1976d2&amp;id=2000&amp;scale=4</href>
				</Icon>
				<hotSpot x="64" y="128" xunits="pixels" yunits="insetPixels"/>
			</IconStyle>
			<LineStyle>
				<color>ff7f0000</color>
				<width>4</width>
			</LineStyle>
			<PolyStyle>
				<color>40ffffff</color>
			</PolyStyle>
		</Style>
	</gx:CascadingStyle>
	<StyleMap id="__managed_style_148DD00EF1411A0E9FE4">
		<Pair>
			<key>normal</key>
			<styleUrl>#__managed_style_148DD00EF1411A0E9FE4_normal</styleUrl>
		</Pair>
		<Pair>
			<key>highlight</key>
			<styleUrl>#__managed_style_148DD00EF1411A0E9FE4_highlight</styleUrl>
		</Pair>
	</StyleMap>
	<gx:CascadingStyle kml:id="__managed_style_1B1197F323411A65F904_highlight">
		<styleUrl>https://earth.google.com/balloon_components/base/1.1.0.0/card_template.kml#main</styleUrl>
		<Style>
			<IconStyle>
				<scale>1.2</scale>
				<Icon>
					<href>https://earth.google.com/earth/document/icon?color=1976d2&amp;id=2000&amp;scale=4</href>
				</Icon>
				<hotSpot x="64" y="128" xunits="pixels" yunits="insetPixels"/>
			</IconStyle>
			<LineStyle>
				<color>ff00ff00</color>
				<width>6</width>
			</LineStyle>
			<PolyStyle>
				<color>40ffffff</color>
			</PolyStyle>
		</Style>
	</gx:CascadingStyle>
	<gx:CascadingStyle kml:id="__managed_style_108A0576B4411A0E9FE3_highlight">
		<styleUrl>https://earth.google.com/balloon_components/base/1.1.0.0/card_template.kml#main</styleUrl>
		<Style>
			<IconStyle>
				<scale>1.2</scale>
				<Icon>
					<href>https://earth.google.com/earth/document/icon?color=1976d2&amp;id=2000&amp;scale=4</href>
				</Icon>
				<hotSpot x="64" y="128" xunits="pixels" yunits="insetPixels"/>
			</IconStyle>
			<LineStyle>
				<color>ff3ef55e</color>
				<width>6</width>
			</LineStyle>
			<PolyStyle>
				<color>40ffffff</color>
			</PolyStyle>
		</Style>
	</gx:CascadingStyle>
	<gx:CascadingStyle kml:id="__managed_style_063A0CCA1E411A0E9FE4_normal">
		<styleUrl>https://earth.google.com/balloon_components/base/1.1.0.0/card_template.kml#main</styleUrl>
		<Style>
			<IconStyle>
				<Icon>
					<href>https://earth.google.com/earth/document/icon?color=1976d2&amp;id=2000&amp;scale=4</href>
				</Icon>
				<hotSpot x="64" y="128" xunits="pixels" yunits="insetPixels"/>
			</IconStyle>
			<LineStyle>
				<color>ff12e053</color>
				<width>4</width>
			</LineStyle>
			<PolyStyle>
				<color>40ffffff</color>
			</PolyStyle>
		</Style>
	</gx:CascadingStyle>
	<StyleMap id="__managed_style_1B1197F323411A65F904">
		<Pair>
			<key>normal</key>
			<styleUrl>#__managed_style_1B1197F323411A65F904_normal</styleUrl>
		</Pair>
		<Pair>
			<key>highlight</key>
			<styleUrl>#__managed_style_1B1197F323411A65F904_highlight</styleUrl>
		</Pair>
	</StyleMap>
	<StyleMap id="__managed_style_28F0DDAC58411A0E9FE1">
		<Pair>
			<key>normal</key>
			<styleUrl>#__managed_style_28F0DDAC58411A0E9FE1_normal</styleUrl>
		</Pair>
		<Pair>
			<key>highlight</key>
			<styleUrl>#__managed_style_28F0DDAC58411A0E9FE1_highlight</styleUrl>
		</Pair>
	</StyleMap>
	<StyleMap id="__managed_style_2CCB00B362411A0E9FE4">
		<Pair>
			<key>normal</key>
			<styleUrl>#__managed_style_2CCB00B362411A0E9FE4_normal</styleUrl>
		</Pair>
		<Pair>
			<key>highlight</key>
			<styleUrl>#__managed_style_2CCB00B362411A0E9FE4_highlight</styleUrl>
		</Pair>
	</StyleMap>
	<gx:CascadingStyle kml:id="__managed_style_6345F8BAFB411A0E9FE4_highlight">
		<styleUrl>https://earth.google.com/balloon_components/base/1.1.0.0/card_template.kml#main</styleUrl>
		<Style>
			<IconStyle>
				<scale>1.2</scale>
				<Icon>
					<href>https://maps.google.com/mapfiles/kml/pushpin/ylw-pushpin.png</href>
				</Icon>
			</IconStyle>
			<LineStyle>
				<width>1.5</width>
			</LineStyle>
			<ListStyle>
				<ItemIcon>
					<state>open</state>
				</ItemIcon>
				<ItemIcon>
					<state>closed</state>
				</ItemIcon>
			</ListStyle>
		</Style>
	</gx:CascadingStyle>
	<gx:CascadingStyle kml:id="__managed_style_0BAE4CF975411A0E9FE0_normal">
		<styleUrl>https://earth.google.com/balloon_components/base/1.1.0.0/card_template.kml#main</styleUrl>
		<Style>
			<IconStyle>
				<Icon>
					<href>https://maps.google.com/mapfiles/kml/pushpin/ylw-pushpin.png</href>
				</Icon>
			</IconStyle>
		</Style>
	</gx:CascadingStyle>
	<gx:CascadingStyle kml:id="__managed_style_2CCB00B362411A0E9FE4_normal">
		<styleUrl>https://earth.google.com/balloon_components/base/1.1.0.0/card_template.kml#main</styleUrl>
		<Style>
			<IconStyle>
				<Icon>
					<href>https://earth.google.com/earth/document/icon?color=3beb33&amp;id=2000&amp;scale=4</href>
				</Icon>
				<hotSpot x="64" y="128" xunits="pixels" yunits="insetPixels"/>
			</IconStyle>
			<LineStyle>
				<color>ff2dc0fb</color>
				<width>4</width>
			</LineStyle>
			<PolyStyle>
				<color>40ffffff</color>
			</PolyStyle>
		</Style>
	</gx:CascadingStyle>
	<gx:CascadingStyle kml:id="__managed_style_4D91E45090411A0E9FE4_normal">
		<styleUrl>https://earth.google.com/balloon_components/base/1.1.0.0/card_template.kml#main</styleUrl>
		<Style>
			<IconStyle>
				<Icon>
					<href>https://earth.google.com/earth/document/icon?color=61ff58&amp;id=2000&amp;scale=4</href>
				</Icon>
				<hotSpot x="64" y="128" xunits="pixels" yunits="insetPixels"/>
			</IconStyle>
			<LineStyle>
				<color>ff2dc0fb</color>
				<width>4</width>
			</LineStyle>
			<PolyStyle>
				<color>40ffffff</color>
			</PolyStyle>
		</Style>
	</gx:CascadingStyle>
	<StyleMap id="__managed_style_58C4115D39411A0E9FE4">
		<Pair>
			<key>normal</key>
			<styleUrl>#__managed_style_58C4115D39411A0E9FE4_normal</styleUrl>
		</Pair>
		<Pair>
			<key>highlight</key>
			<styleUrl>#__managed_style_58C4115D39411A0E9FE4_highlight</styleUrl>
		</Pair>
	</StyleMap>
	<gx:CascadingStyle kml:id="__managed_style_1F35887578411A0E9FE1_highlight">
		<styleUrl>https://earth.google.com/balloon_components/base/1.1.0.0/card_template.kml#main</styleUrl>
		<Style>
			<IconStyle>
				<scale>1.2</scale>
				<Icon>
					<href>https://earth.google.com/earth/document/icon?color=1976d2&amp;id=2000&amp;scale=4</href>
				</Icon>
				<hotSpot x="64" y="128" xunits="pixels" yunits="insetPixels"/>
			</IconStyle>
			<LineStyle>
				<color>ff9f3f30</color>
				<width>6</width>
			</LineStyle>
			<PolyStyle>
				<color>40ffffff</color>
			</PolyStyle>
		</Style>
	</gx:CascadingStyle>
	<StyleMap id="__managed_style_0BAE4CF975411A0E9FE0">
		<Pair>
			<key>normal</key>
			<styleUrl>#__managed_style_0BAE4CF975411A0E9FE0_normal</styleUrl>
		</Pair>
		<Pair>
			<key>highlight</key>
			<styleUrl>#__managed_style_0BAE4CF975411A0E9FE0_highlight</styleUrl>
		</Pair>
	</StyleMap>
	<StyleMap id="__managed_style_1F35887578411A0E9FE1">
		<Pair>
			<key>normal</key>
			<styleUrl>#__managed_style_1F35887578411A0E9FE1_normal</styleUrl>
		</Pair>
		<Pair>
			<key>highlight</key>
			<styleUrl>#__managed_style_1F35887578411A0E9FE1_highlight</styleUrl>
		</Pair>
	</StyleMap>
	<gx:CascadingStyle kml:id="__managed_style_1E790A81DF408F687A24_normal">
		<styleUrl>https://earth.google.com/balloon_components/base/1.1.0.0/card_template.kml#main</styleUrl>
		<Style>
			<IconStyle>
				<Icon>
					<href>https://earth.google.com/earth/document/icon?color=1976d2&amp;id=2000&amp;scale=4</href>
				</Icon>
				<hotSpot x="64" y="128" xunits="pixels" yunits="insetPixels"/>
			</IconStyle>
			<LineStyle>
				<color>ff2f2fd3</color>
				<width>4</width>
			</LineStyle>
			<PolyStyle>
				<color>40ffffff</color>
			</PolyStyle>
		</Style>
	</gx:CascadingStyle>
	<StyleMap id="__managed_style_0A1D2506B8411A0E9FE1">
		<Pair>
			<key>normal</key>
			<styleUrl>#__managed_style_0A1D2506B8411A0E9FE1_normal</styleUrl>
		</Pair>
		<Pair>
			<key>highlight</key>
			<styleUrl>#__managed_style_0A1D2506B8411A0E9FE1_highlight</styleUrl>
		</Pair>
	</StyleMap>
	<gx:CascadingStyle kml:id="__managed_style_1F35887578411A0E9FE1_normal">
		<styleUrl>https://earth.google.com/balloon_components/base/1.1.0.0/card_template.kml#main</styleUrl>
		<Style>
			<IconStyle>
				<Icon>
					<href>https://earth.google.com/earth/document/icon?color=1976d2&amp;id=2000&amp;scale=4</href>
				</Icon>
				<hotSpot x="64" y="128" xunits="pixels" yunits="insetPixels"/>
			</IconStyle>
			<LineStyle>
				<color>ff9f3f30</color>
				<width>4</width>
			</LineStyle>
			<PolyStyle>
				<color>40ffffff</color>
			</PolyStyle>
		</Style>
	</gx:CascadingStyle>
	<gx:CascadingStyle kml:id="__managed_style_28F0DDAC58411A0E9FE1_normal">
		<styleUrl>https://earth.google.com/balloon_components/base/1.1.0.0/card_template.kml#main</styleUrl>
		<Style>
			<IconStyle>
				<Icon>
					<href>https://earth.google.com/earth/document/icon?color=4af115&amp;id=2003&amp;scale=4</href>
				</Icon>
				<hotSpot x="64" y="128" xunits="pixels" yunits="insetPixels"/>
			</IconStyle>
			<LineStyle>
				<color>ff2dc0fb</color>
				<width>4</width>
			</LineStyle>
			<PolyStyle>
				<color>40ffffff</color>
			</PolyStyle>
		</Style>
	</gx:CascadingStyle>
	<StyleMap id="__managed_style_6345F8BAFB411A0E9FE4">
		<Pair>
			<key>normal</key>
			<styleUrl>#__managed_style_6345F8BAFB411A0E9FE4_normal</styleUrl>
		</Pair>
		<Pair>
			<key>highlight</key>
			<styleUrl>#__managed_style_6345F8BAFB411A0E9FE4_highlight</styleUrl>
		</Pair>
	</StyleMap>
	<gx:CascadingStyle kml:id="__managed_style_2E9AB8DC66411A0E9FE0_highlight">
		<styleUrl>https://earth.google.com/balloon_components/base/1.1.0.0/card_template.kml#main</styleUrl>
		<Style>
			<IconStyle>
				<scale>1.2</scale>
				<Icon>
					<href>https://earth.google.com/earth/document/icon?color=5fff58&amp;id=2000&amp;scale=4</href>
				</Icon>
				<hotSpot x="64" y="128" xunits="pixels" yunits="insetPixels"/>
			</IconStyle>
			<LineStyle>
				<color>ff2dc0fb</color>
				<width>6</width>
			</LineStyle>
			<PolyStyle>
				<color>40ffffff</color>
			</PolyStyle>
		</Style>
	</gx:CascadingStyle>
	<gx:CascadingStyle kml:id="__managed_style_032495B086411A0E9FDF_normal">
		<styleUrl>https://earth.google.com/balloon_components/base/1.1.0.0/card_template.kml#main</styleUrl>
		<Style>
			<IconStyle>
				<Icon>
					<href>https://earth.google.com/earth/document/icon?color=ffee58&amp;id=2000&amp;scale=4</href>
				</Icon>
				<hotSpot x="64" y="128" xunits="pixels" yunits="insetPixels"/>
			</IconStyle>
			<LineStyle>
				<color>ff2dc0fb</color>
				<width>4</width>
			</LineStyle>
			<PolyStyle>
				<color>40ffffff</color>
			</PolyStyle>
		</Style>
	</gx:CascadingStyle>
	<gx:CascadingStyle kml:id="__managed_style_0A1D2506B8411A0E9FE1_highlight">
		<styleUrl>https://earth.google.com/balloon_components/base/1.1.0.0/card_template.kml#main</styleUrl>
		<Style>
			<IconStyle>
				<scale>1.2</scale>
				<Icon>
					<href>https://earth.google.com/earth/document/icon?color=1976d2&amp;id=2000&amp;scale=4</href>
				</Icon>
				<hotSpot x="64" y="128" xunits="pixels" yunits="insetPixels"/>
			</IconStyle>
			<LineStyle>
				<color>ff0cff00</color>
				<width>6</width>
			</LineStyle>
			<PolyStyle>
				<color>40ffffff</color>
			</PolyStyle>
		</Style>
	</gx:CascadingStyle>
	<StyleMap id="__managed_style_1E790A81DF408F687A24">
		<Pair>
			<key>normal</key>
			<styleUrl>#__managed_style_1E790A81DF408F687A24_normal</styleUrl>
		</Pair>
		<Pair>
			<key>highlight</key>
			<styleUrl>#__managed_style_1E790A81DF408F687A24_highlight</styleUrl>
		</Pair>
	</StyleMap>
	<StyleMap id="__managed_style_032495B086411A0E9FDF">
		<Pair>
			<key>normal</key>
			<styleUrl>#__managed_style_032495B086411A0E9FDF_normal</styleUrl>
		</Pair>
		<Pair>
			<key>highlight</key>
			<styleUrl>#__managed_style_032495B086411A0E9FDF_highlight</styleUrl>
		</Pair>
	</StyleMap>
	<StyleMap id="__managed_style_108A0576B4411A0E9FE3">
		<Pair>
			<key>normal</key>
			<styleUrl>#__managed_style_108A0576B4411A0E9FE3_normal</styleUrl>
		</Pair>
		<Pair>
			<key>highlight</key>
			<styleUrl>#__managed_style_108A0576B4411A0E9FE3_highlight</styleUrl>
		</Pair>
	</StyleMap>
	<StyleMap id="__managed_style_18C1A5F925411A0E9FE0">
		<Pair>
			<key>normal</key>
			<styleUrl>#__managed_style_18C1A5F925411A0E9FE0_normal</styleUrl>
		</Pair>
		<Pair>
			<key>highlight</key>
			<styleUrl>#__managed_style_18C1A5F925411A0E9FE0_highlight</styleUrl>
		</Pair>
	</StyleMap>
	<gx:CascadingStyle kml:id="__managed_style_032495B086411A0E9FDF_highlight">
		<styleUrl>https://earth.google.com/balloon_components/base/1.1.0.0/card_template.kml#main</styleUrl>
		<Style>
			<IconStyle>
				<scale>1.2</scale>
				<Icon>
					<href>https://earth.google.com/earth/document/icon?color=ffee58&amp;id=2000&amp;scale=4</href>
				</Icon>
				<hotSpot x="64" y="128" xunits="pixels" yunits="insetPixels"/>
			</IconStyle>
			<LineStyle>
				<color>ff2dc0fb</color>
				<width>6</width>
			</LineStyle>
			<PolyStyle>
				<color>40ffffff</color>
			</PolyStyle>
		</Style>
	</gx:CascadingStyle>
	<gx:CascadingStyle kml:id="__managed_style_18C1A5F925411A0E9FE0_highlight">
		<styleUrl>https://earth.google.com/balloon_components/base/1.1.0.0/card_template.kml#main</styleUrl>
		<Style>
			<IconStyle>
				<scale>1.2</scale>
				<Icon>
					<href>https://earth.google.com/earth/document/icon?color=1976d2&amp;id=2000&amp;scale=4</href>
				</Icon>
				<hotSpot x="64" y="128" xunits="pixels" yunits="insetPixels"/>
			</IconStyle>
			<LineStyle>
				<color>ff55f74d</color>
				<width>6</width>
			</LineStyle>
			<PolyStyle>
				<color>40ffffff</color>
			</PolyStyle>
		</Style>
	</gx:CascadingStyle>
	<gx:CascadingStyle kml:id="__managed_style_28F0DDAC58411A0E9FE1_highlight">
		<styleUrl>https://earth.google.com/balloon_components/base/1.1.0.0/card_template.kml#main</styleUrl>
		<Style>
			<IconStyle>
				<scale>1.2</scale>
				<Icon>
					<href>https://earth.google.com/earth/document/icon?color=4af115&amp;id=2003&amp;scale=4</href>
				</Icon>
				<hotSpot x="64" y="128" xunits="pixels" yunits="insetPixels"/>
			</IconStyle>
			<LineStyle>
				<color>ff2dc0fb</color>
				<width>6</width>
			</LineStyle>
			<PolyStyle>
				<color>40ffffff</color>
			</PolyStyle>
		</Style>
	</gx:CascadingStyle>
	<gx:CascadingStyle kml:id="__managed_style_2CCB00B362411A0E9FE4_highlight">
		<styleUrl>https://earth.google.com/balloon_components/base/1.1.0.0/card_template.kml#main</styleUrl>
		<Style>
			<IconStyle>
				<scale>1.2</scale>
				<Icon>
					<href>https://earth.google.com/earth/document/icon?color=3beb33&amp;id=2000&amp;scale=4</href>
				</Icon>
				<hotSpot x="64" y="128" xunits="pixels" yunits="insetPixels"/>
			</IconStyle>
			<LineStyle>
				<color>ff2dc0fb</color>
				<width>6</width>
			</LineStyle>
			<PolyStyle>
				<color>40ffffff</color>
			</PolyStyle>
		</Style>
	</gx:CascadingStyle>
	<gx:CascadingStyle kml:id="__managed_style_1E790A81DF408F687A24_highlight">
		<styleUrl>https://earth.google.com/balloon_components/base/1.1.0.0/card_template.kml#main</styleUrl>
		<Style>
			<IconStyle>
				<scale>1.2</scale>
				<Icon>
					<href>https://earth.google.com/earth/document/icon?color=1976d2&amp;id=2000&amp;scale=4</href>
				</Icon>
				<hotSpot x="64" y="128" xunits="pixels" yunits="insetPixels"/>
			</IconStyle>
			<LineStyle>
				<color>ff2f2fd3</color>
				<width>6</width>
			</LineStyle>
			<PolyStyle>
				<color>40ffffff</color>
			</PolyStyle>
		</Style>
	</gx:CascadingStyle>
	<Folder id="06AB46E79C411A0DE7D9">
		<name>My Places</name>
		<open>1</open>
		<styleUrl>#__managed_style_6345F8BAFB411A0E9FE4</styleUrl>
		<Style>
			<ListStyle>
				<listItemType>check</listItemType>
				<ItemIcon>
					<state>open</state>
					<href>mirth-vfs://a2na/files/mysavedplaces_open.png</href>
				</ItemIcon>
				<ItemIcon>
					<state>closed</state>
					<href>mirth-vfs://a2na/files/mysavedplaces_closed.png</href>
				</ItemIcon>
				<bgColor>00ffffff</bgColor>
				<maxSnippetLines>2</maxSnippetLines>
			</ListStyle>
		</Style>
		<Folder id="170477D31E411A0DE7D9">
			<name>Day 1</name>
			<visibility>0</visibility>
			<open>1</open>
			<styleUrl>#__managed_style_0BAE4CF975411A0E9FE0</styleUrl>
			<Placemark id="0B5DFA5C02408172BFE8">
				<name>Day 1  Swartruggens Dam Finish Line</name>
				<open>1</open>
				<LookAt>
					<longitude>26.69037960631919</longitude>
					<latitude>-25.66042642391424</latitude>
					<altitude>1266.89654404183</altitude>
					<heading>0</heading>
					<tilt>0</tilt>
					<gx:fovy>35</gx:fovy>
					<range>2308.645391383907</range>
					<altitudeMode>absolute</altitudeMode>
				</LookAt>
				<styleUrl>#__managed_style_032495B086411A0E9FDF</styleUrl>
				<Point>
					<coordinates>26.68913057438081,-25.66070101483606,1279.957321917813</coordinates>
				</Point>
			</Placemark>
			<Placemark id="0ECD713EF44081AE3B59">
				<name>Day 1 Boiketlong Hall Start Line</name>
				<open>1</open>
				<LookAt>
					<longitude>27.84503772538442</longitude>
					<latitude>-26.8355823854332</latitude>
					<altitude>1486.373194507312</altitude>
					<heading>0</heading>
					<tilt>0</tilt>
					<gx:fovy>35</gx:fovy>
					<range>558.073204117245</range>
					<altitudeMode>absolute</altitudeMode>
				</LookAt>
				<styleUrl>#__managed_style_032495B086411A0E9FDF</styleUrl>
				<Point>
					<coordinates>27.84598719277755,-26.83564909202053,1486.744408842774</coordinates>
				</Point>
			</Placemark>
			<Placemark id="01E0FFBF7540816FBDD9">
				<name>Day 1 Loop Turnaround</name>
				<open>1</open>
				<LookAt>
					<longitude>27.27509251774741</longitude>
					<latitude>-25.76624722899084</latitude>
					<altitude>1177.978714250895</altitude>
					<heading>0</heading>
					<tilt>0</tilt>
					<gx:fovy>35</gx:fovy>
					<range>5848.225642487524</range>
					<altitudeMode>absolute</altitudeMode>
				</LookAt>
				<styleUrl>#__managed_style_28F0DDAC58411A0E9FE1</styleUrl>
				<Point>
					<coordinates>27.27148910247183,-25.7700156230415,1192.307470864389</coordinates>
				</Point>
			</Placemark>
			<Placemark id="0103C181A04080FC7848">
				<name>Day 1 Rustenburg Highschool Control Stop</name>
				<open>1</open>
				<LookAt>
					<longitude>27.2473681114527</longitude>
					<latitude>-25.68054948153521</latitude>
					<altitude>1199.702754811501</altitude>
					<heading>0</heading>
					<tilt>0</tilt>
					<gx:fovy>35</gx:fovy>
					<range>3152.247706692433</range>
					<altitudeMode>absolute</altitudeMode>
				</LookAt>
				<styleUrl>#__managed_style_032495B086411A0E9FDF</styleUrl>
				<Point>
					<coordinates>27.24168302481365,-25.68223785804435,1207.844069867052</coordinates>
				</Point>
			</Placemark>
			<Placemark id="15AEBD3013406D4BDAB3">
				<name>10 Sept Stage 1: Boiketlong to Rustenburg</name>
				<open>1</open>
				<LookAt>
					<longitude>27.82608773352704</longitude>
					<latitude>-26.75021323225673</latitude>
					<altitude>1.515229899551329e-05</altitude>
					<heading>1.922910288165322e-09</heading>
					<tilt>0</tilt>
					<gx:fovy>35</gx:fovy>
					<range>1258.495018343137</range>
					<altitudeMode>absolute</altitudeMode>
				</LookAt>
				<styleUrl>#__managed_style_1E790A81DF408F687A24</styleUrl>
				<LineString>
					<coordinates>
						27.84604792181439,-26.83544328513927,0 27.84610740802081,-26.83492221365106,0 27.84715678572352,-26.83502978999237,0 27.84818194230614,-26.83513223186933,0 27.84877691796684,-26.8350868181891,0 27.84935660091787,-26.83501054792398,0 27.84990810428636,-26.83494142044909,0 27.85044834555602,-26.83483963751154,0 27.85078805932707,-26.83473302231311,0 27.85111481311068,-26.83461245132032,0 27.85174750955086,-26.83434619159229,0 27.85299658814075,-26.83382438156902,0 27.85444246720196,-26.8332235290637,0 27.85550331297677,-26.83285225017316,0 27.85603414612239,-26.83266525891674,0 27.85650197365184,-26.83242066206546,0 27.85696736809231,-26.83207427398498,0 27.85731565831975,-26.83170620024393,0 27.85799812238549,-26.83064590506602,0 27.8580551443973,-26.83046636568098,0 27.85801370384133,-26.83031983481668,0 27.85790663220665,-26.83025330141017,0 27.85777189708152,-26.83023867321609,0 27.85744170678941,-26.83022613827621,0 27.85707245358222,-26.83020268193844,0 27.85667677400206,-26.83013307921245,0 27.85561379293787,-26.82964956009455,0 27.85458808829314,-26.82915597705228,0 27.85338371723896,-26.82854972252559,0 27.85216698730531,-26.82796864971835,0 27.8512628820118,-26.82749353012374,0 27.85042116288111,-26.82697786827834,0 27.84936720375114,-26.82620766095262,0 27.84875705987687,-26.8256447144626,0 27.84817984764658,-26.82506979442132,0 27.84757489265414,-26.82434978376789,0 27.84704512802727,-26.8236155027458,0 27.84594085186868,-26.82180115739416,0 27.84517542763462,-26.82050692138422,0 27.84478116988961,-26.81985722100367,0 27.84438824055243,-26.81921580584322,0 27.84430991427666,-26.81891948078916,0 27.84429677027349,-26.81877188618745,0 27.844339176485,-26.8185668230792,0 27.84445559364635,-26.81820018127531,0 27.84444446205073,-26.81801955429598,0 27.84439698632953,-26.81787445699679,0 27.84428425968852,-26.81769151459132,0 27.84412584221958,-26.81754918546461,0 27.84379706400119,-26.81726472275502,0 27.8436550646694,-26.81708107916524,0 27.84362564154191,-26.81695920461852,0 27.84362254956567,-26.81684020273903,0 27.84376522254382,-26.81652281721996,0 27.84398114167905,-26.81628044589954,0 27.84432570746624,-26.81600608041529,0 27.84451119130101,-26.81586359072757,0 27.84462596304967,-26.81572396236978,0 27.84472902423364,-26.81558892971288,0 27.84478774507309,-26.81544646044919,0 27.84483740256949,-26.81513457829216,0 27.84472071924324,-26.81407430600658,0 27.84459520379311,-26.81301374330818,0 27.84450244167045,-26.81238112593061,0 27.84445347034579,-26.8120681388571,0 27.84441769646295,-26.81191247516748,0 27.84434810670824,-26.81176037464406,0 27.84418541724531,-26.8116219065805,0 27.84406783445269,-26.81157319514218,0 27.84395268567432,-26.81155729758059,0 27.84341800306763,-26.81156125738259,0 27.8428842713889,-26.81159915065014,0 27.84230211551097,-26.81165462627181,0 27.84167439273164,-26.81171001918655,0 27.84144608286646,-26.81172562715098,0 27.84122703316537,-26.81171395203209,0 27.84100970757039,-26.81167603467281,0 27.84081861964408,-26.81160851953301,0 27.8406005200962,-26.81152312360709,0 27.84042717449381,-26.81142688381311,0 27.84025356821791,-26.81131445243694,0 27.84012330715904,-26.81120054058957,0 27.84001975954054,-26.81110557470276,0 27.83994710127885,-26.81100887942905,0 27.83979205255898,-26.81080192878557,0 27.83953389598425,-26.81038693344769,0 27.83846756593779,-26.80860052798458,0 27.83539535571215,-26.80350548914181,0 27.83525038590275,-26.80313482585576,0 27.83522141716958,-26.80290824804876,0 27.83522532388655,-26.80269157753836,0 27.83541990117839,-26.80206161058372,0 27.8356449357,-26.80144277001182,0 27.83579561549828,-26.80094914257987,0 27.83582757802925,-26.80073681035892,0 27.83580046884535,-26.80053085904695,0 27.83572938714403,-26.8002903297085,0 27.8355896372574,-26.80006364847847,0 27.83547763566408,-26.79984942170249,0 27.83540767729696,-26.7997263705947,0 27.83529705771095,-26.79968560803042,0 27.83490744138816,-26.7998519670988,0 27.83451943037548,-26.80003390768133,0 27.8337448871109,-26.8004077283512,0 27.83221536468055,-26.80116346333033,0 27.83191821222255,-26.80139270525054,0 27.83173805403778,-26.80173929833861,0 27.83173047386319,-26.80195860660138,0 27.83179955249269,-26.80216221628289,0 27.83195649132709,-26.80234125047429,0 27.83208683499937,-26.80239697818419,0 27.83221967259801,-26.80244736205282,0 27.83248306089207,-26.80244379920926,0 27.83275982063173,-26.80234052492234,0 27.83294122044692,-26.80214876628602,0 27.83301451588288,-26.80194614077505,0 27.83300731129899,-26.8016741997862,0 27.8329284822566,-26.80143511356105,0 27.83243805110375,-26.80068067893102,0 27.83179895998948,-26.79960646956711,0 27.83119721812039,-26.79853421097173,0 27.83058804491776,-26.79741628555249,0 27.83031727625593,-26.79686906444392,0 27.83002287746339,-26.79632412362191,0 27.82841037421534,-26.79362497122118,0 27.82758015543122,-26.79227214076263,0 27.82718560748253,-26.79159006003121,0 27.82676846817164,-26.79090969140815,0 27.82479465015976,-26.78764933210653,0 27.82450886237728,-26.78709548040856,0 27.82430783659083,-26.78650546034739,0 27.82414039629038,-26.78589013839838,0 27.8240637541541,-26.78545517490736,0 27.8240091223997,-26.78501117915527,0 27.82398041124339,-26.78438267020737,0 27.82401354054361,-26.78377153088276,0 27.82407379670076,-26.78277033702049,0 27.82414872427614,-26.78177144518677,0 27.82428941079931,-26.77993407725539,0 27.82514490289056,-26.76747181758181,0 27.82506673905062,-26.76565457401616,0 27.82498060788566,-26.76452658069997,0 27.82491279260465,-26.76343404831451,0 27.82482842861128,-26.76227838252516,0 27.82474836734918,-26.76113112328858,0 27.82473664038008,-26.75950398280155,0 27.82482504946405,-26.75849677718777,0 27.82495150230709,-26.75755615389735,0 27.82539380152642,-26.75462246807126,0 27.82612415833773,-26.75020823964701,0 27.82634756995943,-26.74876816963346,0 27.82640535345276,-26.74840625893097,0 27.82640898605464,-26.74805476505858,0 27.82642260708261,-26.74769211006764,0 27.82640357276588,-26.74734378706032,0 27.82619211955059,-26.74637387701621,0 27.82589602013742,-26.74565555279539,0 27.82562071687381,-26.74502475323242,0 27.8249591638898,-26.74362923037367,0 27.82431219682412,-26.74226668629232,0 27.82369036955333,-26.74090911263293,0 27.82336120871742,-26.74024078971932,0 27.82308964791484,-26.73957516853843,0 27.82291090213459,-26.73892929639738,0 27.82279992083732,-26.73857079504061,0 27.82271547755014,-26.73818465047194,0 27.82239787611639,-26.73660948208228,0 27.82206659027327,-26.73503367926454,0 27.82077178159066,-26.72874959147074,0 27.81947978406843,-26.72248075437891,0 27.81928479828755,-26.72166835956298,0 27.81902373640775,-26.72084725034198,0 27.81841631531811,-26.71921190792652,0 27.81835888054083,-26.71861956873316,0 27.81832359223179,-26.71802725886855,0 27.8182308710754,-26.71684260975033,0 27.81798990752173,-26.71568942916929,0 27.81769666489246,-26.71454341268767,0 27.81737433884118,-26.71343579125437,0 27.81698401964344,-26.71234118341304,0 27.81675464616505,-26.71174743813196,0 27.81645156235808,-26.71117905616708,0 27.81610775244356,-26.71060260182623,0 27.81594231418161,-26.71031160581678,0 27.815757599483,-26.70998021645659,0 27.81429425942843,-26.70770311412915,0 27.81397239309558,-26.7071150414057,0 27.81371546304594,-26.70652290745985,0 27.81342671920389,-26.705934763271,0 27.81309976341223,-26.70535945395018,0 27.81274600300216,-26.70478325477419,0 27.81234933531544,-26.7042285797157,0 27.81163856539053,-26.70306261536648,0 27.81021362443012,-26.70077717618252,0 27.80731837454658,-26.69620391346285,0 27.80657391024767,-26.69507900671792,0 27.80586960739565,-26.69393894186706,0 27.80424579313972,-26.69177683478079,0 27.80257374547477,-26.6895816770332,0 27.8009349920657,-26.68736751703286,0 27.7993157896973,-26.68514043260657,0 27.79766060150667,-26.68293032731189,0 27.79679114064634,-26.68181375348455,0 27.79601709995661,-26.68071705605136,0 27.79437366221292,-26.67850376587741,0 27.79358852484628,-26.67749084297771,0 27.79283710764686,-26.67644947457722,0 27.79221545940565,-26.67559841847334,0 27.79193551841555,-26.67520610688621,0 27.79168602547706,-26.67481316805623,0 27.79120522563813,-26.67404517625885,0 27.79076156203931,-26.6732958118861,0 27.79038202470826,-26.67260736497857,0 27.78966155066391,-26.67110635203854,0 27.78831653478804,-26.66813278298067,0 27.78552726225057,-26.66203299791972,0 27.78418686526984,-26.6590806894087,0 27.78283416031957,-26.65615001900586,0 27.78143930839693,-26.6531138923088,0 27.78072039675395,-26.65151135085547,0 27.78000255413778,-26.64995769458301,0 27.77836537926486,-26.6464117081729,0 27.77755307559728,-26.64463992379099,0 27.7771553115008,-26.64375420209399,0 27.77675316068919,-26.64287163187988,0 27.77510380942828,-26.6392585297854,0 27.77433195592626,-26.63753202449221,0 27.774139813494,-26.6371132457036,0 27.77394051590985,-26.63666858415255,0 27.77353081337001,-26.63579480103186,0 27.77314012990755,-26.63509488899756,0 27.77270758528219,-26.63441279832695,0 27.77213937669307,-26.63376065003629,0 27.77150485660224,-26.63311840509202,0 27.77000730376826,-26.63190519625145,0 27.76928846519194,-26.63131473955228,0 27.76865219511066,-26.63069545520185,0 27.7683428365878,-26.63027913707733,0 27.76809042816086,-26.62984918796183,0 27.76772798106866,-26.62890329115532,0 27.76766970348056,-26.62831756964906,0 27.7676421769656,-26.62772031287533,0 27.76766288306983,-26.6274301658366,0 27.76771430546017,-26.62709472303576,0 27.76777768377233,-26.62682390132717,0 27.76786798844655,-26.62650621745105,0 27.76802935178086,-26.62612062053418,0 27.7682032423694,-26.62578094887957,0 27.76843039068709,-26.62542432810697,0 27.76869513491227,-26.62506304821791,0 27.76899600307837,-26.62474383242361,0 27.76929140643041,-26.62448524178755,0 27.76948448917445,-26.62431865006724,0 27.76968557302162,-26.62419067838306,0 27.76995680874354,-26.62399987380008,0 27.77026531629203,-26.62382450493462,0 27.77077954372738,-26.62359119817537,0 27.77109180449127,-26.62348125419558,0 27.77144372117245,-26.62337597120381,0 27.77207520139847,-26.62322403786728,0 27.77273225689598,-26.62304805420579,0 27.7733820531381,-26.62281610808662,0 27.77398287881299,-26.62254714629961,0 27.77452582352852,-26.62223967726571,0 27.77498575728206,-26.62194773826456,0 27.77546894393041,-26.62156516161786,0 27.77591617492199,-26.62115698042073,0 27.77639974179266,-26.62060277381221,0 27.77672718735452,-26.62023060305615,0 27.7772841779924,-26.61945460860462,0 27.77780303969168,-26.61855380301543,0 27.77824764086764,-26.61774379147734,0 27.77857254306378,-26.61701936642701,0 27.78036404515922,-26.61288299615534,0 27.78355300972871,-26.60557194364394,0 27.78509666482454,-26.60196049170693,0 27.78599105710879,-26.59995784691537,0 27.78685597621718,-26.597946021777,0 27.788389218279,-26.59440096367124,0 27.78915619674959,-26.59262025144742,0 27.78994142412733,-26.59083439458264,0 27.7907288959974,-26.58908848929978,0 27.7915780542004,-26.58736254915713,0 27.79253206645511,-26.5855959109822,0 27.79303855258892,-26.58474318094731,0 27.79368896627382,-26.58369080758956,0 27.79717602148756,-26.57812149623296,0 27.79797026792603,-26.57670360302897,0 27.79871887663076,-26.57526942679246,0 27.79944897126585,-26.5738405962028,0 27.79978479042645,-26.57305814029715,0 27.80016048088567,-26.57217729848312,0 27.80080942253289,-26.570647164274,0 27.80137983344934,-26.56908035898294,0 27.80188332302542,-26.56756597064757,0 27.80231120610347,-26.56608331955608,0 27.80270557018704,-26.56457766830485,0 27.80305121321674,-26.56307921855614,0 27.80336813538516,-26.56154552546523,0 27.80364627276459,-26.56000329787755,0 27.80585482146711,-26.54634070695619,0 27.80643210509329,-26.54293588533131,0 27.8069709780091,-26.53951042902065,0 27.80711119181045,-26.53858601345607,0 27.80717325139464,-26.53812306788721,0 27.80721583066387,-26.53748911821214,0 27.80729766235782,-26.53644578826275,0 27.80723281729582,-26.53590458743452,0 27.80709342274919,-26.53536749863233,0 27.80678567725193,-26.53467287471776,0 27.80663092147701,-26.53401491207226,0 27.80666513129821,-26.53352504200101,0 27.80684299441694,-26.53310683953842,0 27.80717673782287,-26.532449405301,0 27.80716933636501,-26.53236521877913,0 27.80712970282256,-26.53228321119099,0 27.80701270763392,-26.53214185887369,0 27.80671726094107,-26.53182856627125,0 27.80610127218331,-26.53122348893235,0 27.80482474203155,-26.52995732987764,0 27.80207749502492,-26.52705687914657,0 27.79953745707309,-26.52439091147409,0 27.79827338713724,-26.5230649981364,0 27.79764455106907,-26.52239963952244,0 27.79708983444409,-26.52171677432402,0 27.79673632226608,-26.52120891646829,0 27.7964384348368,-26.52065828405406,0 27.79615636960846,-26.52007668885874,0 27.79593351390907,-26.51949864521084,0 27.79514153411802,-26.51728683172784,0 27.79354569288454,-26.51264541254678,0 27.79197646422061,-26.50809867433109,0 27.79039431122352,-26.50359050380318,0 27.78962929092055,-26.50155601185065,0 27.78935502572913,-26.50104172320782,0 27.78905166161313,-26.50052692103953,0 27.78844301017604,-26.49952857201595,0 27.78601717103795,-26.49545622935791,0 27.78112175866096,-26.48726648200669,0 27.77491289373255,-26.47689880750761,0 27.77335229295258,-26.47434684895964,0 27.7718463706793,-26.47182241916643,0 27.76889128360984,-26.46682529508076,0 27.7680115344685,-26.46535082221709,0 27.76750001404892,-26.46469648883378,0 27.76721981778339,-26.4644049807187,0 27.76692298348794,-26.46416273320316,0 27.7663444883675,-26.46372830938783,0 27.76575047638632,-26.46335224710979,0 27.76449657320169,-26.46261878375826,0 27.76197593538824,-26.46113204744786,0 27.75655147643644,-26.45797035220066,0 27.75382930217431,-26.45635894042034,0 27.75245998500638,-26.45556551650418,0 27.75117069340672,-26.45473015898185,0 27.74999332726236,-26.45356163665165,0 27.74902773640964,-26.45249171666569,0 27.74694881825983,-26.45021361286917,0 27.7428134551879,-26.4456298805462,0 27.73832811454212,-26.44070079037454,0 27.73715247254988,-26.43941011853992,0 27.73656507679776,-26.43877173459603,0 27.73601394867768,-26.43812075301051,0 27.73493873039773,-26.43680859192255,0 27.73436838162564,-26.43616571017917,0 27.73385524932689,-26.43552169812075,0 27.72535758970434,-26.42520535884007,0 27.7169082050846,-26.41499287779839,0 27.71501232182581,-26.41270734115167,0 27.71405024720358,-26.41156822905258,0 27.71311592011822,-26.41042187155232,0 27.71216228980585,-26.40925850926191,0 27.71120519588503,-26.40809841974063,0 27.71071854247392,-26.40749780644875,0 27.71022916928459,-26.40693148540952,0 27.70918584375166,-26.40581879321548,0 27.70669920937729,-26.403195326884,0 27.70424757667787,-26.40059631991478,0 27.69936082594241,-26.39537065018645,0 27.69810984870108,-26.3940547920547,0 27.69684846323712,-26.39274543732471,0 27.69437625129257,-26.39010072493038,0 27.69312396236838,-26.38878619796128,0 27.69251480965718,-26.38814336711423,0 27.69192150312874,-26.38748762967399,0 27.69130158729501,-26.38684434425161,0 27.69069317765334,-26.38620983649524,0 27.68949791362391,-26.38489935708537,0 27.68440217334238,-26.37947386127978,0 27.68185945865941,-26.37676605687809,0 27.68055630588476,-26.37539434683771,0 27.67987515926096,-26.37467607113439,0 27.67952738289949,-26.37434411342962,0 27.67916536320295,-26.37403706583494,0 27.67879363595886,-26.37377576796182,0 27.67840937698176,-26.37356613435191,0 27.67762477474488,-26.37317061698275,0 27.67599731490065,-26.37236267401928,0 27.67272323446715,-26.37075383969634,0 27.67039800778295,-26.36962181724541,0 27.66982405653762,-26.36934167032944,0 27.66947673978544,-26.36914709166105,0 27.66925605526896,-26.36900384577092,0 27.66904099751745,-26.36883699579959,0 27.66868972255631,-26.3685412392548,0 27.66832881637929,-26.36814517617242,0 27.66802654330596,-26.36772343807995,0 27.66780370729557,-26.36732453510799,0 27.66762763086298,-26.36689769438212,0 27.66749439841251,-26.36642823368953,0 27.6674295158506,-26.36595788857625,0 27.66740508836119,-26.36551988717813,0 27.66743013088495,-26.36524717537687,0 27.66746874115275,-26.36492037396604,0 27.66771004731312,-26.36405544921025,0 27.6679685174727,-26.36318184453811,0 27.66821642951254,-26.36226364129911,0 27.66847933526107,-26.36135489384898,0 27.66872885940803,-26.36045550057395,0 27.66900768626022,-26.35949637683991,0 27.66952271090491,-26.35766102936172,0 27.6697871187918,-26.35672851793946,0 27.67004834989245,-26.35583001702754,0 27.67056376402528,-26.35397557712026,0 27.6709079407014,-26.35278369485541,0 27.67104511030861,-26.35225047274348,0 27.67114323835644,-26.35171209195654,0 27.67180259660618,-26.3461894622614,0 27.67247564324224,-26.34066024330394,0 27.67378958524766,-26.32971583938398,0 27.67514512318696,-26.31844057951712,0 27.67652300096859,-26.30713242774756,0 27.67921792861301,-26.28485969534347,0 27.68057842738111,-26.2736986368752,0 27.68125909252071,-26.26809274939335,0 27.68160688509693,-26.26509069199263,0 27.68193043926057,-26.26247098095815,0 27.68247666442652,-26.2578312696617,0 27.68276623258807,-26.25549643729866,0 27.68303308609227,-26.25318505468234,0 27.68359953494046,-26.24856087884711,0 27.68415283394709,-26.24395285426748,0 27.68435666179271,-26.24229450920592,0 27.68456585951439,-26.2406275764865,0 27.68464647555228,-26.23993503532911,0 27.68471678241145,-26.23933471287459,0 27.68528684157125,-26.23464775435754,0 27.68557960810421,-26.23236860163002,0 27.68571900690273,-26.23122669780689,0 27.68584849520385,-26.23008871653005,0 27.68599556808917,-26.22895212144712,0 27.6860612192888,-26.22838384650055,0 27.68614263809965,-26.22781552621451,0 27.68626841093602,-26.22721655133453,0 27.6864207700337,-26.22661616476921,0 27.68660533436829,-26.22597381349999,0 27.68683077409275,-26.22534394008081,0 27.68945379638993,-26.21929325992286,0 27.6901008202251,-26.21775805748491,0 27.69076626973817,-26.21622819882071,0 27.69206855089674,-26.21323568951397,0 27.69461125741474,-26.20737173086449,0 27.6959144143482,-26.20441631323339,0 27.69720606147636,-26.20148395841682,0 27.6975858192244,-26.20055684506969,0 27.697766668846,-26.2001132849149,0 27.69792385358294,-26.19966900776822,0 27.69818871612638,-26.19869600817187,0 27.69845484294207,-26.19773855257153,0 27.69911921196109,-26.19583816186703,0 27.69948313475713,-26.19484689976131,0 27.69965557740053,-26.19439399789545,0 27.69986664127291,-26.19396581129329,0 27.701151018082,-26.19196216724733,0 27.7023779173797,-26.18997198362383,0 27.70254274856206,-26.18963944009833,0 27.70265580929398,-26.18930684062552,0 27.70280604654212,-26.18843946066094,0 27.70308906079201,-26.18686978070804,0 27.70332803208385,-26.18528498595384,0 27.70364723175878,-26.18347400387989,0 27.70410953731224,-26.18068183996971,0 27.7046183854535,-26.17758786848797,0 27.70482794373435,-26.1764360680847,0 27.70495754577409,-26.17569443783906,0 27.70506609366325,-26.17542554822523,0 27.70524559420458,-26.1751856741919,0 27.70546591374397,-26.17497095030804,0 27.70561280467969,-26.17487286997625,0 27.70576994096833,-26.17479065849082,0 27.70646110773137,-26.1745016842199,0 27.70703708094198,-26.1742585934147,0 27.70723624816899,-26.17418860644644,0 27.70742699345685,-26.17410885260762,0 27.70745898397277,-26.17398723338174,0 27.70474889518081,-26.1723630262599,0 27.70214626614518,-26.1708564085672,0 27.70147086988442,-26.17044034431245,0 27.70110490398586,-26.17022870090423,0 27.70078124582848,-26.17000799878257,0 27.70011974586078,-26.16954376544069,0 27.69946041065155,-26.16908615821427,0 27.69913793872503,-26.16885855583568,0 27.69884673897198,-26.16861533280667,0 27.69840005836953,-26.16804695098566,0 27.69790367236787,-26.16738300102083,0 27.6974280158214,-26.16670949143854,0 27.69690741447093,-26.16598318759645,0 27.69637787083025,-26.1652575033294,0 27.69585937831379,-26.16452974763603,0 27.69560614030011,-26.16416168343976,0 27.69537403772186,-26.16378772322153,0 27.69520613420568,-26.16349492537569,0 27.69503575337514,-26.16317586368515,0 27.69472941281179,-26.16261225019828,0 27.69443546795533,-26.16204048633974,0 27.69412123402897,-26.16145141070634,0 27.6938015593326,-26.16085648837886,0 27.69347858737708,-26.16026492199117,0 27.69289880535704,-26.15911574907565,0 27.69248072147769,-26.15834267381225,0 27.69209930217055,-26.15756840859766,0 27.69170542049473,-26.15560909977314,0 27.69087864448831,-26.15144281379578,0 27.69096354950081,-26.15142676846165,0 27.69113996023362,-26.15142179456154,0 27.69173022177262,-26.1514775185196,0 27.69270177533768,-26.15156176199859,0 27.6945144495404,-26.15172320210023,0 27.69630880059768,-26.15189442493603,0 27.69722184988953,-26.15196524103253,0 27.69767329842024,-26.15199660278868,0 27.69789962453876,-26.15201937709761,0 27.69797914003411,-26.15202111762048,0 27.69801603171446,-26.15198966246695,0 27.69783001014421,-26.15146665237733,0 27.69760347491052,-26.15086758536195,0 27.69755563544864,-26.15063068795257,0 27.69752848607827,-26.15039893808806,0 27.6975002434142,-26.14991915263921,0 27.6974363479025,-26.14972112370505,0 27.69737279466509,-26.14962066167934,0 27.69729582702943,-26.14952881461272,0 27.69700852581968,-26.14930298984486,0 27.69669192325516,-26.1491172121449,0 27.69638477253027,-26.14894054610528,0 27.69622756274158,-26.14887896070404,0 27.69607256278511,-26.14884128213525,0 27.69579306608846,-26.14878740357367,0 27.69551288571668,-26.14876103305834,0 27.69495274484255,-26.14873621050316,0 27.69386756987633,-26.14869419365662,0 27.69333866481012,-26.14866482727857,0 27.69281499038106,-26.14861668918132,0 27.69249914619118,-26.14854958453502,0 27.69219395530791,-26.14845709201367,0 27.69153553357794,-26.1482210305893,0 27.68930261487494,-26.14744717702884,0 27.68707674843454,-26.14668020867021,0 27.68595073020841,-26.14630630858938,0 27.68483622095971,-26.14576310265125,0 27.68269875221814,-26.14474297442574,0 27.68140257574279,-26.14413691792136,0 27.68012129681689,-26.14352350708799,0 27.67973749602558,-26.1433150849047,0 27.67936998755825,-26.14307417682402,0 27.67900728780186,-26.14281106225044,0 27.67866872019523,-26.14253313501321,0 27.67804436298146,-26.1418797785432,0 27.67753687913379,-26.14118202117526,0 27.67715734857851,-26.14049461634226,0 27.67698900111971,-26.14008157171476,0 27.67687854526415,-26.13978326543135,0 27.67637189693193,-26.1382495478628,0 27.6753845053917,-26.13521658446106,0 27.67440530724051,-26.13219804295084,0 27.67341544820609,-26.12919521037897,0 27.67244053662836,-26.12619434080836,0 27.67145803652943,-26.12319242058763,0 27.67050467993748,-26.12022750439748,0 27.6702505074529,-26.1194831526607,0 27.67010815817283,-26.1191147300368,0 27.66993907871866,-26.11874218547214,0 27.66961901215812,-26.11800264690972,0 27.66925345106111,-26.11727858390088,0 27.66881459123319,-26.11652891458847,0 27.66834632107514,-26.11578316876356,0 27.66783212210576,-26.11509343187506,0 27.66730441146651,-26.11441343811069,0 27.66614441201987,-26.11298314481636,0 27.66555734897068,-26.11227426295417,0 27.66494648568716,-26.11159236645734,0 27.66264943211905,-26.10880489360218,0 27.66157854222067,-26.10742150322755,0 27.66108773084904,-26.10677538132933,0 27.66057008220245,-26.10598845414198,0 27.66009746067716,-26.10530715360876,0 27.65966655916947,-26.1046174104089,0 27.65888201728227,-26.10321554979318,0 27.65726271958115,-26.10046952645818,0 27.6562104368883,-26.09869527689622,0 27.6557007064244,-26.09779825860794,0 27.65544889075341,-26.09735556538904,0 27.65523403838459,-26.09690960097188,0 27.65487535713163,-26.09600663255438,0 27.65462452728306,-26.09508738763108,0 27.65444589503304,-26.09402654693926,0 27.65439846129167,-26.09361689299457,0 27.65437530293836,-26.09320663172332,0 27.65437430440215,-26.09243044503861,0 27.65443131674038,-26.09170911919277,0 27.65453855520249,-26.09099692548865,0 27.65468819132018,-26.09029014957401,0 27.65492326972423,-26.08955495328782,0 27.65519459670465,-26.08883534666837,0 27.65554250058319,-26.08813241566807,0 27.6559171951532,-26.08744871703016,0 27.65727257215228,-26.08499933709014,0 27.65794573102678,-26.08377234035414,0 27.65857248698036,-26.08255549316261,0 27.65787293324924,-26.08213842152412,0 27.65717225163529,-26.08175330398412,0 27.65575614491664,-26.08098182330283,0 27.65286257998186,-26.07939225754236,0 27.65124405990433,-26.07852041535512,0 27.6504106428665,-26.07806794692029,0 27.64962798940581,-26.07758984713507,0 27.64889588096684,-26.07709679676693,0 27.64826288908056,-26.07655872842652,0 27.64782801333185,-26.07613539195515,0 27.64742532902013,-26.07570375306846,0 27.64707029213806,-26.07528293050117,0 27.64674780335903,-26.07481482434088,0 27.64660188928327,-26.07459913957817,0 27.64647069637262,-26.07437412852461,0 27.64621650897523,-26.07391918581889,0 27.64599054820813,-26.07343399682522,0 27.64578725612134,-26.0729375606357,0 27.64539759501545,-26.07170876270621,0 27.64510969815693,-26.07042613541956,0 27.64479531809575,-26.06903234315417,0 27.64449333090647,-26.06770007136044,0 27.64427352294462,-26.06671785937167,0 27.6440774964554,-26.06608798653037,0 27.6439588975804,-26.06572972043778,0 27.64280472784202,-26.06298644972107,0 27.64164419856262,-26.06081281277945,0 27.64095155596145,-26.05954768203351,0 27.64020327485201,-26.05832279648588,0 27.63678529791849,-26.05322659601013,0 27.63592273184961,-26.051949914017,0 27.63509559839565,-26.05067534787657,0 27.63339486453384,-26.04815614634389,0 27.63173005651986,-26.04568754051195,0 27.63003233405227,-26.04312681890362,0 27.62770622530787,-26.03964272993079,0 27.62726378861696,-26.03897631413367,0 27.62682148059719,-26.03832657195465,0 27.62664023384924,-26.03809786156591,0 27.62656111670633,-26.03799523136774,0 27.62639352418735,-26.03782519997583,0 27.62612386747784,-26.0375663396752,0 27.6258366991323,-26.0373308332052,0 27.62548549849175,-26.03708357428751,0 27.62511420850739,-26.03687167477542,0 27.62455453160145,-26.03662857755666,0 27.62403145008834,-26.03643260976357,0 27.62355526136623,-26.03632246448845,0 27.62306378421098,-26.0362250891749,0 27.62205759142983,-26.03605246683065,0 27.61585637380872,-26.03500664702198,0 27.61269254586685,-26.03447425832858,0 27.61121314868565,-26.03422326286853,0 27.61044498602499,-26.03408796229191,0 27.60970642159214,-26.03393407409103,0 27.60909186775864,-26.03377426508544,0 27.60850883132366,-26.03356577089849,0 27.60742463356032,-26.03316461576539,0 27.60628153204589,-26.03271970495158,0 27.60519244357029,-26.03229341674833,0 27.60381461676408,-26.03177998646801,0 27.60316797870126,-26.03152595781041,0 27.6028843711251,-26.03141608643126,0 27.60261184660613,-26.03131622492418,0 27.60197754192899,-26.0311415591012,0 27.60134404993886,-26.03099882326715,0 27.60015485135412,-26.03071851211276,0 27.5976445276172,-26.03012628616734,0 27.59516062592614,-26.02954328300867,0 27.59406752484254,-26.02926701633746,0 27.59363520175467,-26.02912357473939,0 27.59322562696898,-26.02896069524886,0 27.59276355106104,-26.02872776425961,0 27.59236311945203,-26.02847934849738,0 27.5918428933365,-26.0280912644579,0 27.59141445407218,-26.02770261055847,0 27.59108574266579,-26.02731969828677,0 27.59081031824763,-26.02693730760789,0 27.59061029398522,-26.02663683922373,0 27.59046177473478,-26.02633195208282,0 27.59013632526295,-26.02571537278135,0 27.58964177048689,-26.02455187057971,0 27.58914138887326,-26.02345175506915,0 27.5888925391558,-26.02293397828893,0 27.58861874479706,-26.02241877305284,0 27.58828298125491,-26.02192410232416,0 27.58792320785873,-26.02144383797062,0 27.58750755907348,-26.02092544385403,0 27.58701630559988,-26.02042275933605,0 27.585949353196,-26.01953846975994,0 27.5814027252544,-26.0164649430006,0 27.58080782390907,-26.01608861042,0 27.58022934736109,-26.01572905483209,0 27.57895150586657,-26.01504083582087,0 27.57766604263373,-26.01435753132695,0 27.5764061475449,-26.01367923981329,0 27.57549815173124,-26.01319248875054,0 27.57461402631042,-26.01267996184599,0 27.57281095958022,-26.0116539096802,0 27.57100438144635,-26.01062231494504,0 27.5705618292783,-26.01035927675669,0 27.57020386939789,-26.01010222959442,0 27.56954178291792,-26.00963014512893,0 27.56880589118677,-26.00908622729924,0 27.56806381160882,-26.00856641516037,0 27.56769589310574,-26.00830816693946,0 27.56745315148544,-26.00813384715268,0 27.56718281046794,-26.00799232830525,0 27.56675641363466,-26.00787125486629,0 27.56652558328739,-26.00784172418128,0 27.56628410223455,-26.00784148451596,0 27.56603787205171,-26.00787645381878,0 27.56580075905497,-26.00792992159719,0 27.56541813304516,-26.0080888115066,0 27.56497736269248,-26.00840617547328,0 27.56457987369542,-26.00875040891044,0 27.563177030713,-26.00995456229077,0 27.56284210508499,-26.0102349090645,0 27.56247083832416,-26.01051264103102,0 27.5622920095971,-26.01063538159313,0 27.56209257138075,-26.01073704223133,0 27.56187998942461,-26.0108286392011,0 27.56163581025143,-26.0109042932914,0 27.56137967374606,-26.01096383082847,0 27.56109115233436,-26.01101517685165,0 27.56058280317222,-26.01103074054508,0 27.56030261699762,-26.01101926163605,0 27.55999343671088,-26.01096141240088,0 27.5595343505986,-26.01082391910573,0 27.55910559696958,-26.01062904142453,0 27.55829438204486,-26.01019004455283,0 27.55734610739846,-26.00961333699571,0 27.5570997231942,-26.00945638149459,0 27.55686461411418,-26.00927838552157,0 27.55646939907312,-26.00895836427939,0 27.55626363769009,-26.00874772140513,0 27.55611072307428,-26.00853283071609,0 27.55575204967494,-26.00810729626791,0 27.55502138910107,-26.00725135708518,0 27.55429186845306,-26.00639292168732,0 27.55382617534389,-26.00594318987542,0 27.55332788327446,-26.00557807778637,0 27.55098147136305,-26.00381848665959,0 27.54974390403552,-26.00290448631966,0 27.54914006705324,-26.00246318546668,0 27.54851682731998,-26.00200415989917,0 27.54795647025137,-26.00157838540731,0 27.54766995263688,-26.00136700167654,0 27.54738128593458,-26.00112546123407,0 27.54631510462674,-26.00023802283215,0 27.5457445373588,-25.99976278966263,0 27.54515166508461,-25.99931105319962,0 27.54452205012578,-25.99882563387717,0 27.5442363877758,-25.9985977734895,0 27.54411665370721,-25.99849027252623,0 27.54404327292871,-25.99837526395802,0 27.54392107160881,-25.99811489051381,0 27.54389947937894,-25.99785835571399,0 27.54392059614158,-25.99738884482441,0 27.54399904834164,-25.99645681967811,0 27.54399986060248,-25.99602888644056,0 27.54388231971633,-25.99550712129516,0 27.54365853621113,-25.99465556233786,0 27.54353248742586,-25.99413861251135,0 27.54338653495763,-25.99362913632537,0 27.54296220586031,-25.99259991772508,0 27.54209161971417,-25.99058118867523,0 27.54174042713789,-25.98978283924449,0 27.54142460491054,-25.98904142811552,0 27.5413459348738,-25.98877438560869,0 27.54132429517163,-25.98852063272856,0 27.5413310578788,-25.98814638908117,0 27.54136564431925,-25.98771022197966,0 27.54136421193977,-25.9874754649886,0 27.54133588127982,-25.98725797056245,0 27.54122267376374,-25.98695913173963,0 27.54102928797973,-25.98672086170468,0 27.54054842331722,-25.98624323956658,0 27.54005940671093,-25.98576613614086,0 27.53980905874216,-25.98552874667893,0 27.53960318408391,-25.98525872997291,0 27.53939170565743,-25.98493974410027,0 27.53921889418196,-25.98461513415912,0 27.5389067257938,-25.98400670401007,0 27.53856183794914,-25.98334982274881,0 27.5384148883867,-25.98295485978809,0 27.5383731825487,-25.98280469879972,0 27.53837691714796,-25.98267564520645,0 27.53836410886735,-25.9825132246483,0 27.53838553231978,-25.98235719652173,0 27.53846743852892,-25.98204825690433,0 27.5385273194636,-25.98186885657929,0 27.53859095958178,-25.98166909445435,0 27.53888510294455,-25.98078113476321,0 27.53905239755935,-25.98031101658109,0 27.53919991959108,-25.97983569162312,0 27.53937531456608,-25.97934833594226,0 27.53956357881749,-25.97893539705721,0 27.53967535510911,-25.97865533250328,0 27.53982582774625,-25.9783973380287,0 27.53993738664894,-25.97824693475076,0 27.54006921489334,-25.97812053125121,0 27.54033722232159,-25.97794232295137,0 27.54046649415273,-25.9778457316964,0 27.54057031990968,-25.97773871858902,0 27.54071930252631,-25.97756109788435,0 27.5408308122985,-25.9773781147139,0 27.54093366500453,-25.97721570607714,0 27.54100627995011,-25.97705604099998,0 27.541060200795,-25.97691998403471,0 27.54109236833499,-25.97678034703106,0 27.5411005529183,-25.97663280771513,0 27.54107853401007,-25.97648488475429,0 27.5410586844641,-25.97634325940276,0 27.54101840965353,-25.97620011160417,0 27.54091469316725,-25.9760115787501,0 27.5407936897367,-25.97584468420612,0 27.54060514202358,-25.97568003222841,0 27.54040804101972,-25.97553031745573,0 27.54002830180444,-25.97523784570987,0 27.53962866818251,-25.97495990259456,0 27.53949191521488,-25.97487892649723,0 27.53935616140167,-25.97482208398747,0 27.53913816731051,-25.97476481880206,0 27.53882393958859,-25.9747237703997,0 27.53850507318741,-25.97465709639515,0 27.53822734592334,-25.97453921973271,0 27.537974390863,-25.97436713016208,0 27.53756588756657,-25.97397947907677,0 27.53693991381632,-25.9733827176777,0 27.53676633658976,-25.97299078439978,0 27.53662896780286,-25.97260577126061,0 27.53653593418571,-25.9722636418205,0 27.53650298744781,-25.97200599891983,0 27.53655647223201,-25.97152274028952,0 27.53661098672028,-25.97098453776988,0 27.53658504681797,-25.97072680172732,0 27.53651006142991,-25.97047615807842,0 27.53608885511782,-25.96996946003312,0 27.53562444757596,-25.96946812646203,0 27.53511493547297,-25.96897449041798,0 27.5345466319848,-25.96851027557687,0 27.53301002879346,-25.96730426513446,0 27.53221432082632,-25.96667855670971,0 27.53152003304066,-25.96604965262192,0 27.5305438602118,-25.965095627841,0 27.52960650892701,-25.96416170284585,0 27.52866590161612,-25.96321213883315,0 27.52817294404523,-25.96272847432513,0 27.52771632008197,-25.96223262032276,0 27.52698296390181,-25.96137062684387,0 27.52635701763085,-25.96045990007602,0 27.5253590625947,-25.95861029512693,0 27.52486308390974,-25.95766819576118,0 27.52459511546757,-25.95723414443284,0 27.52427434429502,-25.95675792534447,0 27.52393062826974,-25.95630464325329,0 27.52357330442486,-25.95588524207708,0 27.52283553089322,-25.95503981437078,0 27.52129054558159,-25.95329030829141,0 27.52048117055571,-25.95237787944623,0 27.52010399691975,-25.95194346592884,0 27.51969249543563,-25.95152055922494,0 27.51870845952141,-25.95067366306305,0 27.51824150979484,-25.95025276614483,0 27.51773082106758,-25.94984639312498,0 27.51718479672971,-25.94947452245018,0 27.51658593647886,-25.94910624385249,0 27.51550770897414,-25.94842957488243,0 27.51458392362281,-25.94785079839723,0 27.51411977145647,-25.94756043486821,0 27.51368621280984,-25.94725445415951,0 27.51332224742143,-25.94691249549966,0 27.5130230618945,-25.94653609176742,0 27.51247004689967,-25.94577141468437,0 27.51129375775212,-25.94416011328963,0 27.51096718290941,-25.9437197930842,0 27.51058643760928,-25.943341952579,0 27.51013833299487,-25.94308291952017,0 27.50982991897978,-25.94296587725685,0 27.50953929349536,-25.94290731554181,0 27.50600175945782,-25.94246249020207,0 27.50246197822003,-25.94203630011328,0 27.49534684535427,-25.94114930100908,0 27.48827140220603,-25.94026449980102,0 27.48499155811349,-25.93986011966389,0 27.48304938072266,-25.93974001934459,0 27.48205364528236,-25.93966017566267,0 27.48182847878559,-25.93965395313178,0 27.48161053537939,-25.93962978709444,0 27.48136376937462,-25.93960786419844,0 27.48113131082745,-25.93955182111424,0 27.48086560044293,-25.93947721890821,0 27.48060193352509,-25.93937641365021,0 27.48009906475785,-25.93915349814298,0 27.47908475192744,-25.93869052829555,0 27.47706942909604,-25.93778646217034,0 27.47505424063644,-25.93687132626466,0 27.47406089909802,-25.93642690894209,0 27.47294870345817,-25.93593173527476,0 27.47225010100926,-25.93560789575101,0 27.47196156985094,-25.93544035256654,0 27.47167970805589,-25.93524557489238,0 27.47057380580561,-25.9342118659497,0 27.46952380255287,-25.93325949055221,0 27.46838575797731,-25.93236879307025,0 27.46595637113924,-25.9306181453384,0 27.46471347759415,-25.9297231170715,0 27.46345898103418,-25.9288540827311,0 27.46314128908567,-25.92866344788298,0 27.46283713442735,-25.92852049183339,0 27.46257037586747,-25.92841735623814,0 27.46227279220786,-25.92833506599013,0 27.4616813883668,-25.9282299866152,0 27.46106683919932,-25.92815506376957,0 27.45978059714122,-25.92799536339628,0 27.45938402725933,-25.92793129509024,0 27.45907520129776,-25.92784496152233,0 27.45879052636682,-25.92772634742332,0 27.45857264908504,-25.92757592325349,0 27.45833276028739,-25.92738764954458,0 27.45815640967158,-25.92720217304322,0 27.45790783457302,-25.92680829302432,0 27.45775829087405,-25.92634784700366,0 27.45767499892977,-25.92588519295792,0 27.45728550968435,-25.92409271473354,0 27.45709928884151,-25.92321290597463,0 27.4560951870911,-25.92051269170999,0 27.45556702509882,-25.91933380982298,0 27.45502743605723,-25.91812965901746,0 27.45472561232101,-25.91749907925159,0 27.45458450030668,-25.91720256008639,0 27.45441720181987,-25.91690094156862,0 27.45432252027647,-25.91676008626114,0 27.45421911683322,-25.91660469424751,0 27.45411155994202,-25.91648465462114,0 27.45400036987429,-25.91638329851062,0 27.45373131215113,-25.91613604162506,0 27.45346757647805,-25.91591962242362,0 27.45290284202884,-25.91561951337046,0 27.45236876720772,-25.91541394607469,0 27.45118687216338,-25.91495415673737,0 27.45065804527932,-25.91472860070083,0 27.45011821367121,-25.91452629583565,0 27.44955688921149,-25.91436415575494,0 27.44902004901446,-25.91424790260193,0 27.44792574825397,-25.91414971229094,0 27.44681796418372,-25.91409076201614,0 27.44457587772492,-25.91398500037371,0 27.44344095416635,-25.91394229616037,0 27.44230193576517,-25.91387599665778,0 27.44177665105932,-25.91382372319644,0 27.44128581811413,-25.91373922902559,0 27.4401489130539,-25.91357003509916,0 27.43668338095067,-25.91307175777225,0 27.4349476971883,-25.91283237056381,0 27.43407619710184,-25.91271205290927,0 27.43316897256404,-25.91261244895358,0 27.42994803788911,-25.91228134916343,0 27.42831172120903,-25.91211640204621,0 27.42782107597671,-25.91205385973664,0 27.42735986297095,-25.91198688520943,0 27.42695764666644,-25.91191193712329,0 27.42657620141702,-25.9118039432663,0 27.42617989768021,-25.91167429992108,0 27.42583524495631,-25.91153488713019,0 27.42530150205439,-25.91127760862408,0 27.42479904034374,-25.91099502666613,0 27.42393529714195,-25.91055090648089,0 27.42308537082275,-25.91008909250673,0 27.4197145085187,-25.90830689840599,0 27.41542497337421,-25.90604613277728,0 27.41347048659867,-25.90501080619053,0 27.41230933864782,-25.90438134943989,0 27.41186319746591,-25.90411084509747,0 27.41145365431755,-25.90382934951314,0 27.41099713548545,-25.90346055150968,0 27.41047817474485,-25.90302030516325,0 27.40954476129626,-25.9021910212601,0 27.40754591293671,-25.90045851074379,0 27.40557403955331,-25.89873558917334,0 27.40453502796564,-25.89783958244979,0 27.40393998900142,-25.89735021298398,0 27.40370134150536,-25.8972116224296,0 27.40346599809238,-25.89709523835082,0 27.40112035453289,-25.89623733469628,0 27.39874787565946,-25.89538857499005,0 27.39637647166207,-25.89454850186042,0 27.39540889396984,-25.89420866705886,0 27.39504101424501,-25.89403344075939,0 27.39469353998998,-25.89385035320483,0 27.39442260652326,-25.89367649400818,0 27.39413991272607,-25.89349404661132,0 27.38933583802211,-25.88988411007319,0 27.38452084707809,-25.88629931304472,0 27.38274069626675,-25.88499200114916,0 27.38184089799418,-25.88431519435542,0 27.38134180904585,-25.88394301881305,0 27.38097576038497,-25.88368124451653,0 27.37947641852216,-25.88278956047601,0 27.37787452798932,-25.88198307718716,0 27.37468074195951,-25.88037800498999,0 27.37307142179267,-25.8795598561963,0 27.37223305112212,-25.87912801920333,0 27.3718185667189,-25.87890867594571,0 27.37139506357333,-25.87870651565025,0 27.36982465460003,-25.87790316756415,0 27.36825349181651,-25.8771193547457,0 27.36451273429913,-25.87523573720399,0 27.36260674128419,-25.87424248143759,0 27.36152028448341,-25.8737681713801,0 27.36069908220077,-25.8734351540262,0 27.35980282196516,-25.87312646733618,0 27.35882371758695,-25.87282630401844,0 27.3578152055086,-25.87257360739808,0 27.35736107508669,-25.87246859759899,0 27.35690220812427,-25.8723830786958,0 27.35304232728214,-25.87160606105896,0 27.34978083176042,-25.87094809955074,0 27.34773055030475,-25.87053910449654,0 27.34732973504271,-25.87045759346654,0 27.34717603179884,-25.87041357515486,0 27.34698501515917,-25.87035111186895,0 27.34638065670201,-25.87012263041568,0 27.34493782140419,-25.86936058335569,0 27.34352235625211,-25.86859382238189,0 27.34067573720371,-25.86705255299785,0 27.33924120585166,-25.86629001983991,0 27.33783966800514,-25.86551935165188,0 27.33640847702985,-25.86476474955396,0 27.33497890466254,-25.86400034381349,0 27.33414260898881,-25.8635599919797,0 27.33366380700075,-25.86333234351455,0 27.33331398019721,-25.8631801651654,0 27.33264991439746,-25.86292792628612,0 27.33209403196506,-25.86274404161099,0 27.33153751189137,-25.8625762361433,0 27.3309142622609,-25.86245089899881,0 27.32991050169692,-25.86232437523378,0 27.32890727345794,-25.86224506880113,0 27.32677215704581,-25.86212647478873,0 27.32468605308615,-25.8620100580233,0 27.32259504268532,-25.86189354382876,0 27.31845899744332,-25.86165953395511,0 27.31425480308915,-25.86142645703038,0 27.31253577096104,-25.86132846215749,0 27.31152511776273,-25.86127218873795,0 27.31070991048276,-25.86121262391733,0 27.30433631989895,-25.86011731914504,0 27.30127108630956,-25.85958348414175,0 27.29943563621638,-25.85927018058171,0 27.29878162817438,-25.85916898016405,0 27.29839695942099,-25.85912555772587,0 27.29802308557151,-25.85909188698242,0 27.29565742611183,-25.85907603155523,0 27.29432418160615,-25.85906496545529,0 27.29392334894003,-25.85906676480336,0 27.29352456655468,-25.85904331665775,0 27.2928003411149,-25.85896438175735,0 27.29236626108798,-25.85889205937408,0 27.29198490959833,-25.85880172109215,0 27.29153849861537,-25.85869543279428,0 27.29117692949803,-25.85858061638966,0 27.29077650767682,-25.85845144786173,0 27.29043247639754,-25.85830739275172,0 27.28977690725813,-25.8580078884173,0 27.28928413159701,-25.85773087625298,0 27.28881606831839,-25.85743477834467,0 27.28800869853702,-25.85685393077569,0 27.28638658251116,-25.8556544107152,0 27.28595386297714,-25.85532925419609,0 27.28554343726546,-25.85499194011079,0 27.28515483175691,-25.85466793459297,0 27.2848225199481,-25.8543574244638,0 27.28342771970865,-25.85297390410605,0 27.28266056666136,-25.85221291497439,0 27.28224011545745,-25.8518305782174,0 27.28184616085251,-25.85151893188029,0 27.28055244882195,-25.85057412142431,0 27.27974825463924,-25.85000467164765,0 27.27892277837342,-25.8493976128414,0 27.27732941545611,-25.84819267175909,0 27.27634879165385,-25.8474012634134,0 27.27593677721916,-25.84703248007591,0 27.27554269571729,-25.84665491119722,0 27.27240185118298,-25.84354888996377,0 27.27192430828321,-25.84307113229494,0 27.27169945697462,-25.84283968173972,0 27.27149422452533,-25.84258561209655,0 27.27140388860376,-25.84246439935074,0 27.27132811558177,-25.84234097771394,0 27.27125926340569,-25.84224212118799,0 27.27120848898192,-25.8421289975632,0 27.27112473302075,-25.84190700458803,0 27.27108830612094,-25.84178134179325,0 27.27105375487713,-25.84166724278505,0 27.27100357943795,-25.84132261139991,0 27.27098927018105,-25.84096736511734,0 27.27097104399075,-25.84023005261706,0 27.27095352696996,-25.83883632505517,0 27.27094489780865,-25.83852464281105,0 27.27089795586094,-25.83822560743567,0 27.2708362084196,-25.83794959825945,0 27.27073013985851,-25.83768840784581,0 27.27061564666554,-25.83746120643458,0 27.27047253626307,-25.83723969770621,0 27.27031719098703,-25.83703000791151,0 27.27014962779441,-25.83683218717568,0 27.26900561377557,-25.83589551138249,0 27.26840673066589,-25.83541619860162,0 27.26787861984601,-25.83492461340029,0 27.26740319012346,-25.83440298785629,0 27.26711178496134,-25.83404038434245,0 27.26686412481291,-25.8336638282189,0 27.26566709824111,-25.83179214288693,0 27.26506561119408,-25.83086057082763,0 27.26449150027863,-25.82995539392387,0 27.26418421356258,-25.82948273931745,0 27.26388731238474,-25.82899804807594,0 27.26361670442999,-25.82850026666999,0 27.26338457896648,-25.82798589318718,0 27.26308341120513,-25.82712219232666,0 27.2627958360292,-25.82621728570174,0 27.26222099709291,-25.82443793362044,0 27.26192142010285,-25.82353414394136,0 27.26162422160716,-25.82263898177876,0 27.26103524710257,-25.82083173590674,0 27.26077358538344,-25.82004813597178,0 27.26051798836993,-25.81927022191674,0 27.26033366811399,-25.81872388628322,0 27.26017991456919,-25.81834025193282,0 27.26001355738169,-25.81794613340742,0 27.25981302706326,-25.81754415327126,0 27.25685708123361,-25.81195158498177,0 27.25611450658098,-25.81057154006642,0 27.25597566532093,-25.81032680265571,0 27.25580607579653,-25.81009511217361,0 27.25567988715203,-25.80993349755713,0 27.25553941396225,-25.80978606573156,0 27.25524992736262,-25.80954615711187,0 27.254943000991,-25.8093347196641,0 27.2547424526382,-25.80922319811513,0 27.25452460929176,-25.80913108086648,0 27.25407574074996,-25.80896021601096,0 27.25319430624502,-25.80865789652582,0 27.25139843265062,-25.80804840386175,0 27.24801231828632,-25.80689729784506,0 27.24543431474566,-25.80600907008457,0 27.24363462848886,-25.80539500900258,0 27.24219159952801,-25.80490516791828,0 27.2416484082718,-25.8046920266796,0 27.24115729163749,-25.80445069655483,0 27.24073959446999,-25.80421653722862,0 27.24035107352341,-25.80396645887079,0 27.239731670077,-25.80348656324791,0 27.23919110140999,-25.80294171805694,0 27.23876652790693,-25.80243767410232,0 27.23840952831067,-25.8018984527486,0 27.23825057951582,-25.8016414432128,0 27.23810141240769,-25.80134709411141,0 27.23798569590443,-25.8010732814556,0 27.23790463699235,-25.80095009092176,0 27.23786291218905,-25.80081084430226,0 27.23772344527824,-25.80035122863913,0 27.23762463710028,-25.7998848328676,0 27.23758174900862,-25.79964781616426,0 27.23754654196168,-25.79939874398233,0 27.23748037544356,-25.79890100525507,0 27.23734195492006,-25.79791187219497,0 27.23715887238732,-25.79643461962745,0 27.23706990037777,-25.79569659442822,0 27.23696255616836,-25.7949634541774,0 27.23674867654539,-25.79332204806786,0 27.23661251292583,-25.79227575661559,0 27.2366203790734,-25.79170088616065,0 27.2367365798866,-25.79106333814888,0 27.23690250929549,-25.79059950860364,0 27.23707141602985,-25.79025356595119,0 27.2372374604785,-25.78995648388805,0 27.237622405094,-25.78944088985236,0 27.23785301027545,-25.78918986507996,0 27.23812482522302,-25.78896741693204,0 27.23839190105507,-25.78877530094288,0 27.23879387866745,-25.78853080845208,0 27.23988825749353,-25.78801386253509,0 27.24216678408295,-25.78706963488745,0 27.24447427217725,-25.78617382041038,0 27.24562045444002,-25.78572790498806,0 27.24674545910159,-25.7852641742329,0 27.24816778683438,-25.78467293795129,0 27.24858553459248,-25.78447147144661,0 27.24894037706918,-25.78427610179092,0 27.24964182223691,-25.78384923686801,0 27.25046368191363,-25.78321332286311,0 27.25121527855597,-25.78262764608559,0 27.25140676907155,-25.78248592427705,0 27.25161033697361,-25.78235069563869,0 27.25175503329091,-25.78227782011021,0 27.25190543307856,-25.78222337539725,0 27.25222925439338,-25.78213854424414,0 27.25254113894435,-25.78211181993508,0 27.25283462069048,-25.78212027169824,0 27.25308507282634,-25.78214964434578,0 27.25337856103214,-25.78221654927817,0 27.25393918026099,-25.78238836749752,0 27.25435036244069,-25.78251019694266,0 27.25454851490495,-25.7825554650224,0 27.25474766016739,-25.78257402239462,0 27.25499086572898,-25.78256923116847,0 27.25523378986027,-25.7825219250047,0 27.25544583589488,-25.78245267035095,0 27.25563178293346,-25.78236195118047,0 27.2558191678584,-25.78221594857697,0 27.25599672064705,-25.78203973958807,0 27.25624618747213,-25.78173585944157,0 27.2567360564897,-25.78114539011968,0 27.25729893422694,-25.78047301133468,0 27.25745041970129,-25.78032028926329,0 27.25761730581006,-25.78018923371992,0 27.25792495479057,-25.78000062679495,0 27.25812216736204,-25.77991642192283,0 27.25832065575289,-25.77984662096483,0 27.25952038397571,-25.77957630712694,0 27.26041843443353,-25.77938950327501,0 27.26080338675089,-25.77929726469243,0 27.26117377082317,-25.77920301519119,0 27.26154427944419,-25.77907048003229,0 27.26189189746124,-25.77892449550277,0 27.26224561092192,-25.77874421998518,0 27.26255536268128,-25.77856523143273,0 27.26293122622024,-25.77831658637138,0 27.2631099897714,-25.77818508306354,0 27.26325812874691,-25.77805166893429,0 27.26387596721341,-25.77750881204397,0 27.26859631874455,-25.7731186110083,0 27.26998116985451,-25.77183277631413,0 27.27020696493413,-25.77162695668638,0 27.27040692069166,-25.77142174419136,0 27.270583632231,-25.77120887883081,0 27.27072998272452,-25.77100607138543,0 27.27106877996201,-25.77045826004862,0 27.27122536968104,-25.77027832133576,0 27.27125886660096,-25.77015901255523,0 27.27126394022672,-25.77004830675133,0 27.27124035963766,-25.76996472623206,0 27.27124018082365,-25.76991302196885,0 27.27125889338603,-25.76988457230129,0 27.27128390350053,-25.76982801289095,0 27.27132853323602,-25.76978017146769,0 27.27143020522549,-25.76971484540316,0 27.27154285540757,-25.76955158337727,0 27.27160781721448,-25.76938551992612,0 27.27172171593091,-25.76899475821974,0 27.27180281365376,-25.76860873515281,0 27.27185560794757,-25.76823287021331,0 27.27187470825713,-25.76784521258022,0 27.27186780056263,-25.76746311656314,0 27.27165151477127,-25.76470526661787,0 27.27153184174652,-25.76332405302124,0 27.27147606905142,-25.76259384318042,0 27.27147230091528,-25.76225650848159,0 27.27147104505984,-25.76209751709329,0 27.27144834567349,-25.76194825593481,0 27.27136405614018,-25.76176091705548,0 27.27130564308546,-25.76172674102712,0 27.27126754956956,-25.76164175222871,0 27.271262811204,-25.76153183160964,0 27.27130547152282,-25.76142464270075,0 27.27135196500814,-25.76122776814108,0 27.27135138467136,-25.76102095712237,0 27.27131040903598,-25.76056327967564,0 27.27127071258935,-25.76005390964778,0 27.27114936743638,-25.75833472978642,0 27.27096934550136,-25.75653910747632,0 27.27088236151295,-25.75563368067257,0 27.27082818881808,-25.75516819846267,0 27.27080098221029,-25.75492407197263,0 27.27079596192776,-25.75473466203519,0 27.27077767302295,-25.75431331365429,0 27.27074865920916,-25.75418851986316,0 27.27068416023746,-25.75408746333822,0 27.27059080805847,-25.75401189382651,0 27.27054060193823,-25.75389008637148,0 27.27056413365528,-25.75380472258725,0 27.27060365422092,-25.75371955371554,0 27.27063249214405,-25.75351942855147,0 27.27062947482264,-25.75332617827482,0 27.27060673900915,-25.75308098068806,0 27.27057128962408,-25.75283211609313,0 27.27052974772942,-25.75236224743859,0 27.27047051618645,-25.7517901438231,0 27.27037051904242,-25.75085177383107,0 27.27028163567655,-25.74995467699986,0 27.27018621610499,-25.74903861200051,0 27.27006897624357,-25.74809979386806,0 27.2699903120646,-25.7471370847678,0 27.26996358030753,-25.74690707487739,0 27.26985717655047,-25.74674857147219,0 27.26975103048899,-25.74662071237671,0 27.26975435146598,-25.74649582466128,0 27.26977408513032,-25.74638911396899,0 27.2698083050072,-25.74627439047841,0 27.26979775363674,-25.74603426203674,0 27.26971440609917,-25.74558908501569,0 27.26953915787647,-25.74483553688485,0 27.26933213909401,-25.74397391082357,0 27.26906044415234,-25.74294344236578,0 27.26874544980275,-25.74193581772557,0 27.26802353723354,-25.73991966019082,0 27.26794397971951,-25.73973873300053,0 27.26780292982045,-25.73960049019376,0 27.26773331654158,-25.73954751404518,0 27.26769415739222,-25.73948170468484,0 27.26766868331324,-25.73935332078544,0 27.26769220633852,-25.73925553899303,0 27.26766883045426,-25.73900761404885,0 27.26757204535012,-25.73876309123454,0 27.26738595314562,-25.73825670702055,0 27.26708207179453,-25.73729924881032,0 27.2668681769802,-25.73642841412281,0 27.26638653337362,-25.73446571577158,0 27.266278251081,-25.73396619238697,0 27.26611121014063,-25.7334859408208,0 27.26604167728144,-25.73324553228045,0 27.26601230432585,-25.73305539043642,0 27.26596536297358,-25.73290497159031,0 27.26586286553239,-25.73278193061608,0 27.26574561670508,-25.73269150140437,0 27.26569141298095,-25.73260957860336,0 27.26568483250243,-25.7325167471516,0 27.26571277896555,-25.73240061772573,0 27.26570551190276,-25.73228454751075,0 27.26563718600984,-25.73205929464248,0 27.26554953454213,-25.73185745583563,0 27.26544581873677,-25.73158377168402,0 27.26532196906923,-25.73130659841401,0 27.26500069978769,-25.73065497537035,0 27.2646316231,-25.73000629448988,0 27.26326389346942,-25.72760117083371,0 27.26306418219814,-25.7272488670341,0 27.26287178930743,-25.72690725273769,0 27.26250053082968,-25.72618315747462,0 27.26216935005128,-25.72548382957654,0 27.26188478727294,-25.72478986665068,0 27.26172314036882,-25.724668245985,0 27.26163246054603,-25.72459598560746,0 27.26158115656059,-25.72451499731384,0 27.26158405909964,-25.72439146724358,0 27.26159490414354,-25.72424384930509,0 27.26142946454108,-25.72377924318632,0 27.26124256592878,-25.72330719557575,0 27.26078241027384,-25.72216743758953,0 27.26017851323031,-25.72068271237059,0 27.25958542063327,-25.71922224416468,0 27.25938284158697,-25.71867954960753,0 27.25920555929935,-25.71814082849017,0 27.25906098960337,-25.71798434338482,0 27.25896097607281,-25.71790705261023,0 27.25890958913793,-25.71784606655822,0 27.25889958049115,-25.71779162486532,0 27.2589103052474,-25.71759037020301,0 27.25890186249972,-25.71741333815642,0 27.25884279586441,-25.71725706740815,0 27.2587197910436,-25.71690489277869,0 27.25850843145115,-25.71625765041876,0 27.25797762217532,-25.71453327902049,0 27.25770855781395,-25.71366790759879,0 27.25746369517265,-25.71281129525779,0 27.25735283843232,-25.71250125488074,0 27.25718593161731,-25.71191187450835,0 27.25704447012189,-25.71148120807864,0 27.25693464547929,-25.71104882033796,0 27.25670836640026,-25.71018326485605,0 27.25651156376645,-25.70932666595961,0 27.25637825872221,-25.70845318015357,0 27.25623207390204,-25.70758405761246,0 27.25605186722802,-25.70670914787955,0 27.25588809908946,-25.70583751410465,0 27.25580865679986,-25.70537897316353,0 27.25575495753057,-25.70516529170719,0 27.25568401724712,-25.70495983136414,0 27.25552187877935,-25.70452147268985,0 27.25539511501472,-25.70407170003257,0 27.25519543407276,-25.70323148836028,0 27.25497150035379,-25.70224950860797,0 27.25437567940206,-25.69952657189958,0 27.25412202923497,-25.69868061971679,0 27.25376586099886,-25.69683573767691,0 27.25358803689996,-25.69612447901755,0 27.25342785949725,-25.69540978715641,0 27.25315371739284,-25.69396460025991,0 27.25308142360238,-25.69320523131904,0 27.25302945627452,-25.69237875970908,0 27.25301232921431,-25.69174483453014,0 27.25301426044798,-25.69112259864266,0 27.25303161797698,-25.69054145857979,0 27.25306592388082,-25.68998258446296,0 27.25309625318986,-25.6895781699369,0 27.25315105787121,-25.68914876612206,0 27.25314483249808,-25.68904725576095,0 27.25301558525867,-25.68899163089921,0 27.25272927217626,-25.68897228968806,0 27.25242132990996,-25.68897220695641,0 27.25227900968779,-25.68892237329098,0 27.25223637178524,-25.68882254890061,0 27.25220997876128,-25.68870776269841,0 27.25211438025888,-25.68830265667487,0 27.25203943039231,-25.68794974470761,0 27.25194339012369,-25.6875272412348,0 27.25185336724456,-25.68712247721793,0 27.25174031201846,-25.68662192143084,0 27.2515357979265,-25.68568572534437,0 27.25137351116707,-25.68475983665037,0 27.25111024076157,-25.68287880172518,0 27.25093483688778,-25.68193415210505,0 27.25079887720873,-25.68144476424181,0 27.25069722463833,-25.68120961630381,0 27.2505892260947,-25.68096625375233,0 27.25045774972359,-25.6808870335148,0 27.25033360960103,-25.68083329083909,0 27.25009171053413,-25.68073862138444,0 27.24938950119689,-25.68051244896964,0 27.24807926587026,-25.68015007289961,0 27.24673691626892,-25.6797730818663,0 27.24639888434215,-25.67967112308914,0 27.2460810664089,-25.6795851193148,0 27.24576115995993,-25.67955367372537,0 27.24545518787975,-25.67959246537725,0 27.24519752896869,-25.67969230673306,0 27.24495084303221,-25.67983321776881,0 27.24449876774087,-25.68015411881153,0 27.24401331117932,-25.68050351728654,0 27.24376982315565,-25.6806830621015,0 27.24354153197766,-25.68088940481055,0 27.24281016500937,-25.68178933625338,0 27.24227229603325,-25.68247775475712,0 
					</coordinates>
				</LineString>
			</Placemark>
			<Placemark id="0B86D0BFC940730AD36C">
				<name>Rustenburg Loop</name>
				<open>1</open>
				<LookAt>
					<longitude>27.27422941797786</longitude>
					<latitude>-25.75866560702049</latitude>
					<altitude>0</altitude>
					<heading>0</heading>
					<tilt>0</tilt>
					<gx:fovy>30</gx:fovy>
					<range>8002.848129683717</range>
					<altitudeMode>absolute</altitudeMode>
				</LookAt>
				<styleUrl>#__managed_style_0A1D2506B8411A0E9FE1</styleUrl>
				<LineString>
					<coordinates>
						27.24222669623198,-25.6824536224094,0 27.24250261961654,-25.68211178878481,0 27.24264414576058,-25.68192742270487,0 27.24284607017093,-25.68167239651058,0 27.24335408681736,-25.68102968954521,0 27.24351577292605,-25.68085138904499,0 27.24368612483367,-25.68069778736666,0 27.24394783822382,-25.6805024980299,0 27.24450921997571,-25.68008651388658,0 27.24475780501874,-25.67990778822508,0 27.24500395405655,-25.67974893584877,0 27.24527141736221,-25.67961587459877,0 27.24537206831751,-25.67957160427538,0 27.24552332206995,-25.67953407218937,0 27.2457320522127,-25.67952174349092,0 27.24589940740558,-25.67953218282907,0 27.24615245717464,-25.67957529466532,0 27.24639568744057,-25.67963326883746,0 27.24690566226174,-25.67977863121225,0 27.24790659755,-25.68005462343899,0 27.24891168915438,-25.68033396008222,0 27.24960129273506,-25.68052963858679,0 27.24996653550956,-25.68063283764138,0 27.25027548099088,-25.68071636571599,0 27.25039509395857,-25.68075119551608,0 27.25050266510232,-25.68079092995119,0 27.25058037579037,-25.68082852976234,0 27.2506421928742,-25.68088954441464,0 27.25072842686175,-25.68099009434318,0 27.25076908721226,-25.68107204755149,0 27.25085400908667,-25.68126460559155,0 27.25093140597717,-25.6815183340187,0 27.25098402945033,-25.681775021737,0 27.25106629426225,-25.68225143551691,0 27.25132225055755,-25.68418339555369,0 27.25148088086438,-25.68513402478865,0 27.25156910423707,-25.68562519926425,0 27.25166947538082,-25.68610099012871,0 27.25181609229505,-25.68674542479566,0 27.25188665948146,-25.68707499597254,0 27.25194998028515,-25.68738343269021,0 27.25212588533967,-25.68810982707245,0 27.25219952462912,-25.6884786943525,0 27.25225304740303,-25.68866545423338,0 27.25227378352251,-25.68869241107046,0 27.2522876389224,-25.6887319074391,0 27.25230565088572,-25.68880845955642,0 27.25233396381754,-25.68884695509677,27.25237891616827 -25.68888239692971,0,0 27.25253474431894,-25.6889242172339,0 27.25275363122814,-25.68894120329351,0 27.2529587094825,-25.68895310531029,0 27.25310198808428,-25.68896231221426,0 27.25321574818108,-25.6889981211006,0 27.25326746440509,-25.68906397980488,0 27.25314492576247,-25.69017862142638,0 27.25311299400687,-25.69073895063208,0 27.25310265942864,-25.69129431507579,0 27.25310638486814,-25.69184055036025,0 27.25312418090125,-25.6923867176403,0 27.25316018071074,-25.69296187014655,0 27.25319370783861,-25.69324308183085,0 27.25322566386434,-25.69351919170926,0 27.25332328308664,-25.69421223268949,0 27.25343464449463,-25.6949057867441,0 27.25372993356337,-25.69627597664425,0 27.25406898961265,-25.69771700475489,0 27.25437415093802,-25.69912964444321,0 27.2546710411479,-25.70049392258692,0 27.25498238617842,-25.70189194707756,0 27.25514978178265,-25.70258873620395,0 27.25529638901505,-25.70332553434505,0 27.25537315395399,-25.70367382545921,0 27.25543624994692,-25.70401176280831,0 27.25547502504927,-25.70419240424694,0 27.25552546916166,-25.70438813805267,0 27.25565073370098,-25.70473820793798,0 27.25576358465266,-25.70505896324599,0 27.25580980497002,-25.70520376813646,0 27.25584436104056,-25.70535759188251,0 27.25590879648023,-25.7056886338587,0 27.25593866737752,-25.70585757209991,0 27.25598059808016,-25.70601829715167,0 27.25604616685198,-25.70625203316763,0 27.25607957345033,-25.70645726332263,0 27.25612927458704,-25.70667233507749,0 27.25618712470379,-25.7069955202962,0 27.25624262997715,-25.70729415840917,0 27.25652896019193,-25.70857883471004,0 27.25666679157963,-25.70924619259572,0 27.25680574591058,-25.70991403752044,0 27.25697205768709,-25.71055493896074,0 27.25714372419687,-25.71119692703248,0 27.25752374267172,-25.71245477363059,0 27.25828192701661,-25.71497319958583,0 27.25901953885008,-25.71736016531844,0 27.25906531657066,-25.71744699785889,0 27.25912647519478,-25.71752003380698,0 27.25924108664761,-25.7176007139122,0 27.25929910769148,-25.7176416948316,0 27.25933053907519,-25.71769868495355,0 27.25931594066457,-25.71790374315532,0 27.25933212680721,-25.71808920576751,0 27.25951829255639,-25.71858547563118,0 27.25997456608458,-25.7197556612763,0 27.26093607159781,-25.72210606889576,0 27.26140426518059,-25.72328521069549,0 27.26151964057704,-25.72357621571907,0 27.26161335610097,-25.72387388181518,0 27.26167077168417,-25.72404278535674,0 27.26175999079379,-25.72418557622965,0 27.26191660374294,-25.72429678843574,0 27.26195312561735,-25.72433058248255,0 27.26198737580939,-25.72437496308602,0 27.26200981680219,-25.72442905017349,0 27.26201336154799,-25.72448426534237,0 27.26201926365517,-25.72464569121224,0 27.26202384354194,-25.72474707522218,0 27.26205684639985,-25.72484048058696,0 27.26231287743582,-25.72541415813342,0 27.26271005278941,-25.72622031480384,0 27.26290940168722,-25.72662386359903,0 27.26313367378543,-25.72704502433092,0 27.26358802924521,-25.7278373233313,0 27.2645077646039,-25.72945426974661,0 27.26497453025184,-25.73027317519598,0 27.26539904102986,-25.73109073762138,0 27.26559575195361,-25.73152747127261,0 27.26575198563735,-25.73199497038735,27.26584254237499 -25.73222721081839,0,0 27.266004661465,-25.73236543106427,0 27.26609641638503,-25.7324399394673,0 27.26613388583297,-25.73254920654311,0 27.26612682933252,-25.73264040701341,0 27.26610254564491,-25.73272816247789,0 27.2661118295653,-25.73289962489636,0 27.26615879313957,-25.73308762572717,0 27.26623245884538,-25.73329540657247,0 27.26629179344793,-25.73351560735059,0 27.26640283239885,-25.73394921059515,0 27.26661484830917,-25.73484349019152,0 27.26707888072714,-25.73672824868028,0 27.26720110241162,-25.73720346655211,0 27.26733979685875,-25.73768269854289,0 27.26748906465623,-25.7381238652594,0 27.267560468927,-25.73833985072465,0 27.26766230811534,-25.73854438155265,0 27.26775585602211,-25.73881980433694,0 27.26778781478464,-25.73895513442648,0 27.26785688507637,-25.73909954681821,0 27.2680544221363,-25.73928470894748,0 27.2680942418862,-25.73932417970883,0 27.26810632852644,-25.73937331341192,0 27.26809714915414,-25.73945850211359,0 27.26808550303431,-25.73963442062144,0 27.26816981032492,-25.73992049429961,0 27.26827591512625,-25.74020857404926,0 27.26839713931322,-25.74050049753507,0 27.26851118682367,-25.74079725141901,0 27.26872108519182,-25.74136845539345,0 27.26891558285148,-25.74195162934152,0 27.2691962162404,-25.74282201006406,0 27.26944270185938,-25.74369040598125,0 27.26965555905517,-25.74455079652813,0 27.26984063969708,-25.7454112701287,0 27.26988215700671,-25.74567602023027,0 27.2699117291782,-25.74594450853009,0 27.26992710890428,-25.74606906267069,0 27.26994999264722,-25.7461905466852,0 27.27006609768004,-25.74636243357235,0 27.27014699491765,-25.74643303530891,0 27.27018447840952,-25.7465376160551,0 27.27016071455474,-25.74664917955502,0 27.27011255589072,-25.74676397206484,0 27.27010189898073,-25.74690915243325,0 27.27011466818015,-25.74706862973558,0 27.27019093469563,-25.74764731367796,0 27.27025305064215,-25.74819169272389,0 27.27031501522486,-25.7487441178176,0 27.27043494658013,-25.74983978546781,0 27.27068020667092,-25.75219444688221,0 27.27074314433417,-25.75279020715793,0 27.27077490045903,-25.7533795879105,0 27.27077431813515,-25.75350162030205,0 27.27083278585789,-25.75359741415634,0 27.27089003410867,-25.753680665038,0 27.27096675159146,-25.75375200493695,0 27.27099515812138,-25.7538160819401,0 27.27099373351619,-25.75388718104328,0 27.27096252921499,-25.75398519073087,0 27.27091713747346,-25.75410687008587,0 27.27090444683612,-25.7542246087948,0 27.27093209896141,-25.75453323328385,0 27.27118182852492,-25.75693163418246,0 27.27128917270608,-25.75814862192819,0 27.27133657584939,-25.75875874751193,0 27.27138777946628,-25.75936770722167,0 27.27144727024008,-25.76017835705562,0 27.27147253477485,-25.76058743770055,0 27.27148296287593,-25.76099120806887,0 27.27148494542364,-25.76115000158641,0 27.27150137904356,-25.76122687638301,0 27.27154435509634,-25.76131048495096,0 27.27164017673332,-25.76144012167494,0 27.27168555096835,-25.76151535237151,0 27.27169818482416,-25.76159852099187,0 27.27163581231867,-25.76177460017424,0 27.27159697408071,-25.76193360634313,0 27.27164804215494,-25.76262569922366,0 27.27177468075746,-25.76424452894003,0 27.27183718901973,-25.76506904111912,0 27.27190991684717,-25.7658888748893,0 27.27199843441597,-25.76695009525032,0 27.27201643950071,-25.76721489213766,0 27.27203212045177,-25.76747223973202,0 27.27203856611811,-25.76773792818327,0 27.27202519264144,-25.76801749637804,0 27.27202514136474,-25.76816461778029,0 27.27200841876395,-25.76830689434846,0 27.27197885711389,-25.7685540567474,0 27.27193965128294,-25.76878742259242,0 27.27188080069122,-25.76902455380091,0 27.27180337193774,-25.76925568257204,0 27.27171491142906,-25.76948660221279,0 27.27166103580875,-25.76962267652682,0 27.27165722384982,-25.76970476040627,0 27.27166841057341,-25.76978354446353,0 27.27166841057341,-25.76978354446353,0 27.27165722384982,-25.76970476040627,0 27.27166103580875,-25.76962267652682,0 27.27171491142906,-25.76948660221279,0 27.27180337193774,-25.76925568257204,0 27.27188080069122,-25.76902455380091,0 27.27193965128294,-25.76878742259242,0 27.27197885711389,-25.7685540567474,0 27.27200841876395,-25.76830689434846,0 27.27202514136474,-25.76816461778029,0 27.27202519264144,-25.76801749637804,0 27.27203856611811,-25.76773792818327,0 27.27203212045177,-25.76747223973202,0 27.27201643950071,-25.76721489213766,0 27.27199843441597,-25.76695009525032,0 27.27190991684717,-25.7658888748893,0 27.27183718901973,-25.76506904111912,0 27.27177468075746,-25.76424452894003,0 27.27164804215494,-25.76262569922366,0 27.27159697408071,-25.76193360634313,0 27.27163581231867,-25.76177460017424,0 27.27169818482416,-25.76159852099187,0 27.27168555096835,-25.76151535237151,0 27.27164017673332,-25.76144012167494,0 27.27154435509634,-25.76131048495096,0 27.27150137904356,-25.76122687638301,0 27.27148494542364,-25.76115000158641,0 27.27148296287593,-25.76099120806887,0 27.27147253477485,-25.76058743770055,0 27.27144727024008,-25.76017835705562,0 27.27138777946628,-25.75936770722167,0 27.27133657584939,-25.75875874751193,0 27.27128917270608,-25.75814862192819,0 27.27118182852492,-25.75693163418246,0 27.27093209896141,-25.75453323328385,0 27.27090444683612,-25.7542246087948,0 27.27091713747346,-25.75410687008587,0 27.27096252921499,-25.75398519073087,0 27.27099373351619,-25.75388718104328,0 27.27099515812138,-25.7538160819401,0 27.27096675159146,-25.75375200493695,0 27.27089003410867,-25.753680665038,0 27.27083278585789,-25.75359741415634,0 27.27077431813515,-25.75350162030205,0 27.27077490045903,-25.7533795879105,0 27.27074314433417,-25.75279020715793,0 27.27068020667092,-25.75219444688221,0 27.27043494658013,-25.74983978546781,0 27.27031501522486,-25.7487441178176,0 27.27025305064215,-25.74819169272389,0 27.27019093469563,-25.74764731367796,0 27.27011466818015,-25.74706862973558,0 27.27010189898073,-25.74690915243325,0 27.27011255589072,-25.74676397206484,0 27.27016071455474,-25.74664917955502,0 27.27018447840952,-25.7465376160551,0 27.27014699491765,-25.74643303530891,0 27.27006609768004,-25.74636243357235,0 27.26994999264722,-25.7461905466852,0 27.26992710890428,-25.74606906267069,0 27.2699117291782,-25.74594450853009,0 27.26988215700671,-25.74567602023027,0 27.26984063969708,-25.7454112701287,0 27.26965555905517,-25.74455079652813,0 27.26944270185938,-25.74369040598125,0 27.2691962162404,-25.74282201006406,0 27.26891558285148,-25.74195162934152,0 27.26872108519182,-25.74136845539345,0 27.26851118682367,-25.74079725141901,0 27.26839713931322,-25.74050049753507,0 27.26827591512625,-25.74020857404926,0 27.26816981032492,-25.73992049429961,0 27.26808550303431,-25.73963442062144,0 27.26809714915414,-25.73945850211359,0 27.26810632852644,-25.73937331341192,0 27.2680942418862,-25.73932417970883,0 27.2680544221363,-25.73928470894748,0 27.26785688507637,-25.73909954681821,0 27.26778781478464,-25.73895513442648,0 27.26775585602211,-25.73881980433694,0 27.26766230811534,-25.73854438155265,0 27.267560468927,-25.73833985072465,0 27.26748906465623,-25.7381238652594,0 27.26733979685875,-25.73768269854289,0 27.26720110241162,-25.73720346655211,0 27.26707888072714,-25.73672824868028,0 27.26661484830917,-25.73484349019152,0 27.26640283239885,-25.73394921059515,0 27.26629179344793,-25.73351560735059,0 27.26623245884538,-25.73329540657247,0 27.26615879313957,-25.73308762572717,0 27.2661118295653,-25.73289962489636,0 27.26610254564491,-25.73272816247789,0 27.26612682933252,-25.73264040701341,0 27.26613388583297,-25.73254920654311,0 27.26609641638503,-25.7324399394673,0 27.266004661465,-25.73236543106427,0 27.26584254237499,-25.73222721081839,0 27.26575198563735,-25.73199497038735,0 27.26559575195361,-25.73152747127261,0 27.26539904102986,-25.73109073762138,0 27.26497453025184,-25.73027317519598,0 27.2645077646039,-25.72945426974661,0 27.26358802924521,-25.7278373233313,0 27.26313367378543,-25.72704502433092,0 27.26290940168722,-25.72662386359903,0 27.26271005278941,-25.72622031480384,0 27.26231287743582,-25.72541415813342,0 27.26205684639985,-25.72484048058696,0 27.26202384354194,-25.72474707522218,0 27.26201926365517,-25.72464569121224,0 27.26201336154799,-25.72448426534237,0 27.26200981680219,-25.72442905017349,0 27.26198737580939,-25.72437496308602,0 27.26195312561735,-25.72433058248255,0 27.26191660374294,-25.72429678843574,0 27.26175999079379,-25.72418557622965,0 27.26167077168417,-25.72404278535674,0 27.26161335610097,-25.72387388181518,0 27.26151964057704,-25.72357621571907,0 27.26140426518059,-25.72328521069549,0 27.26093607159781,-25.72210606889576,0 27.25997456608458,-25.7197556612763,0 27.25951829255639,-25.71858547563118,0 27.25933212680721,-25.71808920576751,0 27.25931594066457,-25.71790374315532,0 27.25933053907519,-25.71769868495355,0 27.25929910769148,-25.7176416948316,0 27.25924108664761,-25.7176007139122,0 27.25912647519478,-25.71752003380698,0 27.25906531657066,-25.71744699785889,0 27.25901953885008,-25.71736016531844,0 27.25828192701661,-25.71497319958583,0 27.25752374267172,-25.71245477363059,0 27.25714372419687,-25.71119692703248,0 27.25697205768709,-25.71055493896074,0 27.25680574591058,-25.70991403752044,0 27.25666679157963,-25.70924619259572,0 27.25652896019193,-25.70857883471004,0 27.25624262997715,-25.70729415840917,0 27.25618712470379,-25.7069955202962,0 27.25612927458704,-25.70667233507749,0 27.25607957345033,-25.70645726332263,0 27.25604616685198,-25.70625203316763,0 27.25598059808016,-25.70601829715167,0 27.25593866737752,-25.70585757209991,0 27.25590879648023,-25.7056886338587,0 27.25584436104056,-25.70535759188251,0 27.25580980497002,-25.70520376813646,0 27.25576358465266,-25.70505896324599,0 27.25565073370098,-25.70473820793798,0 27.25552546916166,-25.70438813805267,0 27.25547502504927,-25.70419240424694,0 27.25543624994692,-25.70401176280831,0 27.25537315395399,-25.70367382545921,0 27.25529638901505,-25.70332553434505,0 27.25514978178265,-25.70258873620395,0 27.25498238617842,-25.70189194707756,0 27.2546710411479,-25.70049392258692,0 27.25437415093802,-25.69912964444321,27.25406898961265 -25.69771700475489,0,0 27.25372993356337,-25.69627597664425,0 27.25343464449463,-25.6949057867441,0 27.25332328308664,-25.69421223268949,0 27.25322566386434,-25.69351919170926,0 27.25319370783861,-25.69324308183085,0 27.25316018071074,-25.69296187014655,0 27.25312418090125,-25.6923867176403,0 27.25310638486814,-25.69184055036025,0 27.25310265942864,-25.69129431507579,0 27.25311299400687,-25.69073895063208,0 27.25314492576247,-25.69017862142638,0 27.25326746440509,-25.68906397980488,0 27.25321574818108,-25.6889981211006,0 27.25310198808428,-25.68896231221426,0 27.2529587094825,-25.68895310531029,0 27.25275363122814,-25.68894120329351,0 27.25253474431894,-25.6889242172339,0 27.25237891616827,-25.68888239692971,0 27.25233396381754,-25.68884695509677,0 27.25230565088572,-25.68880845955642,0 27.2522876389224,-25.6887319074391,0 27.25227378352251,-25.68869241107046,0 27.25225304740303,-25.68866545423338,0 27.25219952462912,-25.6884786943525,0 27.25212588533967,-25.68810982707245,0 27.25194998028515,-25.68738343269021,0 27.25188665948146,-25.68707499597254,0 27.25181609229505,-25.68674542479566,0 27.25166947538082,-25.68610099012871,0 27.25156910423707,-25.68562519926425,0 27.25148088086438,-25.68513402478865,0 27.25132225055755,-25.68418339555369,0 27.25106629426225,-25.68225143551691,0 27.25098402945033,-25.681775021737,0 27.25093140597717,-25.6815183340187,0 27.25085400908667,-25.68126460559155,0 27.25076908721226,-25.68107204755149,0 27.25072842686175,-25.68099009434318,0 27.2506421928742,-25.68088954441464,0 27.25058037579037,-25.68082852976234,0 27.25050266510232,-25.68079092995119,0 27.25039509395857,-25.68075119551608,0 27.25027548099088,-25.68071636571599,0 27.24996653550956,-25.68063283764138,0 27.24960129273506,-25.68052963858679,0 27.24891168915438,-25.68033396008222,0 27.24790659755,-25.68005462343899,0 27.24690566226174,-25.67977863121225,0 27.24639568744057,-25.67963326883746,0 27.24615245717464,-25.67957529466532,0 27.24589940740558,-25.67953218282907,0 27.2457320522127,-25.67952174349092,0 27.24552332206995,-25.67953407218937,0 27.24537206831751,-25.67957160427538,0 27.24527141736221,-25.67961587459877,0 27.24500395405655,-25.67974893584877,0 27.24475780501874,-25.67990778822508,0 27.24450921997571,-25.68008651388658,0 27.24394783822382,-25.6805024980299,0 27.24368612483367,-25.68069778736666,0 27.24351577292605,-25.68085138904499,0 27.24335408681736,-25.68102968954521,0 27.24284607017093,-25.68167239651058,0 27.24264414576058,-25.68192742270487,0 27.24250261961654,-25.68211178878481,0 27.24222669623198,-25.6824536224094,0 
					</coordinates>
				</LineString>
			</Placemark>
			<Placemark id="01DBE01BFD4081996C30">
				<name>10 Sept Stage 2: Rustenburg to Swartruggens</name>
				<open>1</open>
				<LookAt>
					<longitude>26.6891113626821</longitude>
					<latitude>-25.66023509153158</latitude>
					<altitude>1276.933314612985</altitude>
					<heading>350.4788430106264</heading>
					<tilt>0</tilt>
					<gx:fovy>30</gx:fovy>
					<range>277.4964969363646</range>
					<altitudeMode>absolute</altitudeMode>
				</LookAt>
				<styleUrl>#__managed_style_1F35887578411A0E9FE1</styleUrl>
				<LineString>
					<coordinates>
						27.24222785611732,-25.68245295224039,0 27.24256781052783,-25.68202632937347,0 27.24298531425128,-25.68149165249906,0 27.24336208757028,-25.68101311013154,0 27.24356599600598,-25.68079723382991,0 27.24388421184566,-25.68054083085668,0 27.24439588558722,-25.68016653734169,0 27.24503832104737,-25.67973092887083,0 27.24530950490032,-25.67960239008943,0 27.24544111788123,-25.67956543406175,0 27.24558476156706,-25.67952930659069,0 27.24575125415915,-25.67951933838529,0 27.24596620373419,-25.6795297866879,0 27.24616574186113,-25.67956947702065,0 27.24654853897346,-25.67967672182229,0 27.24696212238068,-25.67978897746841,0 27.24743172198539,-25.67991729493698,0 27.24783526584545,-25.68003273463126,0 27.2484258090842,-25.68020052729806,0 27.24923339220262,-25.6804251773371,0 27.25005010795043,-25.68065314578791,0 27.25040583448066,-25.68075104768348,0 27.2505886570288,-25.68083103494019,0 27.25072090027986,-25.68097786293771,0 27.25082017363729,-25.68118253607505,0 27.25092413849008,-25.68148612891953,0 27.25098741372661,-25.68177393666249,0 27.25106876537063,-25.68225180480267,0 27.25110871437349,-25.68257360473927,0 27.251176974709,-25.68308543264324,0 27.251282833666,-25.68386888190105,0 27.25132341495588,-25.68418356480048,0 27.25140638973871,-25.68468889777287,0 27.25155797902016,-25.68555340036426,0 27.25166251698226,-25.6860730336452,0 27.25177456910676,-25.68656099458176,0 27.25201527424345,-25.68765218647553,0 27.25213450380009,-25.68813613286617,0 27.25225423133626,-25.68867552428753,0 27.25228690210095,-25.688728653645,0 27.2523109287551,-25.68882109023761,0 27.25239175106442,-25.68889323047409,0 27.25255685327457,-25.68892962935938,0 27.25293515187649,-25.68895350100566,0 27.25308990253758,-25.68896161363278,0 27.25322434645726,-25.68900046146891,0 27.25326685470759,-25.68906753576945,0 27.25324687416064,-25.68923624101716,0 27.2531897163614,-25.68975844711359,0 27.25314540644459,-25.69023292085399,0 27.25311701360609,-25.69084155549479,0 27.25310643442078,-25.6913580036348,0 27.25310654627365,-25.69190054036752,0 27.25312289143901,-25.69238983502852,0 27.25315819971058,-25.69292883582203,0 27.25321829911605,-25.69345042983688,0 27.25328258875588,-25.69392908054929,0 27.25336757232156,-25.69449154298544,0 27.25344160277825,-25.69494480472105,0 27.25358937969701,-25.69569365623448,0 27.25378599463448,-25.69649174121895,0 27.2540628927721,-25.69767694107168,0 27.25420359288994,-25.69833492933557,0 27.25431390722724,-25.69890763857027,0 27.25442716305428,-25.69939002540229,0 27.25452559004322,-25.69985348232741,0 27.25467728730517,-25.70055236968233,0 27.25484204956313,-25.70129643937722,0 27.25493302305229,-25.70161253265154,0 27.25502386553363,-25.70193135453238,0 27.25509313394741,-25.70225659116416,0 27.25514369549879,-25.70245763102596,0 27.25517977797378,-25.70251389027555,0 27.25526449339099,-25.70256276440979,0 27.25540423714371,-25.70257791053037,0 27.2557133759646,-25.70252396027208,0 27.25611521576355,-25.70244325930973,0 27.25625363981433,-25.70238788805433,0 27.25635379673397,-25.70230819416254,0 27.2564187596491,-25.70219915806105,0 27.25645567475481,-25.70208635607197,0 27.25645332044484,-25.70194875720607,0 27.25640079498702,-25.70181875395779,0 27.25630872534823,-25.70171775502259,0 27.25611756914314,-25.70160710170179,0 27.25558353180111,-25.70130580041715,0 27.25485705828663,-25.7009113695346,0 27.25438350601647,-25.70065486488867,0 27.25375739419522,-25.70033027916573,0 27.25312633358145,-25.70000798630363,0 27.25257546684677,-25.69971026393528,0 27.25182518965052,-25.6993218664743,0 27.25133162763035,-25.69905831609577,0 27.25058247602084,-25.69867104961878,0 27.2496731391405,-25.69819191496763,0 27.24895720739166,-25.69781653394363,0 27.24855718155315,-25.69760625874869,0 27.24757398595353,-25.69709608737015,0 27.2465372653003,-25.69654323505323,0 27.2454824595751,-25.69599891898332,0 27.24439014585341,-25.69544846207478,0 27.24336291431797,-25.6949588394646,0 27.24295243858429,-25.69477058519147,0 27.24245419372053,-25.69454516876215,0 27.24197370830381,-25.69433490042697,0 27.24123339338764,-25.69402205703805,0 27.2404113325159,-25.69368906978728,0 27.23966481935496,-25.69339901897028,0 27.23909646885208,-25.69317924037029,0 27.23835332990794,-25.69290946456858,0 27.2376299008257,-25.69265658412477,0 27.2369613525759,-25.69242042460054,0 27.23597179253893,-25.69209069881165,0 27.23490054607543,-25.69176855078102,0 27.23377870763818,-25.6914553758925,0 27.23260371155024,-25.69115476760267,0 27.23148400412924,-25.69088418044259,0 27.23030058476331,-25.69063583539124,0 27.22928319032945,-25.69043453897917,0 27.22790869952526,-25.69019562269179,0 27.22644802495034,-25.68997466792401,0 27.22498166849429,-25.6897888727364,0 27.22325943062938,-25.68958714643189,0 27.22145897791529,-25.68937270919031,0 27.21959228728592,-25.68914967111624,0 27.21804411527191,-25.68896248585877,0 27.21655742120659,-25.68878713628449,0 27.21520778862002,-25.6886295479798,0 27.21409489723937,-25.68849468753499,0 27.21343299420227,-25.68839622854023,0 27.21246085308043,-25.68824474909526,0 27.2112853390166,-25.68802229816159,0 27.21011171436332,-25.68776262472583,0 27.20939803834879,-25.6876032690306,0 27.20840089091619,-25.68733549609165,0 27.20742995007588,-25.68705918684689,0 27.20659458052735,-25.68679984351996,0 27.20586799748719,-25.68655193545183,0 27.20465471855829,-25.68611461966807,0 27.20365255998334,-25.68571569174765,0 27.20241101271545,-25.68518314263984,0 27.20123321913339,-25.6846338012718,0 27.20014968150453,-25.68408822559826,0 27.19872872461483,-25.68330653823175,0 27.19814252066907,-25.68296379506608,0 27.19725263993535,-25.68240857708495,0 27.196373680368,-25.68183767149728,0 27.19545892844287,-25.68119258331269,0 27.19448344604855,-25.68047464608389,0 27.1936233321306,-25.67979560946331,0 27.19267394263025,-25.67900713572914,0 27.19189309019206,-25.67830086508339,0 27.19122723750773,-25.67767335093328,0 27.19071968448332,-25.67718222126378,0 27.19022146178049,-25.67667969605362,0 27.18973710001363,-25.67615989128711,0 27.18914442903965,-25.67552216833256,0 27.18858827252731,-25.67486864299064,0 27.18807767259905,-25.67424454710196,0 27.18732079014584,-25.67328868810375,0 27.18690547787558,-25.67276052646172,0 27.18645541628846,-25.67219461875537,0 27.18607331511273,-25.67170292433417,0 27.18571851181029,-25.6712812093741,0 27.18535695636346,-25.67081275068699,0 27.18501970109599,-25.67039490272145,0 27.1845306890423,-25.66976860102432,0 27.18405336334378,-25.66916380181453,0 27.18367606754057,-25.66869709419482,0 27.18337999958374,-25.66832193752573,0 27.18294568067409,-25.66776420617985,0 27.18252412579069,-25.66723743673849,0 27.1820598239681,-25.66665763051655,0 27.18165651850161,-25.66614269189997,0 27.18126174505574,-25.66564409968105,0 27.18091192846108,-25.66520657277106,0 27.18047285393185,-25.66465309865318,0 27.18002384403571,-25.66408169644904,0 27.17955778366399,-25.66349311264053,0 27.17907817864602,-25.66289497357282,0 27.17864046636707,-25.66234295026165,0 27.17816476772825,-25.66174041476672,0 27.17772050130085,-25.66118084368343,0 27.17733263760117,-25.66068275027579,0 27.17687666962565,-25.66012046706415,0 27.17651437075029,-25.65965889639674,0 27.17602303795044,-25.65903853003703,0 27.17559475643483,-25.65849404386725,0 27.17514471008359,-25.65792658164564,0 27.17476008427289,-25.6574466127325,0 27.17431688051377,-25.65687999802259,0 27.17391565751947,-25.65638582757718,0 27.17352312246235,-25.65588445929879,0 27.17309418535439,-25.65533518542555,0 27.17274485734493,-25.65490760701553,0 27.17238351128534,-25.6544472369603,0 27.17203647613728,-25.6540102749967,0 27.17151718236164,-25.65335326687717,0 27.17109118718165,-25.65281623493757,0 27.1707608529326,-25.65239325245004,0 27.17044878908705,-25.65200411996705,0 27.17008571804808,-25.65155988385818,0 27.16973995691621,-25.6511060151934,0 27.16931167664099,-25.65057906351975,0 27.16883928413346,-25.64997605439816,0 27.16834176197634,-25.64935495215209,0 27.16789474449406,-25.64880902439092,0 27.16747505435541,-25.64829820474923,0 27.16715887215983,-25.64789135876562,0 27.16686018978873,-25.64753183491248,0 27.16645915762246,-25.64701341500427,0 27.16598031207069,-25.64642252595007,0 27.16550028680431,-25.64580105052039,0 27.16506056621405,-25.64524479060104,0 27.16455261493709,-25.64464250275214,0 27.16379520411625,-25.6438032915986,0 27.16328368754483,-25.64327745547758,0 27.16275798483139,-25.64276957714685,0 27.16212249518101,-25.64219189035781,0 27.16167800955536,-25.64178362787239,0 27.16111321130399,-25.64132375314905,0 27.16068131453083,-25.64097990720313,0 27.16014509760281,-25.64056761152606,0 27.15954366866871,-25.64015211652549,0 27.15880640300873,-25.63965601843569,0 27.15824758929786,-25.63930607446602,0 27.15757189413698,-25.63888638255661,0 27.15693502882367,-25.63849354825579,0 27.15615617793855,-25.63801624981007,0 27.15545226575023,-25.63758061712493,0 27.15461611106046,-25.63706643406545,0 27.15389450307726,-25.63665770764054,0 27.15333028239186,-25.63630480536016,0 27.15279995166745,-25.63597982758123,0 27.15239028389037,-25.63572433506966,0 27.15186517947124,-25.63540254894535,0 27.15141036142701,-25.63511187848756,0 27.15093751030154,-25.63483430016672,0 27.15055740947706,-25.63460273020178,0 27.15009075178903,-25.63431825068457,0 27.14943617763959,-25.6339211455002,0 27.14897666787647,-25.63365294434075,0 27.14858282002873,-25.63346551165156,0 27.14813317255438,-25.63329190934817,0 27.14761078670272,-25.63315816238466,0 27.14720042441649,-25.63307170774183,0 27.14656954787338,-25.63300882456321,0 27.14616880148319,-25.63300671502741,0 27.14578033689875,-25.63302227498717,0 27.14537247948645,-25.6330693663071,0 27.1448640205473,-25.63317365728183,0 27.14445795530391,-25.63328654904402,0 27.14411121133227,-25.63340500415607,0 27.14379408841597,-25.63354619085543,0 27.14334809057207,-25.63373247803587,0 27.14293571300995,-25.63391735986612,0 27.14259780908845,-25.63404176983597,0 27.14212519111971,-25.63416709161422,0 27.14170591607956,-25.63425609267185,0 27.14109935214662,-25.63434549221122,0 27.14056516249417,-25.63440643107078,0 27.13997063185543,-25.63446605233256,0 27.13937294766698,-25.63453060244768,0 27.13869012525157,-25.63460571175064,0 27.1379884637963,-25.63468422571827,0 27.13720725389459,-25.63476485592694,0 27.13661785838729,-25.63483542356123,0 27.13609217490453,-25.63489185992197,0 27.13559292169611,-25.63494142729226,0 27.13499322949392,-25.63501173663695,0 27.13437692766796,-25.63508711034744,0 27.1335382876945,-25.63518417375424,0 27.13263347077303,-25.63529647740311,0 27.13202369228127,-25.63541660045322,0 27.13148808418701,-25.63556032398361,0 27.13091940927051,-25.63575418938493,0 27.13039734466782,-25.63597966352688,0 27.12998485271885,-25.6361888857731,0 27.1294598201067,-25.63649158765926,0 27.12904511924327,-25.6367661923181,0 27.12885090321471,-25.63689538188989,0 27.12853145519571,-25.63711912681325,0 27.1281878040487,-25.63735050369228,0 27.12784399133638,-25.63754075415115,0 27.12749628475315,-25.63772085153,0 27.127059817788,-25.63792276441712,0 27.12645274313639,-25.63815860898837,0 27.12596612949967,-25.63830402624368,0 27.12536377369385,-25.63844230088262,0 27.1247645115025,-25.6385305925442,0 27.1239521560742,-25.63858879860781,0 27.12338164275729,-25.63858608621543,0 27.12286064582843,-25.63855293665589,0 27.12199001288565,-25.63850225485508,0 27.12053089781014,-25.63840948094822,0 27.11946577856966,-25.6383440956226,0 27.11746339413699,-25.63821557466479,0 27.11526781157394,-25.63809796487137,0 27.11345689333027,-25.63803314064915,0 27.11218041463233,-25.63802446727103,0 27.11097567087004,-25.63802898626151,0 27.10978311686883,-25.63802456460361,0 27.10818668653786,-25.63803170233536,0 27.10723711695681,-25.63802053083052,0 27.10596922439675,-25.63802699691686,0 27.10493549888119,-25.63801943261325,0 27.10388047239593,-25.63803872818093,0 27.10282555261382,-25.63802412588574,0 27.10169790987993,-25.63802248357443,0 27.10059707696055,-25.63802310077537,0 27.09985539976118,-25.63804056521647,0 27.09817022084717,-25.63804443486377,0 27.09684964042649,-25.63804096551527,0 27.096169138325,-25.63802911060142,0 27.09395697579852,-25.63802598942578,0 27.09191172329864,-25.638008059982,0 27.0905773529275,-25.6380003012518,0 27.08854277103951,-25.63799751912425,0 27.08665922268167,-25.63799387974683,0 27.08439776475405,-25.6379740218243,0 27.08179174792488,-25.63796442145885,0 27.07898654052021,-25.63795793687699,0 27.07645681730249,-25.63795407246968,0 27.07355744252758,-25.63795191340937,0 27.07096220928389,-25.63794091711042,0 27.06847158564157,-25.63794539472489,0 27.06549271751776,-25.63793767674158,0 27.06303642204382,-25.63793216286849,0 27.06033115875053,-25.63792063109745,0 27.05737286226082,-25.63791266711764,0 27.05509359594762,-25.63791056688403,0 27.05347872463301,-25.63790573848692,0 27.0518463517229,-25.63790463958607,0 27.05003434606886,-25.63790251761894,0 27.04897471594893,-25.63793315950308,0 27.04765031719361,-25.63792973313848,0 27.04681214698683,-25.63792448621775,0 27.04614930837471,-25.63789770716744,0 27.04571026653479,-25.63789274413123,0 27.04459351020783,-25.63788724902354,0 27.04337060864478,-25.63788606404583,0 27.04169739165818,-25.63789246870191,0 27.03995083931149,-25.63789896276404,0 27.03822166662171,-25.63790537247283,0 27.03760401067622,-25.63789322694812,0 27.03699877147904,-25.63784118905046,0 27.03656477559673,-25.63780075812463,0 27.03614069647663,-25.63774115402099,0 27.03562492527318,-25.63763529248553,0 27.03466356853203,-25.63743966355133,0 27.03401692714106,-25.63728696457593,0 27.03275678628417,-25.63700495384121,0 27.03168132280342,-25.6367738886957,0 27.03113924849796,-25.63666475044367,0 27.03063617937266,-25.63660742214118,0 27.0300567203236,-25.63657079619234,0 27.02925552096078,-25.63659738881402,0 27.02803419475749,-25.63675111430741,0 27.02626751863262,-25.63703705336126,0 27.02479002327442,-25.63726725465524,0 27.02427273482612,-25.63732791308338,0 27.02378330820171,-25.63734622900252,0 27.02340539879615,-25.63733387446546,0 27.0231169645048,-25.63729991747027,0 27.02279540756216,-25.63724926025013,0 27.02234256085627,-25.63715143697869,0 27.02194899690754,-25.63705895850624,0 27.02131274235368,-25.63689492076425,0 27.02061466690169,-25.63673320412892,0 27.01981136275355,-25.63654312957185,0 27.01871790125077,-25.63628246931392,0 27.01779682197781,-25.63606720102962,0 27.0169940169218,-25.63587838540494,0 27.01611172155108,-25.63566366408251,0 27.01541308526524,-25.6355002296117,0 27.01446625733949,-25.63527721770357,0 27.01356612834795,-25.6350803040663,0 27.01247112667689,-25.63482278848095,0 27.01135489446851,-25.6345559153367,0 27.01053783089875,-25.63433956331977,0 27.00984175419445,-25.6341667813573,0 27.00880114848999,-25.63392500944272,0 27.00778467703564,-25.6336780249023,0 27.00706558094157,-25.63350991047449,0 27.00591086467828,-25.63323446706863,0 27.00497418280944,-25.63300271727932,0 27.00366028513096,-25.6326840084964,0 27.00112146444877,-25.63209115903827,0 26.99851217673631,-25.63147278695241,0 26.99663858580773,-25.63102355887712,0 26.99581394924859,-25.63083126856406,0 26.9950141306559,-25.63066944192956,0 26.99456091285779,-25.63059820243402,0 26.99278234340603,-25.63034966794569,0 26.99027640071857,-25.63000564198614,0 26.98886378004499,-25.62983696788375,0 26.98778398418429,-25.62970275743429,0 26.9858522860548,-25.62959129168173,0 26.98365343169752,-25.62957700039023,0 26.98229638808066,-25.62959005158372,0 26.98154456213289,-25.62965333560831,0 26.98092804917932,-25.62977117602878,0 26.980147448406,-25.62994524176913,0 26.97919540445638,-25.63013509774026,0 26.97797860500319,-25.63040132941122,0 26.97694120293512,-25.63062691140554,0 26.97605093949169,-25.63080717494142,0 26.97537020664768,-25.63095515412185,0 26.9747500231747,-25.63103227139682,0 26.97370918663952,-25.63105756479495,0 26.97253932364836,-25.63095616469052,0 26.97127627515746,-25.63085740345221,0 26.9704618381457,-25.63082297546408,0 26.96978244815405,-25.63086555937127,0 26.96859595871823,-25.6309580204312,0 26.96763919838993,-25.63104129302208,0 26.96673410346408,-25.63110090139118,0 26.96609983214184,-25.63110916834541,0 26.96534539052605,-25.63104076783961,0 26.96481827952073,-25.63094079065528,0 26.9641268929198,-25.63077818199921,0 26.96305772860867,-25.63038304445886,0 26.96217251274409,-25.63001113608359,0 26.96139848929393,-25.62968791295571,0 26.96011569555911,-25.62916066568764,0 26.95858011047796,-25.62852011607003,0 26.95722739133031,-25.62795886394419,0 26.95602379632776,-25.62746084393918,0 26.95519453957544,-25.62711480082603,0 26.95399639564864,-25.62661578510529,0 26.95300292479558,-25.62620089184945,0 26.95212671318377,-25.62583870078651,0 26.95163821690541,-25.62562474280161,0 26.95102102446549,-25.62537922702881,0 26.95040729624209,-25.62516874254195,0 26.94974265703986,-25.62498141477014,0 26.94890770125802,-25.62481833434434,0 26.94815378082418,-25.62474183279678,0 26.94725130990628,-25.62471376123674,0 26.94656743001568,-25.62474402366286,0 26.94588588011077,-25.62482909154293,0 26.9453796055671,-25.62492366941081,0 26.94473619222256,-25.62508219216681,0 26.94413375169722,-25.62525307399425,0 26.94357379956815,-25.62542646474297,0 26.94281175477616,-25.62566330225627,0 26.94210086000301,-25.62587305109521,0 26.94143226136947,-25.62608577734728,0 26.94034600696709,-25.62640293043601,0 26.93955207770657,-25.62665100017373,0 26.9386791081959,-25.62690563929041,0 26.93753030027105,-25.62725020247519,0 26.93622209410939,-25.62765369244008,0 26.93484904036431,-25.62806606788544,0 26.93350113491631,-25.62847999979672,0 26.93268739950464,-25.62872278745073,0 26.93189408529048,-25.62896586262644,0 26.93115191857443,-25.62919344253621,0 26.93030596037532,-25.62944979858965,0 26.92936896337265,-25.62973894771586,0 26.92841620599144,-25.63004871347399,0 26.92656634412967,-25.63062122451346,0 26.92574189596154,-25.63086202867912,0 26.92392974739111,-25.63140872352249,0 26.92243509375194,-25.63186416200093,0 26.92083919106026,-25.63235198184577,0 26.91963227393362,-25.63272073786363,0 26.91805586449583,-25.63320334770008,0 26.91628392771171,-25.63376177004476,0 26.91488580040523,-25.63422741064472,0 26.91414362906692,-25.6344867974433,0 26.91311151474221,-25.63486105908365,0 26.91152125804045,-25.63533299224835,0 26.91085447591032,-25.63551402469447,0 26.90942519671065,-25.6358656435563,0 26.90754663706523,-25.63633557706324,0 26.90574909603802,-25.63676955292895,0 26.9040475448422,-25.63719422711936,0 26.90219463480224,-25.63765279825084,0 26.90133044102226,-25.63786071887333,0 26.90080886269991,-25.63795128966704,0 26.90030590414344,-25.63801160663532,0 26.89976677338615,-25.63805476776545,0 26.8992626432687,-25.63807432079732,0 26.89910767532658,-25.63808262718188,0 26.89860561614521,-25.63807256067835,0 26.8978748924957,-25.63801917319345,0 26.89694041834668,-25.63795867625316,0 26.89589578386538,-25.63789259048905,0 26.89469894196236,-25.63781520228752,0 26.89315301698013,-25.63771240208592,0 26.89181169506793,-25.63762199055856,0 26.88997682044037,-25.63750167632891,0 26.88853421684678,-25.63740972808548,0 26.88697906862069,-25.63730626969685,0 26.88553777885626,-25.63721219893734,0 26.88392495749909,-25.63710707595475,0 26.88257009953981,-25.63699607975461,0 26.88076862297005,-25.6368717645654,0 26.87963449622081,-25.63679484273453,0 26.87882281945394,-25.63676816422253,0 26.87831711094717,-25.63674794021914,0 26.87682999724037,-25.63664306452074,0 26.87610264762231,-25.63659342084557,0 26.87557646005242,-25.63657780133289,0 26.87496978307868,-25.63661807734168,0 26.87419306439917,-25.63671673785431,0 26.87355414726257,-25.63685556407729,0 26.87302714198509,-25.63699682695113,0 26.87238164005526,-25.6371794628822,0 26.87155933975765,-25.63740831421697,0 26.87098921716989,-25.63757644138948,0 26.87031864333629,-25.63776392894354,0 26.86903767447872,-25.63812406453149,0 26.8669913204907,-25.63869467931697,0 26.86561062372476,-25.63909126912674,0 26.86485440790344,-25.63927445757941,0 26.8639976232142,-25.63942617101935,0 26.86301309626328,-25.63954848506578,0 26.86192304633142,-25.63967866658247,0 26.86028053093663,-25.63988258935164,0 26.85869096916654,-25.64006932422735,0 26.85654704519768,-25.6403316786324,0 26.85456872276812,-25.64057895808503,0 26.85235766487133,-25.64084370845615,0 26.84979339827551,-25.64115455030332,0 26.84767695700927,-25.6414069409835,0 26.84537763393327,-25.64168111623529,0 26.84295218741464,-25.64198042262399,0 26.84067662870644,-25.64225420212171,0 26.83804046733678,-25.64258335630129,0 26.83637476799938,-25.64278115581223,0 26.83416173481476,-25.64304825891344,0 26.83338268539742,-25.64313852219536,0 26.83262137228385,-25.64319465656216,0 26.83145994883152,-25.64323034569755,0 26.83054166666033,-25.64327153371153,0 26.8291480073193,-25.64330403675295,0 26.82805434997008,-25.64331292070366,0 26.82732867626489,-25.6432964923193,0 26.82684229014261,-25.64330802428019,0 26.8260021268489,-25.64332162048679,0 26.82485705253505,-25.64334263261478,0 26.82366024102348,-25.6433637756582,0 26.82240070435787,-25.6433826452089,0 26.82085447771717,-25.64341053381923,0 26.81952329872517,-25.6434322532964,0 26.81813179306387,-25.6435392077628,0 26.81716324187786,-25.64368350505507,0 26.81558498456382,-25.64397008569657,0 26.81407750207888,-25.64422473552449,0 26.81183309201234,-25.64461476179454,0 26.81011976077973,-25.64492110064768,0 26.80968375784521,-25.64497526415375,0 26.80921310645,-25.64499695437372,0 26.80881789374046,-25.64500295718334,0 26.80835556828416,-25.64499357218514,0 26.80813643898104,-25.64497830651926,0 26.8077556292603,-25.64493566671342,0 26.80700669065367,-25.64480323897449,0 26.80543305915048,-25.64447621313759,0 26.80370230669595,-25.6441115937366,0 26.8027252677785,-25.64390994313744,0 26.801698146194,-25.64369826140997,0 26.80031980590633,-25.64340745787043,0 26.79908579725533,-25.64315299984809,0 26.79870278153121,-25.64308807977375,0 26.79828296745912,-25.6430363635133,0 26.7977634131409,-25.64300714749999,0 26.79693259973111,-25.64302780034975,0 26.79648479466496,-25.64307129884787,0 26.7957253039514,-25.64320109143706,0 26.79507953150589,-25.643364744115,0 26.79450203590594,-25.64356898828513,0 26.79391517785225,-25.64382160630396,0 26.79301560476772,-25.64418953837552,0 26.79182669761114,-25.64468077634001,0 26.79078332613827,-25.64510589667837,0 26.78972561338118,-25.64554801609003,0 26.78893593259228,-25.64587742874054,0 26.78843355726737,-25.64606232732571,0 26.78795159546535,-25.64622862042299,0 26.7873197903378,-25.64640663405776,0 26.78664712807457,-25.64655023401975,0 26.78605475548672,-25.64665859387728,0 26.78551112276213,-25.64672817501102,0 26.78474385394874,-25.64679427024017,0 26.78393743931476,-25.64685139179173,0 26.78308812307644,-25.64690771375702,0 26.78234268252873,-25.64695903646079,0 26.7816818921877,-25.64700784716058,0 26.78122656814563,-25.64706343021532,0 26.78064657988929,-25.64715652216737,0 26.78020209741784,-25.64722697549458,0 26.77966036155521,-25.64735458698311,0 26.77897613694047,-25.64753413808013,0 26.77828674398614,-25.64775395795548,0 26.77751726325287,-25.64804991757418,0 26.77649083109718,-25.648464035084,0 26.77577141598588,-25.64875134727352,0 26.77523126919534,-25.64896636230269,0 26.77469905303494,-25.64916911525295,0 26.7742508165417,-25.6493113956391,0 26.77367268218925,-25.64947228985514,0 26.77274181970927,-25.64969575082208,0 26.77193245326215,-25.64988506478089,0 26.77101339837635,-25.65008185201641,0 26.77020389949205,-25.65027176894731,0 26.76923652042777,-25.65048202721481,0 26.7683760882063,-25.65067216897935,0 26.76742709581911,-25.65089291324094,0 26.76648688678512,-25.65109777845409,0 26.76552545547076,-25.65131698095035,0 26.76460137272739,-25.65152508106008,0 26.76407789802525,-25.65163485120378,0 26.7636505834014,-25.651700987598,0 26.76326704257942,-25.65173792695937,0 26.76290546355568,-25.65176945312753,0 26.76248203296888,-25.65178491979108,0 26.76188937251793,-25.65178168886685,0 26.76038760889121,-25.65173338817895,0 26.75908614517886,-25.65169088025931,0 26.75877908328866,-25.65167443507734,0 26.75846737887484,-25.651656357534,0 26.75816335256643,-25.65161677434117,0 26.75780493271407,-25.65156617908254,0 26.75661291288763,-25.65133494275785,0 26.75574358558724,-25.65114451188646,0 26.75503814945036,-25.65098991702,0 26.75446967500798,-25.65091480908298,0 26.75376404558417,-25.65085604076962,0 26.75318359423606,-25.65083244837984,0 26.75233853822287,-25.65079951436404,0 26.75140849015267,-25.65077087633689,0 26.75035458705476,-25.65073995306019,0 26.74939506792569,-25.65075972095258,0 26.74773513766013,-25.65079285620404,0 26.74596238133394,-25.65083124782657,0 26.74388963480472,-25.65090887234177,0 26.74194704092787,-25.65100357509721,0 26.7401893698698,-25.65109994486352,0 26.73973165343025,-25.65111196858561,0 26.73923243869013,-25.65111993468641,0 26.73882361441743,-25.65111357022243,0 26.73835511292583,-25.65110808117079,0 26.73701833589974,-25.65107126168311,0 26.7360532894074,-25.65105054606034,0 26.7343994140135,-25.65101247844903,0 26.73338909088794,-25.65098442535886,0 26.73215833462542,-25.65095469280132,0 26.7299923299965,-25.65089956211231,0 26.72776726119985,-25.65084213860008,0 26.72560445372849,-25.65078875116123,0 26.72354431978038,-25.65074380715308,0 26.72153361125198,-25.65068756327629,0 26.71983133919493,-25.65064238232276,0 26.7187718195336,-25.65061665929898,0 26.71751988379346,-25.65058662085021,0 26.71608941077718,-25.65055289899208,0 26.71447641707052,-25.65052459210836,0 26.71308733484766,-25.65047358173076,0 26.71114404268007,-25.65042475141182,0 26.70952864456254,-25.65037851319448,0 26.70787594502084,-25.65034423415555,0 26.70684420149013,-25.65032741919501,0 26.70579786399522,-25.65033145689272,0 26.70439315831103,-25.65034242891967,0 26.70308820627826,-25.65035314082776,0 26.70171640177305,-25.65035597868639,0 26.70005773041516,-25.65037497899214,0 26.69843400229395,-25.6503899592142,0 26.69716698193536,-25.65039867920786,0 26.69526407225942,-25.65041049826521,0 26.69435931131348,-25.65045534815723,0 26.69344149720852,-25.65045488835966,0 26.69194541725356,-25.65046224341063,0 26.69082483570157,-25.65047404751546,0 26.69001640475481,-25.65047914738827,0 26.68991786279265,-25.65051663410983,0 26.6898604538453,-25.65062166333562,0 26.6898624310568,-25.65068398201047,0 26.68993419275216,-25.65087440083509,0 26.68996363361962,-25.65103148420203,0 26.68998405413728,-25.65124543445567,0 26.68997014871613,-25.65139929365059,0 26.689894929857,-25.65190497883308,0 26.68981383339748,-25.65240379465706,0 26.68974110213055,-25.65289141756417,0 26.68963256897822,-25.65381281007459,0 26.68943453162397,-25.65487380190392,0 26.68941245845785,-25.65507951392648,0 26.68939479351177,-25.65534087500133,0 26.68941675615199,-25.65579702251969,0 26.6894873996312,-25.65640667567731,0 26.68959385715014,-25.65720319049434,0 26.68970216934012,-25.65812933822161,0 26.68972499517424,-25.65842097739182,0 26.6896899072397,-25.65879854201376,0 26.68964036579887,-25.65920874027773,0 26.68952213367888,-25.6595642006355,0 26.68915140987195,-25.66027010412842,0 26.68899794679213,-25.66053757296579,0 
					</coordinates>
				</LineString>
			</Placemark>
		</Folder>
		<Folder id="27B38E80FB411A0DE7D9">
			<name>Day 2 Half Blind</name>
			<open>1</open>
			<styleUrl>#__managed_style_0BAE4CF975411A0E9FE0</styleUrl>
			<Placemark id="3AA53E9CD6411A0DE7D9">
				<name>Day 2  Swartruggens Dam Start Line</name>
				<open>1</open>
				<LookAt>
					<longitude>26.69037960631919</longitude>
					<latitude>-25.66042642391424</latitude>
					<altitude>1266.89654404183</altitude>
					<heading>0</heading>
					<tilt>0</tilt>
					<gx:fovy>35</gx:fovy>
					<range>2308.645391383907</range>
					<altitudeMode>absolute</altitudeMode>
				</LookAt>
				<styleUrl>#__managed_style_032495B086411A0E9FDF</styleUrl>
				<Point>
					<coordinates>26.68913057438081,-25.66070101483606,1279.957321917813</coordinates>
				</Point>
			</Placemark>
			<Placemark id="039E1597E84081761480">
				<name>Day 2 Kameelboom Lodge Finish Line</name>
				<open>1</open>
				<LookAt>
					<longitude>24.66766564003534</longitude>
					<latitude>-26.98595166795117</latitude>
					<altitude>1240.582601999689</altitude>
					<heading>0</heading>
					<tilt>0</tilt>
					<gx:fovy>35</gx:fovy>
					<range>613.4444889877341</range>
					<altitudeMode>absolute</altitudeMode>
				</LookAt>
				<styleUrl>#__managed_style_032495B086411A0E9FDF</styleUrl>
				<Point>
					<coordinates>24.66721868272592,-26.98590811331258,1241.006108965981</coordinates>
				</Point>
			</Placemark>
			<Placemark id="0F704DE1F64081739BAF">
				<name>Day 2 Zeerust Highschool Control Stop</name>
				<open>1</open>
				<LookAt>
					<longitude>26.08514939592524</longitude>
					<latitude>-25.54125985786471</latitude>
					<altitude>1195.218551296055</altitude>
					<heading>0</heading>
					<tilt>0</tilt>
					<gx:fovy>35</gx:fovy>
					<range>2502.04261801613</range>
					<altitudeMode>absolute</altitudeMode>
				</LookAt>
				<styleUrl>#__managed_style_032495B086411A0E9FDF</styleUrl>
				<Point>
					<coordinates>26.08255729147675,-25.54102148649786,1206.593470619853</coordinates>
				</Point>
			</Placemark>
			<Placemark id="0838E88E11406D5125B3">
				<name>11 Sept Stage 1: Swart Ruggens to Zeerust</name>
				<open>1</open>
				<LookAt>
					<longitude>26.06477209601631</longitude>
					<latitude>-25.53569452976311</latitude>
					<altitude>0</altitude>
					<heading>-9.43861147818628</heading>
					<tilt>11.47929569550754</tilt>
					<gx:fovy>30.00000020218108</gx:fovy>
					<range>43660.39481030752</range>
					<altitudeMode>absolute</altitudeMode>
				</LookAt>
				<styleUrl>#__managed_style_1E790A81DF408F687A24</styleUrl>
				<LineString>
					<coordinates>
						26.68900078295846,-25.66053945345404,0 26.68896429630501,-25.66051589376221,0 26.68923907984137,-25.66004068645005,0 26.6893865932483,-25.65976996940678,0 26.68950701978288,-25.65949943670506,0 26.68959474729972,-25.6592042657531,0 26.68964713920771,-25.65891909069295,0 26.68967142316305,-25.65861170037082,0 26.68967382031485,-25.6583226974094,0 26.68959027898987,-25.65752441798939,0 26.68949656604929,-25.65672842859044,0 26.68939155545049,-25.65588496109088,0 26.6893535339176,-25.65546322586684,0 26.68936477759204,-25.65504738122168,0 26.68965297625765,-25.65312571418663,0 26.68978336991366,-25.65216524101718,0 26.68985849507681,-25.65168373530147,0 26.68988037882025,-25.65140261137287,0 26.68988472831064,-25.65120711424756,0 26.68985984420242,-25.65100139376669,0 26.6897975837843,-25.65081297518731,0 26.6896550179742,-25.6504841498666,0 26.68935719630164,-25.65048990877587,0 26.68920056917102,-25.65051591558848,0 26.68902590728468,-25.6505588553727,0 26.68839390194852,-25.65071956278888,0 26.68713141952947,-25.65100504115339,0 26.68462644575692,-25.65163789189095,0 26.68255817529982,-25.65242437170411,0 26.68152973927362,-25.65282131966311,0 26.68049815738195,-25.6531989677393,0 26.67611493571299,-25.65470264088579,0 26.67156462670224,-25.65627399091087,0 26.67128853739113,-25.65638045522747,0 26.67099903518144,-25.65650122436524,0 26.67044626258013,-25.65676067427798,0 26.66989968135379,-25.65701793707838,0 26.66932755969334,-25.65725650166836,0 26.66889586816748,-25.65742892126318,0 26.66829237353385,-25.65765107923039,0 26.66723371506011,-25.65804098654718,0 26.66513288584596,-25.65880565113218,0 26.66022664650234,-25.66060106013061,0 26.65776911573489,-25.66149627551943,0 26.65714985987263,-25.6617222879131,0 26.65643649572771,-25.66195628489963,0 26.65580652186046,-25.66211324133796,0 26.6552113954617,-25.66223718626989,0 26.65449465700102,-25.66235873690492,0 26.65377333355037,-25.66247190121183,0 26.65233162308723,-25.66268955169947,0 26.64945728964873,-25.6631275275483,0 26.64370008743802,-25.66399947676312,0 26.63794619370315,-25.66487707600518,0 26.63506404913824,-25.66531211219699,0 26.63218369163521,-25.66575434712891,0 26.63071608400059,-25.66597741584495,0 26.63007065814825,-25.66607861604848,0 26.62948776936911,-25.66614447820936,0 26.62879071681415,-25.66617134384847,0 26.62808750307393,-25.66614759355589,0 26.62739569774615,-25.66608005891402,0 26.62676546815687,-25.6659691755642,0 26.62632009490284,-25.66587132983262,0 26.62588837817961,-25.66574316875181,0 26.62501269554566,-25.66542075343375,0 26.62325696658698,-25.66475806437424,0 26.6215234651568,-25.66411315108181,0 26.61980209444315,-25.66347637673093,0 26.61806382814878,-25.6628234025266,0 26.61635666141433,-25.66216650473864,0 26.61538215874797,-25.66180592789132,0 26.61492724766592,-25.66165709199589,0 26.6145908835486,-25.66155290593019,0 26.61366456000775,-25.6612900419183,0 26.61273934250801,-25.66107356953296,0 26.6109793629073,-25.6606996235822,0 26.61004165491642,-25.66056617912649,0 26.60908113008731,-25.66049686496374,0 26.60822514589382,-25.66050137270674,0 26.60736919704414,-25.66057210991938,0 26.60652072742788,-25.66067677670257,0 26.60568612341088,-25.66080739567978,0 26.60231979108844,-25.66117707330581,0 26.59894991682937,-25.661598432374,0 26.5972577300834,-25.66181236950623,0 26.59640775736979,-25.66191189659022,0 26.59557557078033,-25.6620126742583,0 26.59424815819623,-25.66217630340853,0 26.59362968567883,-25.66229311148486,0 26.59302333490177,-25.66245163149139,0 26.59146260256983,-25.66303503769043,0 26.5910821243027,-25.66319266044185,0 26.59069122658339,-25.66332832081356,0 26.58986965907902,-25.66355968347742,0 26.58946457678973,-25.66365065203745,0 26.58904108679254,-25.66371732039925,0 26.58861698123393,-25.66378088550291,0 26.58817315469445,-25.66381697347564,0 26.58774680779858,-25.66384307091429,0 26.58731170334181,-25.66385011768103,0 26.5864328315905,-25.66385067920167,0 26.58472380954545,-25.66385733224153,0 26.58383230334995,-25.66386274793463,0 26.58363642913738,-25.66386409766174,0 26.58343638795007,-25.6638724287609,0 26.58299086689652,-25.66391785444238,0 26.58247755012879,-25.6640097876745,0 26.58197135746142,-25.6641403100312,0 26.58173969086,-25.66420737278723,0 26.58149385779118,-25.66428897462632,0 26.58122935607219,-25.6643946765002,0 26.58098425577589,-25.66450564690649,0 26.57997194044167,-25.66499801889299,0 26.57971990530633,-25.66513217479768,0 26.57945273918081,-25.66524629545928,0 26.57915184185399,-25.6653475660884,0 26.57886808258208,-25.66542519860572,0 26.57860450315725,-25.66549749059647,0 26.57829530777707,-25.6655412186998,0 26.57799632845922,-25.6655727568101,0 26.57770775851888,-25.66558423956076,0 26.57740209031018,-25.66557973100593,0 26.57710749600189,-25.66555697301984,0 26.57680369191131,-25.66551524769688,0 26.57653442921974,-25.66545325676379,0 26.57629244308112,-25.66539295196742,0 26.57606753966868,-25.66532193628618,0 26.57565963433491,-25.66516267996299,0 26.57544005866063,-25.66505882678307,0 26.57523013689791,-25.66494594377426,0 26.5748800307761,-25.66472723517268,0 26.57367111240417,-25.66381988663633,0 26.57300194627982,-25.66333281398798,0 26.572731576765,-25.66313818145386,0 26.57245201242559,-25.66296085629554,0 26.57181668293263,-25.66258619227781,0 26.57114799098158,-25.66223485429883,0 26.57044752140684,-25.66191951100642,0 26.56973434176516,-25.66162671165818,0 26.5682137765244,-25.66107680565491,0 26.56670279275997,-25.6605121171917,0 26.5601331180326,-25.65813297750297,0 26.55692321275428,-25.65698251185381,0 26.55370059102948,-25.65586613894219,0 26.55071441812006,-25.65484376770711,0 26.54922663353587,-25.65432900272662,0 26.54850163451922,-25.65403657703851,0 26.54784072986349,-25.65370753660333,0 26.54736444829995,-25.6534440103188,0 26.54688960344254,-25.65315817572521,0 26.54596148521728,-25.65258313509043,0 26.54411126970241,-25.65144338518727,0 26.54225724216708,-25.65032346921727,0 26.54123415034033,-25.64977430730484,0 26.540264351249,-25.64924870090702,0 26.53843368413404,-25.64826898778166,0 26.53794928074318,-25.6480206884162,0 26.53746935526143,-25.64781144773065,0 26.5369015486902,-25.64760984402088,0 26.53632273415432,-25.64743857721686,0 26.53573181187024,-25.64731031387518,0 26.53513481626912,-25.64720676296196,0 26.53391550013372,-25.64701845812854,0 26.53151171618457,-25.64662796541616,0 26.52908904118362,-25.64625085891717,0 26.527861376417,-25.64606338361508,0 26.52667750254678,-25.64585365762781,0 26.52553044936862,-25.64557340985413,0 26.52439771620489,-25.6452357856184,0 26.52225773650849,-25.64458301031034,0 26.52002933694279,-25.64388595247254,0 26.51886954139979,-25.64353307440232,0 26.51824011211847,-25.64335642975634,0 26.51772207375377,-25.64324795453764,0 26.5172836142068,-25.64317320889141,0 26.51686945783134,-25.64313124054629,0 26.51646262381109,-25.64310556197981,0 26.51602541240725,-25.6431102805202,0 26.515617175361,-25.64314039275817,0 26.51519968593365,-25.64318625675915,0 26.51437180279983,-25.64335762835408,0 26.51277012857773,-25.64367610123666,0 26.51116888238858,-25.6440068720259,0 26.5095755395775,-25.64433123320833,0 26.50798676996349,-25.64465685859131,0 26.50743287015437,-25.64476383213751,0 26.50685474458827,-25.64484413049117,0 26.50628577615023,-25.64488205385254,0 26.50571820779933,-25.64489661694776,0 26.50515476644586,-25.64488138676469,0 26.50460296518214,-25.64484487402377,0 26.50350339717419,-25.64469689738455,0 26.50169332618588,-25.64426371470725,0 26.50082772857812,-25.64398004603628,0 26.50000426258287,-25.6436313566195,0 26.49836079800113,-25.64270001547866,0 26.49671668427576,-25.64176707726368,0 26.49394389887814,-25.64015927476707,0 26.49260349714933,-25.63938520001667,0 26.49201633237567,-25.6389502607279,0 26.49173030663189,-25.63873062261612,0 26.49147291118837,-25.63849097876745,0 26.49117150762631,-25.63819478364244,0 26.49088664280819,-25.63789068981649,0 26.4906190477509,-25.63756613561494,0 26.49036375918697,-25.63722079222996,0 26.4894488585265,-25.63584299576482,0 26.48850399696229,-25.6344646614549,0 26.48803374609403,-25.63376818061593,0 26.48779595902899,-25.63341576355734,0 26.48751231352944,-25.63298857465776,0 26.48666618392408,-25.63173163614636,0 26.48582821778326,-25.63048760941783,0 26.48497650681301,-25.629236885913,0 26.48454748359384,-25.62861880028928,0 26.48432511008559,-25.62829779718245,0 26.48402639434153,-25.62794683774317,0 26.48348528725517,-25.62737870175963,0 26.48294779080845,-25.62686812437358,0 26.48231867701475,-25.62638741552484,0 26.48165787981944,-25.62593844123856,0 26.48024516877348,-25.62510491170008,0 26.47873598896959,-25.62425439820408,0 26.47581418050351,-25.62257029706851,0 26.47290522191707,-25.6209068486308,0 26.4713836094485,-25.62003947247791,0 26.46985421163047,-25.61915453246077,0 26.46504891684241,-25.61639039752884,0 26.46262958122767,-25.61501784895146,0 26.46139698276275,-25.61431754733213,0 26.46078294588427,-25.61395045402631,0 26.46011733077714,-25.61360486333535,0 26.45930406990223,-25.61320961571094,0 26.45844900559753,-25.61286316029717,0 26.4565651725516,-25.61223002422214,0 26.4547589781446,-25.61157081626211,0 26.4530306036202,-25.61093629851364,0 26.45122099053458,-25.61029098707935,0 26.44946168212097,-25.6096380576624,0 26.44587830579977,-25.60831257692956,0 26.44180894806214,-25.60681911171156,0 26.43975566575113,-25.6060720581961,0 26.43876804555633,-25.6056788173708,0 26.4377952593381,-25.60525296724128,0 26.4370819696567,-25.60488333620108,0 26.43640246492367,-25.60449667500265,0 26.43513719036918,-25.60366248127639,0 26.43272771657992,-25.60189106051152,0 26.43034001737468,-25.60012751668436,0 26.42912864354793,-25.59923592201675,0 26.42778638512249,-25.59824540903123,0 26.42560904427938,-25.59663029898855,0 26.42450091273536,-25.59584712090523,0 26.4234098892086,-25.59510107212816,0 26.41896123572005,-25.59204519053694,0 26.41755982575659,-25.59116143822713,0 26.41677257306282,-25.59077112886276,0 26.41599365120842,-25.59042425843184,0 26.4143194899752,-25.58977264529091,0 26.41265118812079,-25.58916083174814,0 26.41081338424853,-25.58853413020067,0 26.41035943189634,-25.58838774370259,0 26.40988807879101,-25.58829193711647,0 26.40938574658349,-25.58824932880133,0 26.40888816631104,-25.58825126962036,0 26.40849143285086,-25.58829307138584,0 26.40810867163471,-25.58836872583133,0 26.40773826220085,-25.58847425682296,0 26.40736000838746,-25.58861002080737,0 26.40665164946306,-25.58894683290504,0 26.40597136446249,-25.58929298627629,0 26.40459668694331,-25.58994434918052,0 26.40388751088467,-25.59022992262327,0 26.40314533335047,-25.59048911103822,0 26.40145196534768,-25.59095556095017,0 26.39975910119023,-25.59140494618301,0 26.39806795139826,-25.59185674636526,0 26.39636469414493,-25.59231060011537,0 26.39466901568968,-25.59275909510257,0 26.39383539063329,-25.59299355411764,0 26.39299048307539,-25.59324402424025,0 26.39134212347172,-25.5938006138083,0 26.38964562357341,-25.59439107429491,0 26.38668378991938,-25.59541641477074,0 26.38520612242644,-25.59592077475389,0 26.38372094078487,-25.59643232952694,0 26.38079058410578,-25.59744772330206,0 26.38003545862753,-25.59770866097002,0 26.37926733628163,-25.5979488028735,0 26.37850100396472,-25.59815373400684,0 26.37772680509535,-25.59832781248561,0 26.37689701112301,-25.59846621983884,0 26.37605219700667,-25.59858347072793,0 26.37437560748469,-25.59880759704275,0 26.37101433089044,-25.59924695762673,0 26.3642913615254,-25.60014809224967,0 26.35783949143088,-25.60098933663538,0 26.35459789005519,-25.60143237595194,0 26.35295601430296,-25.60162198947047,0 26.35216549101764,-25.60167918400739,0 26.35135729092985,-25.60168412126656,0 26.34594057790723,-25.60173676835634,0 26.34053829422429,-25.60178447464087,0 26.33706821161965,-25.60183429941732,0 26.33534492030434,-25.60185388712805,0 26.33448155327181,-25.601846410935,0 26.33358573846346,-25.60184049271461,0 26.33018267950857,-25.6015785062077,0 26.32932352977781,-25.60149744145758,0 26.32849200994098,-25.6014021754709,0 26.32805145441465,-25.60134193141825,0 26.32759214688771,-25.6012598848555,0 26.32677605608318,-25.60108955882623,0 26.32612173174815,-25.60090715553019,0 26.32547756401569,-25.60071099258077,0 26.32486221472809,-25.60049677282262,0 26.32426726200616,-25.6002548381202,0 26.3236664038955,-25.59998757618838,0 26.32308155677034,-25.59969656356633,0 26.32200503223185,-25.5990674806451,0 26.3200456163288,-25.59771769998779,0 26.31903208426159,-25.5970121622024,0 26.31805815771014,-25.59633171005033,0 26.31399848733296,-25.59350542178284,0 26.31196214520198,-25.5920869924346,0 26.31093524437149,-25.59138613239186,0 26.31062865006702,-25.59119259907603,0 26.31031444190188,-25.59103674478895,0 26.309649231824,-25.59075297522589,0 26.30929886138351,-25.59064194979256,0 26.30893331815229,-25.59055904185647,0 26.30853644547745,-25.59048920362245,0 26.30815732635525,-25.59043520601505,0 26.30663089986958,-25.59034533793566,0 26.30354429689271,-25.59018208375912,0 26.30047794412279,-25.59001796460867,0 26.29882110876624,-25.58995314685506,0 26.29743194094763,-25.5898053343629,0 26.29603694410546,-25.58955101453101,0 26.2946242581313,-25.5893227246873,0 26.29317140318843,-25.58909705793947,0 26.2924926295716,-25.58897478847197,0 26.29182385987853,-25.58882544275955,0 26.28775627275595,-25.58781694370125,0 26.28579274351271,-25.58719746875265,0 26.28477497968056,-25.58686191557982,0 26.28428062050186,-25.58672240633665,0 26.28402809317481,-25.58666088700556,0 26.28377556610742,-25.58659936724094,0 26.28329111040603,-25.58648658116438,0 26.28278481805476,-25.58639456261081,0 26.28228166076373,-25.58631730660065,0 26.28176312978543,-25.58626136380035,0 26.27966402215768,-25.58605748842794,0 26.27751697098437,-25.58584356200053,0 26.27693685766506,-25.58577948080532,0 26.27645954967563,-25.58569247761553,0 26.27594521383507,-25.58556399873742,0 26.27551608010438,-25.58542156976359,0 26.27485370185287,-25.58513450362675,0 26.27423145828838,-25.58477914342016,0 26.27371260671749,-25.58437798521868,0 26.27347172825372,-25.58417465560437,0 26.27323199004781,-25.58394834600278,0 26.27228239196376,-25.58305851170573,0 26.27136633694786,-25.58216330076403,0 26.2695656533999,-25.58037082181493,0 26.26933625097727,-25.58013832623959,0 26.26910251784057,-25.57992784927141,0 26.26883789098262,-25.57974092969784,0 26.26858614966363,-25.57957825475397,0 26.26827938245913,-25.57940964455126,0 26.26799293337774,-25.57928672570246,0 26.26760404118889,-25.57915666073121,0 26.26723026352776,-25.5790674883005,0 26.26675410758773,-25.57899270314206,0 26.26626251194649,-25.57898156258663,0 26.26573640413408,-25.57901828070132,0 26.26525626304005,-25.57910725926879,0 26.26490961445583,-25.57919417988885,0 26.26455722620685,-25.57931979980214,0 26.26388190095929,-25.5796098428127,0 26.26355274722592,-25.57975675957438,0 26.2631983486962,-25.57988926295258,0 26.26280611518101,-25.57999748557138,0 26.26241661317698,-25.58006736164086,0 26.26207429891689,-25.58010710441172,0 26.26173899676716,-25.5801138872563,0 26.26142309783788,-25.58009584729221,0 26.26113080939366,-25.58005516394466,0 26.26082563880701,-25.5800016341647,0 26.260524631341,-25.57992400755822,0 26.2599906189907,-25.57973429632356,0 26.25290864676785,-25.57705143048373,0 26.2493603485053,-25.57570612226464,0 26.24759475501199,-25.57503755837787,0 26.24583381322904,-25.57437344947797,0 26.24471762839585,-25.57393549643457,0 26.24415797193264,-25.57367315693692,0 26.24365892962341,-25.57340116140401,0 26.24160917409202,-25.57211704270559,0 26.24061178008807,-25.57148970642486,0 26.23959257347692,-25.57089041319953,0 26.2385171460433,-25.57033450697132,0 26.23745554900504,-25.56982789744899,0 26.23452425815511,-25.56844882980375,0 26.23377848855985,-25.56808418448126,0 26.23342126305418,-25.56789607790757,0 26.2331149230575,-25.56770942095064,0 26.23248468834615,-25.56729021746902,0 26.23219910998406,-25.56706958151852,0 26.2319195940881,-25.56684371482764,0 26.22954275661698,-25.56476319425634,0 26.2283495297133,-25.56372233579692,0 26.22769660334606,-25.56322682478102,0 26.22701831897571,-25.56279960338514,0 26.22134447037024,-25.55976875826723,0 26.21986537193834,-25.55899762859472,0 26.21911996536293,-25.55861861762806,0 26.21838629254699,-25.55822648406075,0 26.217689426928,-25.5578554202242,0 26.21734786195379,-25.55766117715278,0 26.21701901009776,-25.55746322459516,0 26.21670542284503,-25.55726102747549,0 26.21638738044724,-25.55706100017269,0 26.21576881614389,-25.55664234057514,0 26.2139364981663,-25.55531093774639,0 26.21301803691085,-25.55464470639863,0 26.21210209621496,-25.55397443665451,0 26.21028413636576,-25.5526520446544,0 26.20941714899556,-25.55198793691289,0 26.20899530693043,-25.55163660233216,0 26.20859245212229,-25.55128596510623,0 26.20621837884768,-25.54907409115203,0 26.20385430423539,-25.54686418124123,0 26.20266027159309,-25.54575148782777,0 26.20235417017239,-25.54547072363054,0 26.20204770231849,-25.54521433827115,0 26.20172519516558,-25.54496305030654,0 26.20140321612294,-25.5447235172136,0 26.20002165217407,-25.54373009246621,0 26.19935707581109,-25.54319761936205,0 26.19876952364879,-25.5426287673323,0 26.19824156851285,-25.54203822559746,0 26.19801063923348,-25.54172936213018,0 26.19778154551994,-25.54141799926389,0 26.19688067151339,-25.54020692498614,0 26.1950572902122,-25.53774569593345,0 26.19323184749168,-25.53527211615555,0 26.19231915717068,-25.53403883025251,0 26.19185772038322,-25.53342478581685,0 26.19142747155649,-25.53279438330416,0 26.19120455757478,-25.53230736109785,0 26.19111111812119,-25.53205752336306,0 26.19102478363954,-25.53180798102715,0 26.19089983252257,-25.531294530927,0 26.1908062593044,-25.53079821928032,0 26.19072944655014,-25.5302802660963,0 26.19067378538566,-25.53001824501222,0 26.19061271536632,-25.52977301842967,0 26.19054017770858,-25.52952004429278,0 26.19044707849478,-25.52928198730729,0 26.19034309416083,-25.52904994158866,0 26.19022803594782,-25.52883346200963,0 26.19007739928993,-25.52858943362107,0 26.18991469638272,-25.52835874108017,0 26.18973546256286,-25.52813333229349,0 26.18953801105899,-25.52792189838589,0 26.18930847813103,-25.52770603133991,0 26.18906129285378,-25.52750423100783,0 26.18878539180067,-25.52731431683196,0 26.18849360735575,-25.52713387644566,0 26.18786431122998,-25.52678384068653,0 26.18723049769766,-25.52644360715232,0 26.18691349543778,-25.52626963245751,0 26.18677446160018,-25.52620007780796,0 26.18665692066643,-25.52611482704891,0 26.18638276472262,-25.52595226237278,0 26.18609846081589,-25.52580117212988,0 26.18051108042663,-25.52281059442923,0 26.17769824938058,-25.5213008012975,0 26.17629508600329,-25.52054498485197,0 26.17558066968455,-25.52017224751807,0 26.17522001997026,-25.52000796726229,0 26.17485823883149,-25.51985035922456,0 26.17441482324342,-25.51969109380163,0 26.17394031978162,-25.51954312782306,0 26.17295394394859,-25.51928215435394,0 26.17103486183447,-25.51879574370446,0 26.1690923485073,-25.51829862109658,0 26.16810287155524,-25.51804037775652,0 26.16754939084184,-25.51789488851865,0 26.16701950728111,-25.51778067868694,0 26.16662407616811,-25.51772731644152,0 26.16622163566358,-25.51769273725025,0 26.16581969579067,-25.51769123620204,0 26.16542407691761,-25.51770848387142,0 26.16502917000498,-25.51775972481753,0 26.16464780883218,-25.51782217875896,0 26.16426779940294,-25.51792227743987,0 26.16388810593151,-25.51803162849594,0 26.16355018035186,-25.51816135720227,0 26.16321303887822,-25.51831357563963,0 26.16289348067973,-25.51848612770981,0 26.16258132066353,-25.51867390324846,0 26.16242661264402,-25.51877712388572,0 26.16227747665118,-25.51888750643821,0 26.16198207470584,-25.51910810046886,0 26.16141382259721,-25.5195635763364,0 26.16128896928047,-25.51967371367453,0 26.16114926143126,-25.51978138600984,0 26.16086843490734,-25.51999737308621,0 26.16029588278941,-25.52042920484808,0 26.15973812867311,-25.52085717639196,0 26.15916048954221,-25.52127115409859,0 26.15797570792803,-25.5221000601768,0 26.15739300513823,-25.52250547798815,0 26.15678693458173,-25.52290629629139,0 26.15437271875766,-25.52447438134556,0 26.15219343974079,-25.52588787171373,0 26.15109350123164,-25.52660341512895,0 26.1499793417504,-25.52728950534968,0 26.14883685661247,-25.52796222142011,0 26.14768092374562,-25.5286204638085,0 26.1465344205264,-25.52928541899422,0 26.14596190273484,-25.52961518105115,0 26.14536614833563,-25.52992666844467,0 26.1448277821689,-25.53018008367504,0 26.14427776492965,-25.53041692602552,0 26.14370057639034,-25.53064562387062,0 26.14310812244197,-25.53084275448289,0 26.14078944203525,-25.53161982120076,0 26.13847324018307,-25.53239534748165,0 26.13616348780134,-25.53317005692612,0 26.13427618724714,-25.53380486664965,0 26.13333112985651,-25.53412470591104,0 26.13286748869647,-25.53429185082739,0 26.13239401602924,-25.5345039850726,0 26.13184368958684,-25.53478592027822,0 26.13130014347684,-25.53511399429667,0 26.13025331157192,-25.53585750262615,0 26.1292079348613,-25.53658432475313,0 26.12866261246654,-25.53691555339664,0 26.12807647366487,-25.53721677052404,0 26.1276057664744,-25.5374334608927,0 26.12711345871259,-25.53762943243614,0 26.12611128721809,-25.53800293329013,0 26.12562578485284,-25.53818348155253,0 26.12512758931434,-25.53838863671827,0 26.12465802578662,-25.53861276268159,0 26.12420081681496,-25.53886903751919,0 26.12355895977423,-25.53924570919252,0 26.12291709870105,-25.53962237806872,0 26.12164187894694,-25.54037965179654,0 26.12098708088157,-25.5407584553296,0 26.12031923168314,-25.5411267111517,0 26.11964072220718,-25.54144758988166,0 26.11888407559602,-25.54170285541693,0 26.11836378269133,-25.54185550227036,0 26.11785208721962,-25.54197771997089,0 26.11732818844483,-25.54206656300073,0 26.11682358522616,-25.54212989375325,0 26.1163097774324,-25.54218289591933,0 26.11578831153501,-25.54219678830642,0 26.11526096641304,-25.54218414304628,0 26.11473847772053,-25.5421443724938,0 26.11416018828357,-25.54207544490126,0 26.11358918075921,-25.54197923886109,0 26.11243998840413,-25.54179261143407,0 26.11130044460089,-25.54159815840493,0 26.1107161908948,-25.54152890423219,0 26.11013645226891,-25.54149634123896,0 26.10970991825093,-25.54149297836147,0 26.10927787903079,-25.54150375955211,0 26.10885049390552,-25.54152339507766,0 26.1084176500278,-25.54156620056832,0 26.10669576766031,-25.54179024873307,0 26.10500079389772,-25.54201432310612,0 26.10328037859628,-25.54223686734434,0 26.10121196835064,-25.54251419447784,0 26.10017287307358,-25.5426492578163,0 26.09965604185643,-25.54272875522189,0 26.09939110842974,-25.54276479678132,0 26.09913010457615,-25.5427775992062,0 26.09888506579448,-25.54278233467114,0 26.09861422618988,-25.54276761744876,0 26.09833348103484,-25.54273334260468,0 26.09808468015664,-25.54268268777281,0 26.09782235541888,-25.54262022648025,0 26.09758084494693,-25.54253960860326,0 26.09711255633931,-25.54234278431817,0 26.09621596854387,-25.5419252554054,0 26.09568983986336,-25.54169139500927,0 26.09548003543885,-25.54161754686996,0 26.09525870559394,-25.54157025722899,0 26.09507147612617,-25.54154091175688,0 26.09488179721773,-25.54152775664958,0 26.09467762801063,-25.54153018951178,0 26.09447837571878,-25.54155576574433,0 26.09367001882988,-25.54173872970247,0 26.09209539809801,-25.54211965732167,0 26.08898897088515,-25.54286746877604,0 26.08277270860257,-25.54436640542265,0 26.08087315473799,-25.54481224945693,0 26.07992000754983,-25.54503463942748,0 26.07897706182506,-25.54526181273444,0 26.0787739816682,-25.54451417841944,0 26.07867465043094,-25.54415528454658,0 26.07857373557091,-25.54378492606953,0 26.07847075427844,-25.5434259144109,0 26.07835239330903,-25.54307119370088,0 26.07824672268608,-25.54269643215004,0 26.07813798579791,-25.54232455160196,0 26.07802991120084,-25.54196908654817,0 26.07792835792435,-25.54161570019933,0 26.0777120474713,-25.54090043202122,0 26.0773137157593,-25.53946810482804,0 26.07788705580016,-25.53933431284516,0 26.07841107800517,-25.53921174138859,0 26.07881730092856,-25.54065989596788,0 26.07903713723563,-25.54138741234452,0 26.07922660616332,-25.54206012608054,0 26.08186828870771,-25.54142478129602,0 26.08264402565031,-25.54124621224929,0 26.08256022826938,-25.54091921081455,0 
					</coordinates>
				</LineString>
			</Placemark>
			<Placemark id="03219E9D954071214B6B">
				<name>11 Sept Stage 2: Zeerust to Vryburg</name>
				<open>1</open>
				<LookAt>
					<longitude>24.6614025456815</longitude>
					<latitude>-26.98311969187956</latitude>
					<altitude>1242.462597988617</altitude>
					<heading>356.2362056617761</heading>
					<tilt>0</tilt>
					<gx:fovy>30.0000000000037</gx:fovy>
					<range>9392.844147429569</range>
					<altitudeMode>absolute</altitudeMode>
				</LookAt>
				<styleUrl>#__managed_style_1F35887578411A0E9FE1</styleUrl>
				<LineString>
					<coordinates>
						26.08257608836336,-25.54093352078601,0 26.08265539114976,-25.54124834210088,0 26.08211615122059,-25.54133420572607,0 26.07913545918571,-25.54207387372642,0 26.08006640919258,-25.54500121636223,0 26.07396259626307,-25.54644492357795,0 26.0733376809839,-25.54706039153298,0 26.07306949989644,-25.54911884191759,0 26.07103924971325,-25.55310056152312,0 26.06933534743212,-25.55471863208454,0 26.06250624113281,-25.56048616849089,0 26.05477327538562,-25.5671902378618,0 26.05340070119182,-25.56845851702501,0 26.05206152780096,-25.57024016407472,0 26.04884711893254,-25.57531348270028,0 26.04300473621679,-25.58449605634168,0 26.04176485782727,-25.58648515434498,0 26.04091974761702,-25.59040601559744,0 26.03933100575307,-25.59568914991084,0 26.03833792069315,-25.59962916760761,0 26.03714619514408,-25.60285285808193,0 26.03297466998416,-25.61171836488481,0 26.03215831560196,-25.61447260203292,0 26.03204710389634,-25.61671334773243,0 26.03183007305282,-25.61858910542831,0 26.03213240949375,-25.62099703678543,0 26.03604310890615,-25.62988296811461,0 26.04614157111772,-25.64219577233283,0 26.04671875870103,-25.64393000937834,0 26.04489149303244,-25.65034698241776,0 26.04169360409588,-25.66286027140508,0 26.04245085908031,-25.67292892114187,0 26.0420948292964,-25.67421435106703,0 26.04126739195472,-25.67536076254739,0 26.04008387653267,-25.67779259440694,0 26.03952696677854,-25.67926765096293,0 26.03970507858882,-25.68018180948886,0 26.03974516735331,-25.68241559600741,0 26.03998898116287,-25.68410703798171,0 26.04169313587101,-25.69246991781052,0 26.04195179822765,-25.69485339549905,0 26.04170932313167,-25.69704452964114,0 26.0384743545417,-25.70441716666769,0 26.03714503138629,-25.70782854267304,0 26.0269615981931,-25.71760903934992,0 26.01677649040211,-25.72738882830829,0 26.01546674944906,-25.72858091286281,0 26.01406860624461,-25.72949194876284,0 26.00782914747425,-25.73201613535416,0 25.99945153175353,-25.73647189299577,0 25.99622472973189,-25.73723978037171,0 25.99316854928415,-25.73749881009289,0 25.99054454373039,-25.73804486978026,0 25.98783671274445,-25.73904028666674,0 25.96555810729504,-25.7543003082868,0 25.96365008191215,-25.75479126816061,0 25.96010662151792,-25.75420193959116,0 25.95841662526638,-25.75434914224296,0 25.95062010974677,-25.75778549478492,0 25.94783428751463,-25.7590435195474,0 25.94607450163959,-25.75963433558444,0 25.94401739083855,-25.76006379744025,0 25.93608453839212,-25.76170180264574,0 25.93268489815811,-25.7624269062826,0 25.92678175049166,-25.76473599859886,0 25.92323340364933,-25.76613229280019,0 25.9198887674681,-25.76747736581799,0 25.91682055672782,-25.76876500062941,0 25.91213527530677,-25.77075311765981,0 25.9040032847376,-25.77389724168956,0 25.89968941549156,-25.77549725216168,0 25.89524172566189,-25.7770284104144,0 25.89082620617606,-25.77855989242051,0 25.88617206848404,-25.78027907591597,0 25.87725006502575,-25.78325108597449,0 25.87350248014041,-25.78447845156626,0 25.84709587141275,-25.79966265574274,0 25.81863248882593,-25.81637739994475,0 25.81513714654199,-25.81860134387014,0 25.81360835015321,-25.81940504348381,0 25.81164167297634,-25.82082520419431,0 25.81045169180324,-25.82373455576099,0 25.80890430454739,-25.82593444664251,0 25.80640691197733,-25.827289257046,0 25.8043142610561,-25.82788121067311,0 25.77073999927286,-25.83355174501909,0 25.74857767014667,-25.83783951729765,0 25.69693281200026,-25.8475504647706,0 25.68637950659534,-25.8494285906564,0 25.67681118630225,-25.8518066788661,0 25.67254883665716,-25.85241881427555,0 25.66709223230668,-25.8542575964905,0 25.6620167681543,-25.85691151439946,0 25.65696083712588,-25.85924251380379,0 25.64680101678898,-25.86423245422844,0 25.64185917388595,-25.8669261992094,0 25.64134228014442,-25.86598040677448,0 25.64101487432934,-25.86629048764419,0 25.64123885286094,-25.86687966845408,0 25.64116990417358,-25.8673603090512,0 25.64053231990136,-25.86773240170949,0 25.64004982363782,-25.86790293827617,0 25.63424875034123,-25.87094590125864,0 25.6329464622366,-25.87110026015597,0 25.63159071704539,-25.87102557321762,0 25.62813526686736,-25.87042750793935,0 25.62642814514905,-25.87056173709475,0 25.62476826624944,-25.87126435731686,0 25.61023271953168,-25.87990547214917,0 25.60659582977896,-25.88186182976155,0 25.60299448149681,-25.88354210793345,0 25.59272190880257,-25.88824314603578,0 25.58217198591196,-25.89314982727934,0 25.56518718848207,-25.9008519628361,0 25.54873484873307,-25.90854477542093,0 25.53154327169724,-25.91646274948074,0 25.5063914333046,-25.9279585300963,0 25.48228877465782,-25.93898299457644,0 25.47601687447695,-25.94200335534008,0 25.46972645653028,-25.94495525174531,0 25.457053449847,-25.95066353372845,0 25.44842912910856,-25.95462842294563,0 25.44402480827134,-25.95670221410829,0 25.43965750382693,-25.95865205588671,0 25.42540437040797,-25.96517138957212,0 25.41951766234591,-25.96800286366435,0 25.41659309521989,-25.96929768425992,0 25.41363067091597,-25.97083409965296,0 25.41188028679255,-25.97183457918307,0 25.41050904560265,-25.97286721799998,0 25.40911350179715,-25.97397193107414,0 25.40760053237215,-25.97527882729052,0 25.40450959283597,-25.97856097805316,0 25.38836257962452,-25.9968430690054,0 25.3621464865939,-26.02596456814542,0 25.33183382888872,-26.05998604904199,0 25.3087529998268,-26.08552688992702,0 25.29742019922357,-26.09815562048652,0 25.2926982753899,-26.10362162335623,0 25.28489373137062,-26.11384219951803,0 25.27485579354845,-26.12680394331409,0 25.26784625771275,-26.13615060858376,0 25.2656192948127,-26.13909694184468,0 25.2630054183426,-26.14316281787944,0 25.25816399735884,-26.15017486538204,0 25.25251137888486,-26.15840336424136,0 25.25028129504615,-26.16133951944522,0 25.24864209311126,-26.16271323417556,0 25.24660744216907,-26.16391062722957,0 25.24476580299936,-26.16489211126445,0 25.24290725973334,-26.16630252042152,0 25.24152499160242,-26.16762608985657,0 25.24017282861422,-26.16923514997331,0 25.2395349890967,-26.17014859142902,0 25.23891322148387,-26.17103162847294,0 25.23786029251363,-26.17307172186139,0 25.2364029061964,-26.17754064009414,0 25.23557416614318,-26.17900639630323,0 25.2345516390794,-26.18028523433524,0 25.23354306985091,-26.18140618686358,0 25.23236768035553,-26.1824159609375,0 25.23022032270566,-26.18414904803523,0 25.1953080655447,-26.21263467287677,0 25.17275055169168,-26.23127549513969,0 25.14288906503803,-26.25558320196587,0 25.13477982066377,-26.2622931333757,0 25.12675800357037,-26.26883344591781,0 25.12256050349805,-26.27229346474476,0 25.11862442085746,-26.27553886285362,0 25.11454184033994,-26.27886004863964,0 25.11049398192478,-26.28222304090294,0 25.10602260230619,-26.28693233612491,0 25.10388662834723,-26.28954668546526,0 25.10153207566532,-26.29227017776934,0 25.09724031841795,-26.29729358897977,0 25.0929450076145,-26.30228209880598,0 25.07299525110847,-26.32575040667749,0 25.0631977699441,-26.33706399202008,0 25.05359534896103,-26.34818266634479,0 25.03238994079386,-26.37279136403168,0 25.01439340929634,-26.39394772733888,0 25.0088440148896,-26.40033715011593,0 24.99810514421419,-26.41279410828952,0 24.99282169224463,-26.4190643994503,0 24.99016993165353,-26.42205450297133,0 24.98736597564152,-26.42536047964328,0 24.96375418078615,-26.45273877487769,0 24.93978752534059,-26.48085714384532,0 24.91192930216405,-26.51314535297707,0 24.88656604847266,-26.54191881323682,0 24.87206581847734,-26.55803926975122,0 24.86935868530663,-26.56134225057402,0 24.86680489874355,-26.56394486835261,0 24.86464043829835,-26.56743539758552,0 24.86375954512063,-26.56893911194642,0 24.86294016415312,-26.57091884433527,0 24.86151826615729,-26.57505041916847,0 24.85145904529161,-26.60350767341791,0 24.83871183472056,-26.63889024199472,0 24.83092857280848,-26.66105160715894,0 24.82726483100181,-26.67132906296315,0 24.82363386309071,-26.68240598292288,0 24.82106490855315,-26.68996963496879,0 24.81970344499943,-26.69381364206364,0 24.81849898197907,-26.69777864270566,0 24.81776725114661,-26.69968342774011,0 24.81724867781269,-26.70126845276517,0 24.81569414862128,-26.70558141965865,0 24.8131835469272,-26.71304567543146,0 24.80280989650695,-26.74397009245365,0 24.79042154166069,-26.78062139817545,0 24.77788901502017,-26.81705758381266,0 24.76446493991577,-26.85680139142628,0 24.75086130021816,-26.89689282038662,0 24.74797150170943,-26.90512164071734,0 24.7467028430837,-26.90879062785843,0 24.7461793777747,-26.91060663472915,0 24.7455887385164,-26.91234841132465,0 24.74419481881288,-26.91632315098927,0 24.74294943282863,-26.92005492986094,0 24.74166350293253,-26.92401902607682,0 24.74038656746235,-26.92763427166419,0 24.73804622851395,-26.93449623504306,0 24.73746474373494,-26.93626695001251,0 24.73684781300378,-26.93793169961647,0 24.73631136389321,-26.9395882400984,0 24.73575636430894,-26.94127648374623,0 24.73502977702555,-26.94339924127249,0 24.73467915515574,-26.94451937738455,0 24.73444322981134,-26.94561415952262,0 24.73399451135731,-26.94809647370518,0 24.73356494272398,-26.95057875026785,0 24.73344833849545,-26.95141920313781,0 24.7233568889585,-26.95007318479228,0 24.72218297377696,-26.95748826273219,0 24.72016743036291,-26.95717585957314,0 24.71969340832336,-26.96016366969866,0 24.71938468191571,-26.96086903613277,0 24.71774357431891,-26.96223370188433,0 24.71607389275804,-26.96357290894444,0 24.71433115162711,-26.96490033220299,0 24.71221624773888,-26.96655261383235,0 24.70210312938913,-26.97439728261676,0 24.70053394379488,-26.9755398933414,0 24.69830866814713,-26.97681214224813,0 24.6904429782025,-26.97921350036749,0 24.67125576233127,-26.98463865193923,0 24.66720637750537,-26.98579172954843,0 
					</coordinates>
				</LineString>
			</Placemark>
		</Folder>
		<Folder id="474AA30FA3411A0DE7D9">
			<name>Day 3 Full Blind</name>
			<open>1</open>
			<styleUrl>#__managed_style_0BAE4CF975411A0E9FE0</styleUrl>
			<Placemark id="5B106E9CF4411A0DE7D9">
				<name>Day 3 Kameelboom Lodge Start Line</name>
				<open>1</open>
				<LookAt>
					<longitude>24.66766564003534</longitude>
					<latitude>-26.98595166795117</latitude>
					<altitude>1240.582601999689</altitude>
					<heading>0</heading>
					<tilt>0</tilt>
					<gx:fovy>35</gx:fovy>
					<range>613.4444889877341</range>
					<altitudeMode>absolute</altitudeMode>
				</LookAt>
				<styleUrl>#__managed_style_032495B086411A0E9FDF</styleUrl>
				<Point>
					<coordinates>24.66721868272592,-26.98590811331258,1241.006108965981</coordinates>
				</Point>
			</Placemark>
			<Placemark id="0FE55AD6F94081793CC4">
				<name>Day 3 Kimberley Technical Highschool Finish Line</name>
				<open>1</open>
				<LookAt>
					<longitude>24.7480558580323</longitude>
					<latitude>-28.75220471231522</latitude>
					<altitude>1236.505866539046</altitude>
					<heading>0</heading>
					<tilt>0</tilt>
					<gx:fovy>35</gx:fovy>
					<range>2216.146559071785</range>
					<altitudeMode>absolute</altitudeMode>
				</LookAt>
				<styleUrl>#__managed_style_032495B086411A0E9FDF</styleUrl>
				<Point>
					<coordinates>24.74681673797608,-28.75313206712408,1237.639359130681</coordinates>
				</Point>
			</Placemark>
		</Folder>
		<Folder id="66AFAB8125411A0DE7D9">
			<name>Day 4</name>
			<open>1</open>
			<styleUrl>#__managed_style_0BAE4CF975411A0E9FE0</styleUrl>
			<Placemark id="0286A8F09940817D17F0">
				<name>Day 4 Ranch Chalets Finish Line</name>
				<open>1</open>
				<LookAt>
					<longitude>22.86096142856688</longitude>
					<latitude>-27.91165656323696</latitude>
					<altitude>1214.100257599344</altitude>
					<heading>0</heading>
					<tilt>0</tilt>
					<gx:fovy>35</gx:fovy>
					<range>964.0224598861826</range>
					<altitudeMode>absolute</altitudeMode>
				</LookAt>
				<styleUrl>#__managed_style_032495B086411A0E9FDF</styleUrl>
				<Point>
					<coordinates>22.8606940908676,-27.91230189354449,1214.763082428972</coordinates>
				</Point>
			</Placemark>
			<Placemark id="079042B38740817B82CC">
				<name>Day 4 Loop Turnaround</name>
				<open>1</open>
				<LookAt>
					<longitude>23.08116822122108</longitude>
					<latitude>-28.24841694282382</latitude>
					<altitude>1389.82551472829</altitude>
					<heading>0</heading>
					<tilt>0</tilt>
					<gx:fovy>35</gx:fovy>
					<range>1646.512553814682</range>
					<altitudeMode>absolute</altitudeMode>
				</LookAt>
				<styleUrl>#__managed_style_2CCB00B362411A0E9FE4</styleUrl>
				<Point>
					<coordinates>23.08086683700446,-28.2475712992288,1392.250022139612</coordinates>
				</Point>
			</Placemark>
			<Placemark id="77587A9454411A0DE7D9">
				<name>Day 4 Kimberley Technical Highschool Start Line</name>
				<open>1</open>
				<LookAt>
					<longitude>24.7480558580323</longitude>
					<latitude>-28.75220471231522</latitude>
					<altitude>1236.505866539046</altitude>
					<heading>0</heading>
					<tilt>0</tilt>
					<gx:fovy>35</gx:fovy>
					<range>2216.146559071785</range>
					<altitudeMode>absolute</altitudeMode>
				</LookAt>
				<styleUrl>#__managed_style_032495B086411A0E9FDF</styleUrl>
				<Point>
					<coordinates>24.74681673797608,-28.75313206712408,1237.639359130681</coordinates>
				</Point>
			</Placemark>
			<Placemark id="0CBCCBE76C40817AC1C8">
				<name>Day 4 Postmasburg Highschool Control Stop</name>
				<LookAt>
					<longitude>23.06390845582144</longitude>
					<latitude>-28.33615778782763</latitude>
					<altitude>1311.693063195297</altitude>
					<heading>0</heading>
					<tilt>0</tilt>
					<gx:fovy>35</gx:fovy>
					<range>4247.79349377437</range>
					<altitudeMode>absolute</altitudeMode>
				</LookAt>
				<styleUrl>#__managed_style_032495B086411A0E9FDF</styleUrl>
				<Point>
					<coordinates>23.06229749898931,-28.33786386549603,1308.437712732598</coordinates>
				</Point>
			</Placemark>
			<Placemark id="060DC5AB9740713E4ECB">
				<name>13 Sept Stage 1: Kimberley to Postmasburg</name>
				<open>1</open>
				<LookAt>
					<longitude>23.0640113657766</longitude>
					<latitude>-28.33817187532593</latitude>
					<altitude>1309.499922396716</altitude>
					<heading>356.2359851801039</heading>
					<tilt>0</tilt>
					<gx:fovy>30.0000000000037</gx:fovy>
					<range>804.0753300707729</range>
					<altitudeMode>absolute</altitudeMode>
				</LookAt>
				<styleUrl>#__managed_style_1E790A81DF408F687A24</styleUrl>
				<LineString>
					<coordinates>
						24.74677509214385,-28.75309221067691,0 24.74593771000282,-28.75355370300154,0 24.74187347173611,-28.74813077890138,0 24.74024700333767,-28.7459470150884,0 24.74020984996183,-28.74566107801247,0 24.74033016164233,-28.74422277600451,0 24.73442357490598,-28.7436770856159,0 24.72676911778817,-28.74318829866885,0 24.72247726184165,-28.74299582669817,0 24.71769956166691,-28.74311969584817,0 24.7081660949149,-28.74328897403691,0 24.70794827397285,-28.73459345360414,0 24.7077781348769,-28.73343822571367,0 24.70725792343969,-28.73205363023979,0 24.7067917379324,-28.73096823396246,0 24.70606854507504,-28.7299054870822,0 24.70510783286259,-28.72862268611263,0 24.70409728080592,-28.72761455410712,0 24.68097419700204,-28.71015402369588,0 24.67251652463404,-28.70351207691635,0 24.67087443788899,-28.70115283605177,0 24.66153543600986,-28.67247864588798,0 24.65978862075427,-28.67043699514004,0 24.65859849724847,-28.6695769998002,0 24.65729171284846,-28.66883988793044,0 24.65419243196726,-28.66743126255601,0 24.64840466883484,-28.66499286706169,0 24.63648709719268,-28.65989369888123,0 24.6119649261012,-28.64943618555277,0 24.5986734684773,-28.6436354945951,0 24.59254479490426,-28.64084054627921,0 24.58766670659799,-28.63888562562648,0 24.58584655060131,-28.63777826042361,0 24.5842077854831,-28.63635735971879,0 24.58119452585986,-28.63368411950413,0 24.57505377551814,-28.62827079559699,0 24.56922979161824,-28.62320557385592,0 24.56635644588641,-28.62054582978641,0 24.56500216192242,-28.61933144996156,0 24.56369984180407,-28.61799744409355,0 24.56219802906431,-28.6154727863774,0 24.56163372241556,-28.61398057336095,0 24.56121370522215,-28.61240198218607,0 24.55373734885789,-28.57551746215288,0 24.5523031647506,-28.57215136853407,0 24.55035980088666,-28.57014235336969,0 24.53452494398382,-28.55629220584646,0 24.5331151399284,-28.55443571384759,0 24.53252518024971,-28.55217700457291,0 24.52966740130043,-28.53975830462256,0 24.52891481156767,-28.53839165326906,0 24.52825706480456,-28.53770573030187,0 24.52719613052275,-28.53715852686465,0 24.52601164541024,-28.53680528930768,0 24.52356542828953,-28.53657873506194,0 24.52203557326148,-28.53740305396742,0 24.52130904040608,-28.53794638611657,0 24.52069867402732,-28.53831964309453,0 24.51962186450231,-28.53846905041078,0 24.51865974805924,-28.53844641677419,0 24.51811237975595,-28.53816517814026,0 24.51791718360863,-28.53780260622059,0 24.51801031702303,-28.53733410537574,0 24.5183909056978,-28.53644516789385,0 24.517994540453,-28.5360686507153,0 24.51750061700452,-28.53588251915574,0 24.51584382102041,-28.53525853086743,0 24.5137007606343,-28.53277289622997,0 24.5124917869184,-28.53155264864811,0 24.51126760981084,-28.53021984372147,0 24.51085264241879,-28.52974168019394,0 24.51026797006801,-28.52935604674623,0 24.50915358707973,-28.52891200810594,0 24.49351924586539,-28.52493682727331,0 24.4856445751954,-28.52282977024342,0 24.48178858129123,-28.52187873069562,0 24.47978181873477,-28.52137534293245,0 24.47872112740754,-28.52106593042993,0 24.4777702193228,-28.52072225915611,0 24.47629843680345,-28.52002003092871,0 24.47497321932761,-28.5192993654651,0 24.47364656858495,-28.51831527941316,0 24.47166847085823,-28.51692357248922,0 24.46959383976547,-28.51536564921013,0 24.46570155053679,-28.51255474142507,0 24.46193322738227,-28.50975424826887,0 24.44604924213687,-28.49798818733169,0 24.44330057190504,-28.49598215997313,0 24.44070927001466,-28.49383962018388,0 24.43786183614669,-28.49102266697656,0 24.43490973093311,-28.48814066358914,0 24.42943707466468,-28.48285829017719,0 24.42685622666953,-28.48019751528111,0 24.42609834722829,-28.47949539166158,0 24.42533294176219,-28.47889636633651,0 24.4240047663924,-28.47773682800913,0 24.39108731263592,-28.45464508335343,0 24.38384939567182,-28.44963570935618,0 24.37608859902907,-28.4441745099213,0 24.36780648534399,-28.43829707567073,0 24.36382848448245,-28.43549957124706,0 24.36158261388342,-28.4339769727246,0 24.35943615352784,-28.43245509006382,0 24.35628066291759,-28.42984671299699,0 24.35217882506933,-28.42521262132798,0 24.34536152123788,-28.41752462709081,0 24.33861620796271,-28.41017864484752,0 24.33528080796597,-28.40630240481104,0 24.33187183026167,-28.40283233033092,0 24.29086664844738,-28.36639463937273,0 24.23286697344193,-28.32240061637346,0 24.2202028900994,-28.30870259853824,0 24.20999072628917,-28.3065021099575,0 24.14895936079687,-28.30351522740838,0 24.13604746830287,-28.30053473730299,0 24.09122565313563,-28.28076143578693,0 24.06630042936006,-28.26542516759641,0 24.04259935686711,-28.2523409387924,0 24.03165743816451,-28.24737459847749,0 24.02589750992466,-28.233731663858,0 24.0045870797656,-28.21967544385097,0 23.93155402211589,-28.19576323838042,0 23.91615439513455,-28.19564507486132,0 23.55097187128228,-28.26344540116696,0 23.46224577626103,-28.27989831699906,0 23.42927842188678,-28.26768217800289,0 23.41089918696651,-28.26581794509541,0 23.39367712555414,-28.27216094406225,0 23.37945368419975,-28.28173870965876,0 23.30276593145462,-28.29974438644136,0 23.25063166876771,-28.31300340209563,0 23.20342454286006,-28.3344280397634,0 23.09834359636446,-28.33038862727106,0 23.09328558404586,-28.33024714758169,0 23.07494566664565,-28.33168482551119,0 23.07194396347533,-28.3319453526105,0 23.06983022949129,-28.33223857822223,0 23.0676192745994,-28.33183308674059,0 23.06605317661798,-28.3316303090137,0 23.06439491096545,-28.33191404016094,0 23.06356580367882,-28.33163018291809,0 23.06246017860894,-28.33280590524131,0 23.06103206317671,-28.33394106259782,0 23.0610776714316,-28.33763068621209,0 23.0622180248442,-28.33782380254811,0 
					</coordinates>
				</LineString>
			</Placemark>
			<Placemark id="0677E7B4E1407330B00E">
				<name>Postmasburg Loop</name>
				<open>1</open>
				<LookAt>
					<longitude>23.06931461350959</longitude>
					<latitude>-28.25476105657123</latitude>
					<altitude>1392.588560949002</altitude>
					<heading>0</heading>
					<tilt>0</tilt>
					<gx:fovy>30</gx:fovy>
					<range>6646.429901219672</range>
					<altitudeMode>absolute</altitudeMode>
				</LookAt>
				<styleUrl>#__managed_style_1B1197F323411A65F904</styleUrl>
				<LineString>
					<coordinates>
						23.0622050754038,-28.3378451507083,0 23.06100719021084,-28.33761693766871,0 23.06109816254307,-28.33387867768084,0 23.06413659723786,-28.33092623525698,0 23.06424263525347,-28.32954134356146,0 23.064658015684,-28.32852392695862,0 23.06809373734711,-28.32425450194296,0 23.06858239700513,-28.32249407799426,0 23.06740161685871,-28.31975691666405,0 23.06830077266881,-28.31452761143958,0 23.07131261611196,-28.29845899401422,0 23.07428452668344,-28.28371527920416,0 23.07759081982255,-28.26531378889526,0 23.08080301650144,-28.24770170110815,0 
					</coordinates>
				</LineString>
			</Placemark>
			<Placemark id="0D5845B5FA4071448798">
				<name>13 Sept Stage 2: Postmasburg to Olifantshoek</name>
				<visibility>0</visibility>
				<open>1</open>
				<LookAt>
					<longitude>22.86405502446819</longitude>
					<latitude>-27.91092844659906</latitude>
					<altitude>1219.209737291299</altitude>
					<heading>2.624315692900435e-08</heading>
					<tilt>0.4585585724984328</tilt>
					<gx:fovy>30.0000000000037</gx:fovy>
					<range>1371.723664035526</range>
					<altitudeMode>absolute</altitudeMode>
				</LookAt>
				<styleUrl>#__managed_style_148DD00EF1411A0E9FE4</styleUrl>
				<LineString>
					<coordinates>
						23.06222990972624,-28.33782042815699,0 23.06100217021734,-28.33761402488404,0 23.06106767759435,-28.33502135308266,0 23.06105507035246,-28.33405359612404,0 23.06425004616467,-28.33080034251027,0 23.06420687880235,-28.32958393148166,0 23.0644522870367,-28.32883312717159,0 23.0683570304875,-28.32388153651168,0 23.0684994150772,-28.32223977612579,0 23.06741974631576,-28.31976449724707,0 23.06797537968596,-28.31675104820267,0 23.07098664604446,-28.30049640208191,0 23.07557817296443,-28.27782842687277,0 23.0796382218077,-28.25403637681864,0 23.081523445691,-28.24292394888581,0 23.08175704396269,-28.20608068966694,0 23.08161721181391,-28.15693988709004,0 23.08137067500338,-28.14847499069709,0 23.07432778927499,-28.1111749954426,0 23.06022345945979,-28.03555155547873,0 23.05479879272524,-28.03027348927339,0 23.04086911257471,-27.98671485598173,0 23.03283632042396,-27.96157052520887,0 23.02856793959761,-27.95723254375076,0 22.96293275442391,-27.91222559035363,0 22.96126495693339,-27.90854245122109,0 22.9613018767208,-27.90492326479518,0 22.96268560055823,-27.89878428368406,0 22.95665495183168,-27.89886418090751,0 22.91392938501485,-27.9049623491254,0 22.87570823502938,-27.91035759221896,0 22.86072811662665,-27.91246087185815,0 
					</coordinates>
				</LineString>
			</Placemark>
		</Folder>
		<Folder id="850525C5A7411A0DE7D9">
			<name>Day 5</name>
			<open>1</open>
			<styleUrl>#__managed_style_0BAE4CF975411A0E9FE0</styleUrl>
			<Placemark id="0D270A6CAC40817FAE21">
				<name>Day 5 Kameeldoring Camp Finish Line</name>
				<open>1</open>
				<LookAt>
					<longitude>20.34808363650353</longitude>
					<latitude>-28.62361913409145</latitude>
					<altitude>626.6061947740424</altitude>
					<heading>0</heading>
					<tilt>0</tilt>
					<gx:fovy>35</gx:fovy>
					<range>2241.901322059567</range>
					<altitudeMode>absolute</altitudeMode>
				</LookAt>
				<styleUrl>#__managed_style_032495B086411A0E9FDF</styleUrl>
				<Point>
					<coordinates>20.34762140225296,-28.62260964025709,627.2409528874934</coordinates>
				</Point>
			</Placemark>
			<Placemark id="0F275D253340817DFF07">
				<name>Day 5 Upington Highschool Control Stop</name>
				<open>1</open>
				<LookAt>
					<longitude>21.24298895974499</longitude>
					<latitude>-28.46083254899519</latitude>
					<altitude>806.0544355979509</altitude>
					<heading>0</heading>
					<tilt>0</tilt>
					<gx:fovy>35</gx:fovy>
					<range>3272.662195935846</range>
					<altitudeMode>absolute</altitudeMode>
				</LookAt>
				<styleUrl>#__managed_style_032495B086411A0E9FDF</styleUrl>
				<Point>
					<coordinates>21.24131778182468,-28.45681656025485,803.5638871227516</coordinates>
				</Point>
			</Placemark>
			<Placemark id="0C926D1A2840817EB9C4">
				<name>Day 5 Loop Turnaround</name>
				<open>1</open>
				<LookAt>
					<longitude>21.47828476903921</longitude>
					<latitude>-28.40617001159009</latitude>
					<altitude>854.7546953124175</altitude>
					<heading>0</heading>
					<tilt>0</tilt>
					<gx:fovy>35</gx:fovy>
					<range>1705.405165000702</range>
					<altitudeMode>absolute</altitudeMode>
				</LookAt>
				<styleUrl>#__managed_style_58C4115D39411A0E9FE4</styleUrl>
				<Point>
					<coordinates>21.48087442881057,-28.40633489947049,836.9779352367292</coordinates>
				</Point>
			</Placemark>
			<Placemark id="03DFCF08CF40714B489E">
				<name>14 Sept Stage 1: Olifantshoek to Upington</name>
				<open>1</open>
				<LookAt>
					<longitude>21.24609140379049</longitude>
					<latitude>-28.45630818625396</latitude>
					<altitude>802.8825475743504</altitude>
					<heading>6.220780136280254e-08</heading>
					<tilt>0.4586514187737701</tilt>
					<gx:fovy>30.0000000000037</gx:fovy>
					<range>2662.302738133294</range>
					<altitudeMode>absolute</altitudeMode>
				</LookAt>
				<styleUrl>#__managed_style_1F35887578411A0E9FE1</styleUrl>
				<LineString>
					<coordinates>
						22.8607591341788,-27.91247544552024,0 22.84294896514293,-27.91503289925233,0 22.8228140116491,-27.91787761337695,0 22.81870102174668,-27.91847810326245,0 22.80570316204471,-27.92021362086038,0 22.79129867903725,-27.92232206177117,0 22.77113907332773,-27.92492202830215,0 22.75696869828415,-27.9279149188438,0 22.74264752227617,-27.93144971624062,0 22.74095499698091,-27.93280946424891,0 22.73979777645872,-27.93429975990347,0 22.73388160736592,-27.9503820935916,0 22.73129049462045,-27.95143084571309,0 22.73150954960828,-27.95629203365196,0 22.73226963590077,-27.96391091761783,0 22.73185073654513,-27.96678335005435,0 22.71968136868945,-27.99185819010455,0 22.71067832177137,-28.00086380187297,0 22.70092766502177,-28.0057599782094,0 22.6842798336925,-28.01157824128872,0 22.67161185002579,-28.01822346558655,0 22.66356187275277,-28.0244817687642,0 22.64714491045042,-28.04551328600051,0 22.55678126342476,-28.10080955507398,0 22.53868189972062,-28.11134677821903,0 22.52644800744495,-28.1147548937984,0 22.44147751140519,-28.14197348971432,0 22.39058227953519,-28.15777996796183,0 22.36638562819148,-28.16171620149399,0 22.30016968379456,-28.19201797376062,0 22.23035048839076,-28.21022870759375,0 21.73843594040216,-28.37481777257399,0 21.6268887497369,-28.36276084460958,0 21.57753906779589,-28.37383702568867,0 21.55616683381701,-28.38177969574195,0 21.54596162087235,-28.37998605928112,0 21.52652322566225,-28.37730791124336,0 21.47807622652034,-28.37759989478454,0 21.46402053104567,-28.37524168546706,0 21.44380051628575,-28.37623957839909,0 21.40906572631434,-28.37533350385554,0 21.36670702848488,-28.38085286600575,0 21.36210540613674,-28.38281893709881,0 21.32633586944016,-28.41421546326152,0 21.30694014447376,-28.43327937830347,0 21.28212497369435,-28.4371860715116,0 21.26443781369759,-28.44594877548795,0 21.25973387042054,-28.44955519099631,0 21.25786719411668,-28.45119538056031,0 21.25046610136927,-28.45426876416356,0 21.24889371664622,-28.45626500944395,0 21.24498715720474,-28.45997929696845,0 21.24132150904559,-28.45682476737803,0 
					</coordinates>
				</LineString>
			</Placemark>
			<Placemark id="05F744FDE3407336249F">
				<name>Upington Loop</name>
				<open>1</open>
				<LookAt>
					<longitude>21.48471951136748</longitude>
					<latitude>-28.40659592043983</latitude>
					<altitude>0</altitude>
					<heading>0</heading>
					<tilt>0</tilt>
					<gx:fovy>30</gx:fovy>
					<range>5372.163328957077</range>
					<altitudeMode>absolute</altitudeMode>
				</LookAt>
				<styleUrl>#__managed_style_108A0576B4411A0E9FE3</styleUrl>
				<LineString>
					<coordinates>
						21.24139110022635,-28.45690594806165,0 21.24297681311914,-28.45822472222623,0 21.24074816555351,-28.46022169109621,0 21.24224820457832,-28.46142744012924,0 21.24156973158667,-28.46201194158597,0 21.24103147516038,-28.46240637764905,0 21.24093207239095,-28.46309349286719,0 21.24133112598006,-28.46359003740308,0 21.24533422094061,-28.46741855252009,0 21.25059619685035,-28.47273679235237,0 21.25633551480494,-28.47311901560312,0 21.26346628192936,-28.47342443187096,0 21.27059775695509,-28.4767871474554,0 21.27485924227585,-28.47671009655235,0 21.27807676611256,-28.47464555159981,0 21.27920641064843,-28.46990572568428,0 21.27972730965833,-28.46508943868223,0 21.28294437700585,-28.460809910162,0 21.29120433940635,-28.45721703553062,0 21.3022462762422,-28.45331745025824,0 21.30902823319371,-28.45186384630543,0 21.31904823229469,-28.44657063839199,0 21.34184428337012,-28.43475278906338,0 21.3474302997576,-28.43368929987232,0 21.3545270340133,-28.43488199876312,0 21.35860372131325,-28.43421672589073,0 21.36615653251575,-28.44138808607299,0 21.37445941033621,-28.44829211956066,0 21.38306529603947,-28.45453204831066,0 21.39393727578776,-28.45891301642918,0 21.40043010001885,-28.45692119055238,0 21.40496050498932,-28.45824841736716,0 21.41568012257658,-28.45187434863155,0 21.41658448780631,-28.4469620632589,0 21.42760545826777,-28.44125081318732,0 21.43546427393467,-28.4379313526131,0 21.44663739817137,-28.42598415884929,0 21.4561471413478,-28.41762106452701,0 21.46339178832564,-28.41297452348462,0 21.4689759273787,-28.40978798454225,0 21.47351247025474,-28.40804750131734,0 21.47788390194513,-28.40583906171997,0 21.48085994922304,-28.40633000386647,0 21.48085994922304,-28.40633000386647,0 21.47788390194513,-28.40583906171997,0 21.47351247025474,-28.40804750131734,0 21.4689759273787,-28.40978798454225,0 21.46339178832564,-28.41297452348462,0 21.4561471413478,-28.41762106452701,0 21.44663739817137,-28.42598415884929,0 21.43546427393467,-28.4379313526131,0 21.42760545826777,-28.44125081318732,0 21.41658448780631,-28.4469620632589,0 21.41568012257658,-28.45187434863155,0 21.40496050498932,-28.45824841736716,0 21.40043010001885,-28.45692119055238,0 21.39393727578776,-28.45891301642918,0 21.38306529603947,-28.45453204831066,0 21.37445941033621,-28.44829211956066,0 21.36615653251575,-28.44138808607299,0 21.35860372131325,-28.43421672589073,0 21.3545270340133,-28.43488199876312,0 21.3474302997576,-28.43368929987232,0 21.34184428337012,-28.43475278906338,0 21.31904823229469,-28.44657063839199,0 21.30902823319371,-28.45186384630543,0 21.3022462762422,-28.45331745025824,0 21.29120433940635,-28.45721703553062,0 21.28294437700585,-28.460809910162,0 21.27972730965833,-28.46508943868223,0 21.27920641064843,-28.46990572568428,0 21.27807676611256,-28.47464555159981,0 21.27485924227585,-28.47671009655235,0 21.27059775695509,-28.4767871474554,0 21.26346628192936,-28.47342443187096,0 21.25633551480494,-28.47311901560312,0 21.25059619685035,-28.47273679235237,0 21.24533422094061,-28.46741855252009,0 21.24133112598006,-28.46359003740308,0 21.24093207239095,-28.46309349286719,0 21.24103147516038,-28.46240637764905,0 21.24156973158667,-28.46201194158597,0 21.24224820457832,-28.46142744012924,0 21.24074816555351,-28.46022169109621,0 21.24297681311914,-28.45822472222623,0 21.24139110022635,-28.45690594806165,0 
					</coordinates>
				</LineString>
			</Placemark>
			<Placemark id="04CA71A5AD4071537AA7">
				<name>14 Sept Stage 2: Upington to Augrabies</name>
				<open>1</open>
				<LookAt>
					<longitude>20.34797011413113</longitude>
					<latitude>-28.62286272561177</latitude>
					<altitude>625.1032175205662</altitude>
					<heading>4.532513334922932e-08</heading>
					<tilt>0.4584772438194991</tilt>
					<gx:fovy>30.0000000000037</gx:fovy>
					<range>241.8714837284278</range>
					<altitudeMode>absolute</altitudeMode>
				</LookAt>
				<styleUrl>#__managed_style_1E790A81DF408F687A24</styleUrl>
				<LineString>
					<coordinates>
						21.24134666255205,-28.45686177991707,0 21.24294151698723,-28.45829652809746,0 21.2396553862055,-28.46123417622941,0 21.2388331361449,-28.46162241700303,0 21.23697639330076,-28.46162214499408,0 21.23562955642314,-28.46209211035061,0 21.23388882593948,-28.46297924376782,0 21.23011811227438,-28.46445090067328,0 21.22470741157373,-28.4675021429952,0 21.22128337941682,-28.46904626642191,0 21.21732133713841,-28.47149926403562,0 21.21205508555122,-28.47276435163437,0 21.20827649362235,-28.47418696078841,0 21.20453727149765,-28.4754328465991,0 21.19875223023888,-28.47528372321015,0 21.19458331429125,-28.47625577470942,0 21.19084045951947,-28.47864744506338,0 21.18590930000521,-28.48275561300512,0 21.1839550785223,-28.48499516537076,0 21.18191994158458,-28.4917832940638,0 21.1769500654191,-28.50838727408487,0 21.16931017026346,-28.52020052100127,0 21.14897799433833,-28.55301991130161,0 21.14240121640407,-28.56254206629034,0 21.13236718135359,-28.57307813394183,0 21.11299632432432,-28.59379327036994,0 21.09607762886529,-28.60546831374131,0 21.09055646941942,-28.61016455296825,0 21.07262699569682,-28.62847544250024,0 21.06883602636227,-28.63149903826214,0 21.04816220577905,-28.64373552690811,0 21.01643097738143,-28.66499390062931,0 20.99729046628281,-28.67842932642759,0 20.98549322005437,-28.69157694598357,0 20.98378477069172,-28.69625322896788,0 20.9819790970658,-28.70918721450429,0 20.98087127961499,-28.71193018479313,0 20.97359728895209,-28.70936318988488,0 20.96642099388583,-28.7066177154828,0 20.96137791347828,-28.70670569835307,0 20.95491248483605,-28.70732598162203,0 20.95228609860346,-28.70723745825918,0 20.92115941275377,-28.70120876662293,0 20.91908242045649,-28.70120807976919,0 20.91078921200407,-28.7045783016197,0 20.90513031606282,-28.70457902971351,0 20.89492435014805,-28.70511146909549,0 20.88360865119588,-28.70741499890426,0 20.87159223056305,-28.71237295569244,0 20.86710561437118,-28.71604584817527,0 20.85568067082194,-28.71968206265587,0 20.83507494668098,-28.7313716983297,0 20.82141267718524,-28.7467420153135,0 20.81397508651359,-28.74911238614742,0 20.78275045571972,-28.7563347837781,0 20.76481152100457,-28.75257128303619,0 20.735661185817,-28.738963182279,0 20.72586071790751,-28.73414399499036,0 20.71223450468928,-28.73141750225042,0 20.70721416406207,-28.73099713547956,0 20.70291271480664,-28.73267241466401,0 20.69908785579523,-28.73267124561428,0 20.68427378623542,-28.73895131860174,0 20.68117180186307,-28.74313909723782,0 20.68309153146583,-28.74879337192273,0 20.68318095225855,-28.75044114427095,0 20.68131558921643,-28.75111465061689,0 20.67506523037414,-28.75015377236169,0 20.67056793962099,-28.75130822737174,0 20.65949192198568,-28.75121241741184,0 20.65400921233,-28.75236609820804,0 20.64095913160948,-28.75188400513897,0 20.63492470410739,-28.75024808376408,0 20.62801442679041,-28.75024648655281,0 20.62428787421435,-28.75159190557209,0 20.61990720646222,-28.76130414174775,0 20.61902670889496,-28.76533997541338,0 20.61529755251141,-28.76870164519103,0 20.61387213177353,-28.76994983999451,0 20.60280308377734,-28.76754963608762,0 20.59545650176066,-28.76274611689103,0 20.57319318316235,-28.76024364817625,0 20.55559849589633,-28.7582220952749,0 20.53412151417727,-28.75944095816056,0 20.52211877921797,-28.7471089064478,0 20.50515508705302,-28.72879257045068,0 20.50021850539233,-28.72273822724371,0 20.49508219014784,-28.71650728720114,0 20.49369575885237,-28.71304479921608,0 20.48994339190753,-28.71027260408612,0 20.42568114461223,-28.67618567216005,0 20.39232138981326,-28.66134455588665,0 20.37959747454287,-28.65641219675072,0 20.36285364346248,-28.64987117060966,0 20.35641315129714,-28.64667569832558,0 20.35252326873302,-28.64315910285502,0 20.34644140016458,-28.63558780636122,0 20.3439815076229,-28.632066253957,0 20.3423351400562,-28.63049797801446,0 20.34192038788379,-28.62970657876102,0 20.34184826107213,-28.62894683684884,0 20.34211875224721,-28.62809212797653,0 20.3426593150636,-28.62757881555052,0 20.34718889595023,-28.62342969434834,0 20.34738957323298,-28.6231151076521,0 20.34758146923031,-28.62319368009524,0 
					</coordinates>
				</LineString>
			</Placemark>
			<Placemark id="96D77E1083411A0DE7D9">
				<name>Day 5 Ranch Chalets Start Line</name>
				<open>1</open>
				<LookAt>
					<longitude>22.86096142856688</longitude>
					<latitude>-27.91165656323696</latitude>
					<altitude>1214.100257599344</altitude>
					<heading>0</heading>
					<tilt>0</tilt>
					<gx:fovy>35</gx:fovy>
					<range>964.0224598861826</range>
					<altitudeMode>absolute</altitudeMode>
				</LookAt>
				<styleUrl>#__managed_style_032495B086411A0E9FDF</styleUrl>
				<Point>
					<coordinates>22.8606940908676,-27.91230189354449,1214.763082428972</coordinates>
				</Point>
			</Placemark>
		</Folder>
		<Folder id="A4A78EE8AE411A0DE7D9">
			<name>Day 6</name>
			<open>1</open>
			<styleUrl>#__managed_style_0BAE4CF975411A0E9FE0</styleUrl>
			<Placemark id="0E552784ED408181FB5C">
				<name>Day 6 Loop Turnaround</name>
				<open>1</open>
				<LookAt>
					<longitude>17.83438536151225</longitude>
					<latitude>-29.69598118573055</latitude>
					<altitude>825.8150103573823</altitude>
					<heading>0</heading>
					<tilt>0</tilt>
					<gx:fovy>35</gx:fovy>
					<range>15627.96919135144</range>
					<altitudeMode>absolute</altitudeMode>
				</LookAt>
				<styleUrl>#__managed_style_3929845128411A0E9FE4</styleUrl>
				<Point>
					<coordinates>17.8174592056315,-29.68652048485497,795.6429170170493</coordinates>
				</Point>
			</Placemark>
			<Placemark id="03597D5C2540715B26B3">
				<name>15 Sept Stage 1: Augrabies to Springbok</name>
				<open>1</open>
				<LookAt>
					<longitude>17.89048086363331</longitude>
					<latitude>-29.66218096067162</latitude>
					<altitude>-1.414648398423424e-09</altitude>
					<heading>-1.084200684957067e-07</heading>
					<tilt>0.4585941385886884</tilt>
					<gx:fovy>30.0000000000037</gx:fovy>
					<range>1871.535850550665</range>
					<altitudeMode>absolute</altitudeMode>
				</LookAt>
				<styleUrl>#__managed_style_1F35887578411A0E9FE1</styleUrl>
				<LineString>
					<coordinates>
						20.34758213814723,-28.6231978048338,0 20.34737873327798,-28.6231085383072,0 20.34716205843693,-28.62346549272254,0 20.3448451341824,-28.62554037163191,0 20.34212328511077,-28.62810860455408,0 20.34190102864414,-28.62863970590789,0 20.34181690900942,-28.62921965255795,0 20.34190825914994,-28.62962771188047,0 20.34213579439304,-28.63021452235197,0 20.34400067474331,-28.63195410466776,0 20.34814782486158,-28.63748591977329,0 20.352694947351,-28.64325870441086,0 20.35645538490805,-28.64669820391103,0 20.36221258922938,-28.64943401403739,0 20.378912468815,-28.6559511370774,0 20.3939459747252,-28.66213102938167,0 20.42342122071062,-28.67460926067529,0 20.4565716416402,-28.69228557507562,0 20.49171883468842,-28.71083391703728,0 20.49436659916375,-28.71470714705157,0 20.49789634601828,-28.7201283137083,0 20.51671979874454,-28.74076439388547,0 20.53465415068087,-28.75931795439304,0 20.52347017481164,-28.76215621802791,0 20.49405278302576,-28.77885528279572,0 20.45568526017869,-28.80163745855681,0 20.43739235433679,-28.81301775336187,0 20.38311815319772,-28.82594734326596,0 20.31823037125203,-28.84091482202813,0 20.27397944392239,-28.83727565852286,0 20.21673061681082,-28.84394137424678,0 20.04452641234637,-28.86201345378449,0 19.99443362651519,-28.86948708398674,0 19.94327332026656,-28.87414516345944,0 19.90170075589659,-28.87972497997843,0 19.88251067303244,-28.88344476225506,0 19.79665459455951,-28.90886593298142,0 19.78287576083817,-28.91389604194165,0 19.77584106341427,-28.91971992468157,0 19.72241403953414,-28.9737394905676,0 19.68390982971032,-29.00911878639093,0 19.56093061941444,-29.06182466316919,0 19.52118225261043,-29.07978693246877,0 19.49908357849793,-29.09775888597454,0 19.47213426464113,-29.10746353318206,0 19.44803448968258,-29.10820116003973,0 19.4114718480046,-29.12490648776006,0 19.38903607626696,-29.12563292331726,0 19.35081124960426,-29.13288310692399,0 19.30842801533279,-29.12995977057977,0 19.18288361777042,-29.1261932261072,0 19.13416494524783,-29.14443206065745,0 19.0922923469313,-29.15838266568127,0 19.07699995132629,-29.16187443902695,0 19.06194871614006,-29.16592416440588,0 19.02969943771021,-29.18227413406964,0 19.01542539094476,-29.187437881437,0 18.97406719211098,-29.2023243964504,0 18.91312896177446,-29.22541313513909,0 18.89210707173061,-29.24677453049738,0 18.8729670286332,-29.26620396394873,0 18.86790440089689,-29.26844419258306,0 18.83256200580994,-29.28531094131311,0 18.77070352521071,-29.32014425818781,0 18.70310314454825,-29.35258754331805,0 18.59093647387071,-29.40740589920039,0 18.49520324468255,-29.45290109023504,0 18.44426780936639,-29.46819634679835,0 18.38007401073878,-29.48753773595325,0 18.2907815376163,-29.50751295325787,0 18.27937967278568,-29.51457497293451,0 18.25569253379852,-29.52937141193157,0 18.2455456509807,-29.5322242699568,0 18.21045999138058,-29.55105339074959,0 18.18397479566578,-29.55105799895708,0 18.16353000584262,-29.55104692036565,0 18.15153030387104,-29.55206888227902,0 18.12381927844559,-29.556719487936,0 18.08719923991693,-29.5625905182556,0 18.06388289336746,-29.56419254876647,0 18.05442824420705,-29.56809225783647,0 18.04686789079527,-29.56947666054455,0 18.04020826383675,-29.5708962403168,0 18.02591311052009,-29.57524620256996,0 17.98702843242355,-29.58771745866027,0 17.98358221900006,-29.58959033568922,0 17.96274914289107,-29.60217744937107,0 17.96012362936028,-29.60441997313363,0 17.95248785429021,-29.61113631316623,0 17.95118076305444,-29.61269659856602,0 17.95028551385866,-29.61432423784168,0 17.94927705703026,-29.61696894906945,0 17.94777684635967,-29.62074874642383,0 17.94577140659865,-29.62601827138236,0 17.94396369475668,-29.6290221581704,0 17.93955722348187,-29.6351778246238,0 17.93493864674275,-29.6435724646895,0 17.92885179152292,-29.64849704730074,0 17.91054983030383,-29.655092077146,0 17.9068652102831,-29.65643393384916,0 17.90216489023138,-29.6609181572809,0 17.90016332385842,-29.66185466646352,0 17.89670048871895,-29.66172105106161,0 17.89339150389568,-29.66131980580806,0 17.89098914767932,-29.6624160531672,0 17.89000504345677,-29.66093337175712,0 17.8889880298467,-29.66130423026825,0 
					</coordinates>
				</LineString>
			</Placemark>
			<Placemark id="B7EC9D3601411A0DE7D9">
				<name>Day 6 Kameeldoring Camp Start Line</name>
				<open>1</open>
				<LookAt>
					<longitude>20.34808363650353</longitude>
					<latitude>-28.62361913409145</latitude>
					<altitude>626.6061947740424</altitude>
					<heading>0</heading>
					<tilt>0</tilt>
					<gx:fovy>35</gx:fovy>
					<range>2241.901322059567</range>
					<altitudeMode>absolute</altitudeMode>
				</LookAt>
				<styleUrl>#__managed_style_032495B086411A0E9FDF</styleUrl>
				<Point>
					<coordinates>20.34762140225296,-28.62260964025709,627.2409528874934</coordinates>
				</Point>
			</Placemark>
			<Placemark id="026B92450E40733CEEBF">
				<name>Springbok Loop</name>
				<open>1</open>
				<LookAt>
					<longitude>17.81886919450911</longitude>
					<latitude>-29.68621218129189</latitude>
					<altitude>0</altitude>
					<heading>0</heading>
					<tilt>0</tilt>
					<gx:fovy>30</gx:fovy>
					<range>644.9076336854583</range>
					<altitudeMode>absolute</altitudeMode>
				</LookAt>
				<styleUrl>#__managed_style_18C1A5F925411A0E9FE0</styleUrl>
				<LineString>
					<coordinates>
						17.88900796566807,-29.66135670591536,0 17.89001158203966,-29.66094487016403,0 17.89101522726271,-29.66242260369811,0 17.88792068292561,-29.66404571098785,0 17.88504906482886,-29.6654749603025,0 17.88111798209083,-29.66520832938987,0 17.88023462274892,-29.66448419986619,0 17.87961180251451,-29.66447590384874,0 17.87915168461073,-29.66476430504714,0 17.87895154484893,-29.66523009708659,0 17.87876606552269,-29.66680084026525,0 17.87869655704682,-29.66787780966972,0 17.87862037037119,-29.66955140831043,0 17.87831448256301,-29.6702389218661,0 17.8781381035449,-29.67050919438215,0 17.87742448158569,-29.67094095355794,0 17.87506751038682,-29.67140982802744,0 17.87226547857486,-29.67234313191135,0 17.8698163109619,-29.67316210040525,0 17.86729188534114,-29.67403331580194,0 17.86657499511877,-29.67410015871274,0 17.86598412771001,-29.67406937236267,0 17.86395995814527,-29.67355878224505,0 17.86176644091096,-29.67287009529004,0 17.85967525663066,-29.67230413070821,0 17.85853442541809,-29.67215371603471,0 17.85715585733644,-29.67218168275765,0 17.8562371054291,-29.67240739093891,0 17.85516711269561,-29.67295913731551,0 17.85412737584363,-29.67372676905904,0 17.85334880555178,-29.67449528529914,0 17.85287423114722,-29.67586364516539,0 17.85249476434546,-29.67685458471133,0 17.85161556839368,-29.67801103569574,0 17.8511859857792,-29.67868718302154,0 17.85030732239822,-29.6793664780802,0 17.84950157734908,-29.67987704614655,0 17.84798414020374,-29.68064100952268,0 17.84572351805115,-29.68135785167173,0 17.8445133437707,-29.68189551018049,0 17.8419100313865,-29.68321287441159,0 17.84007885393177,-29.68439475744039,0 17.83747692579614,-29.68625163661188,0 17.83559139875376,-29.6875353684548,0 17.83462407991613,-29.68817514487912,0 17.8338194790444,-29.68861868893161,0 17.83308087027727,-29.68870533721196,0 17.83262219230241,-29.68863123253616,0 17.82872668572083,-29.68686744661896,0 17.82714786041633,-29.68607790267575,0 17.8263832669101,-29.68579721132711,0 17.82421975765092,-29.68583026561693,0 17.8206199848924,-29.68612288838598,0 17.81719622148386,-29.68630791808768,0 17.81719622148386,-29.68630791808768,0 17.8206199848924,-29.68612288838598,0 17.82421975765092,-29.68583026561693,0 17.8263832669101,-29.68579721132711,0 17.82714786041633,-29.68607790267575,0 17.82872668572083,-29.68686744661896,0 17.83262219230241,-29.68863123253616,0 17.83308087027727,-29.68870533721196,0 17.8338194790444,-29.68861868893161,0 17.83462407991613,-29.68817514487912,0 17.83559139875376,-29.6875353684548,0 17.83747692579614,-29.68625163661188,0 17.84007885393177,-29.68439475744039,0 17.8419100313865,-29.68321287441159,0 17.8445133437707,-29.68189551018049,0 17.84572351805115,-29.68135785167173,0 17.84798414020374,-29.68064100952268,0 17.84950157734908,-29.67987704614655,0 17.85030732239822,-29.6793664780802,0 17.8511859857792,-29.67868718302154,0 17.85161556839368,-29.67801103569574,0 17.85249476434546,-29.67685458471133,0 17.85287423114722,-29.67586364516539,0 17.85334880555178,-29.67449528529914,0 17.85412737584363,-29.67372676905904,0 17.85516711269561,-29.67295913731551,0 17.8562371054291,-29.67240739093891,0 17.85715585733644,-29.67218168275765,0 17.85853442541809,-29.67215371603471,0 17.85967525663066,-29.67230413070821,0 17.86176644091096,-29.67287009529004,0 17.86395995814527,-29.67355878224505,0 17.86598412771001,-29.67406937236267,0 17.86657499511877,-29.67410015871274,0 17.86729188534114,-29.67403331580194,0 17.8698163109619,-29.67316210040525,0 17.87226547857486,-29.67234313191135,0 17.87506751038682,-29.67140982802744,0 17.87742448158569,-29.67094095355794,0 17.8781381035449,-29.67050919438215,0 17.87831448256301,-29.6702389218661,0 17.87862037037119,-29.66955140831043,0 17.87869655704682,-29.66787780966972,0 17.87876606552269,-29.66680084026525,0 17.87895154484893,-29.66523009708659,0 17.87915168461073,-29.66476430504714,0 17.87961180251451,-29.66447590384874,0 17.88023462274892,-29.66448419986619,0 17.88111798209083,-29.66520832938987,0 17.88504906482886,-29.6654749603025,0 17.88792068292561,-29.66404571098785,0 17.89101522726271,-29.66242260369811,0 17.89001158203966,-29.66094487016403,0 17.88900796566807,-29.66135670591536,0 
					</coordinates>
				</LineString>
			</Placemark>
			<Placemark id="01A31275BF408180FA23">
				<name>Day 6 Springbok Highschool Control Stop and Finish Line</name>
				<open>1</open>
				<LookAt>
					<longitude>17.89058103813088</longitude>
					<latitude>-29.66248503873379</latitude>
					<altitude>913.6543317951662</altitude>
					<heading>0</heading>
					<tilt>0</tilt>
					<gx:fovy>35</gx:fovy>
					<range>2383.574120014965</range>
					<altitudeMode>absolute</altitudeMode>
				</LookAt>
				<styleUrl>#__managed_style_032495B086411A0E9FDF</styleUrl>
				<Point>
					<coordinates>17.88895649462289,-29.66144410021516,913.2535121280745</coordinates>
				</Point>
			</Placemark>
		</Folder>
		<Folder id="CD77A166C5411A0DE7D9">
			<name>Day 7</name>
			<open>1</open>
			<styleUrl>#__managed_style_0BAE4CF975411A0E9FE0</styleUrl>
			<Placemark id="0499919C06407163FC14">
				<name>16 Sept Stage 1: Springbok to Van Rhynsdorp</name>
				<open>1</open>
				<LookAt>
					<longitude>18.73830747867559</longitude>
					<latitude>-31.60698206251679</latitude>
					<altitude>117.4817902044343</altitude>
					<heading>-1.125916483027206e-07</heading>
					<tilt>0.4585199833089481</tilt>
					<gx:fovy>30.0000000000037</gx:fovy>
					<range>841.3879274656938</range>
					<altitudeMode>absolute</altitudeMode>
				</LookAt>
				<styleUrl>#__managed_style_1E790A81DF408F687A24</styleUrl>
				<LineString>
					<coordinates>
						17.88898443345803,-29.66129215479535,0 17.89000256634875,-29.66088768027516,0 17.89100008712627,-29.66244729751369,0 17.89305852030463,-29.66148480398967,0 17.89367847569027,-29.66138851413245,0 17.89569314609603,-29.6615617928144,0 17.89852654845696,-29.66183124054526,0 17.89858646356831,-29.66513874122701,0 17.89641864318861,-29.6657533066657,0 17.89690095651233,-29.66870686955808,0 17.89687810786326,-29.67031411827664,0 17.89681524844183,-29.67194082827868,0 17.89699809772524,-29.67335310900123,0 17.89773214794107,-29.67548294758936,0 17.90059119734324,-29.67981915571091,0 17.90129691018607,-29.68142444741365,0 17.90183929573078,-29.68317054363423,0 17.90194709770237,-29.68472715027672,0 17.90145739695552,-29.68675443739358,0 17.89939329164369,-29.69217055434286,0 17.89638185419993,-29.70049876198095,0 17.894310334724,-29.70342808975257,0 17.88549681310044,-29.71120896682824,0 17.86574794936661,-29.7290451986821,0 17.85570788065712,-29.73852095922198,0 17.84524272301319,-29.75252741535689,0 17.83382805285702,-29.76937740054409,0 17.83338666448853,-29.7798803577698,0 17.83382228812161,-29.78316789300131,0 17.83687574369096,-29.79239191282393,0 17.84036300910255,-29.80236397068107,0 17.84428337842498,-29.81308211460192,0 17.84849701613221,-29.81799580930213,0 17.85073758476248,-29.82279988638973,0 17.85142662888766,-29.83045352570792,0 17.85107949161187,-29.83765173683998,0 17.85487615983284,-29.84244747167406,0 17.87143532758403,-29.85652091623648,0 17.87951815422539,-29.87939240725507,0 17.87813185378884,-29.8856637803849,0 17.87346982750906,-29.89387174040591,0 17.87310178449014,-29.8978991818095,0 17.87465028704984,-29.9086780920617,0 17.87568404669301,-29.91226864522071,0 17.88740726184748,-29.92736530132895,0 17.89687257960673,-29.94721659967091,0 17.89959782506692,-29.95827041664605,0 17.90356607701914,-29.96605276258735,0 17.90356274219438,-29.97098906566822,0 17.90148843072443,-29.9744284971798,0 17.87852677652398,-29.98757831973174,0 17.87569249031808,-29.99038555295521,0 17.87553603264491,-29.99587624515212,0 17.87617124746413,-30.00191244580647,0 17.87997170164777,-30.01178197191578,0 17.88044665635967,-30.01383688005014,0 17.87997307128127,-30.02068352342298,0 17.88835429754145,-30.03121859684812,0 17.88816809788078,-30.03735872896851,0 17.88905492536507,-30.04138313107267,0 17.89857077792223,-30.06167878038544,0 17.90211010629636,-30.07926957176608,0 17.91334490330025,-30.11084457899856,0 17.91843367392491,-30.11543682524493,0 17.92904939488291,-30.13226128688132,0 17.9296394526696,-30.13453133483675,0 17.92741833634216,-30.14416009686501,0 17.9270636403406,-30.14646851495404,0 17.92813170979521,-30.14839153393719,0 17.93053304319214,-30.14977573892954,0 17.93142240735684,-30.15108267880778,0 17.93133388353328,-30.15361879364342,0 17.92982331254103,-30.15576974378055,0 17.92982396541407,-30.15822702654015,0 17.93035770542248,-30.16083676543642,0 17.92991548216774,-30.16865903954067,0 17.92978352110643,-30.17600710122302,0 17.92818102911536,-30.18010754424789,0 17.92711372114078,-30.18362729916559,0 17.92851650792921,-30.19042791730275,0 17.93122799800632,-30.20134556292474,0 17.93094399102219,-30.20503750564059,0 17.92937937805528,-30.20811289508538,0 17.92368892747456,-30.21020322506778,0 17.91885250870517,-30.21155527014438,0 17.91415735361141,-30.21130869774608,0 17.91088595389559,-30.21216878131941,0 17.9063404084117,-30.21782159830028,0 17.89832858523423,-30.22411724470627,0 17.89645173925502,-30.22771004891597,0 17.89551400012385,-30.23269107331669,0 17.8953818741623,-30.24622953166537,0 17.89647137996536,-30.28717162254802,0 17.89455079346646,-30.29436352695588,0 17.89487081674348,-30.30182908569695,0 17.89327089953002,-30.31205492015658,0 17.8881539700893,-30.34132158461257,0 17.88911412565739,-30.35014892908612,0 17.89167279138574,-30.35649145848663,0 17.89419292297314,-30.36187468770306,0 17.89887036193381,-30.36848726096495,0 17.9012998196431,-30.37533432312727,0 17.90374235655749,-30.38110347306338,0 17.91495057342982,-30.38970198176791,0 17.9205948633631,-30.39713284263144,0 17.92499689280368,-30.39812259367849,0 17.92623702103259,-30.40158680244469,0 17.92948720525477,-30.40397738052515,0 17.92910037626107,-30.40694425813983,0 17.92825805360589,-30.41091661127614,0 17.92946213971155,-30.41378672922527,0 17.93087756616372,-30.41506853034782,0 17.93087787977299,-30.41781396785098,0 17.93738140902767,-30.42549228764802,0 17.94107075123634,-30.43393995494412,0 17.94181195620444,-30.43697623078719,0 17.94449551476339,-30.45038111608132,0 17.94776574373659,-30.46110963684391,0 17.946817139262,-30.47993456064917,0 17.94234824217403,-30.49207258613692,0 17.94018542916313,-30.50419415845284,0 17.94009171751888,-30.51804770086265,0 17.94150830974592,-30.52231585833679,0 17.94763586643533,-30.53361209671138,0 17.94866280354786,-30.5394585146768,0 17.95370030651451,-30.54379794016972,0 17.95848549323645,-30.54466553357458,0 17.96251414675,-30.54943696071102,0 17.96981756800822,-30.54856872044529,0 17.97233577488453,-30.54900210617942,0 17.97762532334831,-30.54726612657006,0 17.98316485233683,-30.54921688367225,0 17.9882021583756,-30.54878185060416,0 17.99474689456047,-30.55290009993365,0 17.99549688898396,-30.5591865739941,0 17.99624624890358,-30.56612066202584,0 18.00905823366648,-30.59361047756629,0 18.01259050603073,-30.60000933478064,0 18.01675037032426,-30.60481876806275,0 18.02019539512673,-30.60890938838233,0 18.02055064821377,-30.61197599561948,0 18.02019314620274,-30.61493925557635,0 18.02268616458573,-30.61769699310249,0 18.03111337904119,-30.62310712419732,0 18.03811412815407,-30.62667750759589,0 18.04991693966479,-30.63916313163148,0 18.05151994354301,-30.64371921771144,0 18.05349673546381,-30.65095324752081,0 18.05518066150869,-30.66866507583127,0 18.0608580816818,-30.68771446752937,0 18.06732173561564,-30.69461861757033,0 18.0759270151669,-30.71463904533037,0 18.08374538345788,-30.73417970137383,0 18.0876410546089,-30.7531761187033,0 18.09023804315231,-30.76657923261052,0 18.09226691365452,-30.77430863805075,0 18.10057197502897,-30.78144826339066,0 18.11331475366709,-30.78408545384822,0 18.12139684745852,-30.79525073847163,0 18.11689740312277,-30.81224847845343,0 18.1155474051197,-30.81958479437326,0 18.12183606660792,-30.83347768376568,0 18.14160351877192,-30.85198688122273,0 18.15642553422178,-30.87087080723441,0 18.16810582481541,-30.87857238460363,0 18.17294177814328,-30.88047437124875,0 18.18063290863891,-30.89138273896394,0 18.19533870018531,-30.90744634335538,0 18.21538016842658,-30.93752883553704,0 18.23140125178691,-30.96928616996348,0 18.23741027078114,-30.97185840944221,0 18.24374713459904,-30.98349005778395,0 18.25560440709614,-30.99365435367455,0 18.2595541285997,-31.00067446511994,0 18.26720247859554,-31.02881478653682,0 18.2774931785585,-31.05528252299431,0 18.28675511841783,-31.05792787747355,0 18.30116264451544,-31.0579253741207,0 18.31557219962292,-31.07908512118773,0 18.34748251722487,-31.10551475526661,0 18.35160535832255,-31.13018413112775,0 18.36190431490892,-31.14691435235497,0 18.38456053091952,-31.16363099265267,0 18.43709407001879,-31.18823469042707,0 18.46285761127466,-31.20228987626544,0 18.49996029744069,-31.21104211821975,0 18.52677584369841,-31.22596544970657,0 18.61106362930611,-31.35418410370061,0 18.65896167856489,-31.39328260501969,0 18.68048376157871,-31.41103930197788,0 18.6992325328196,-31.44181302345368,0 18.70270565149893,-31.45187183355645,0 18.7061815998324,-31.47494500131263,0 18.71590760209642,-31.48913442106212,0 18.72916231986305,-31.59112444166766,0 18.73001136296529,-31.59607477383081,0 18.73026578760584,-31.60134901788664,0 18.72974695491076,-31.6058493567614,0 18.73035123058506,-31.60592045617776,0 18.73062755886541,-31.6059750771686,0 18.73085638432394,-31.60614422533057,0 18.73098221221261,-31.60655737855351,0 18.73089697821914,-31.60698150547853,0 18.73080925972597,-31.60739765336896,0 18.73071228716737,-31.60817847420646,0 18.73651741119953,-31.60885043620467,0 18.73685240659067,-31.60700936422517,0 18.73737546637852,-31.60600592607558,0 
					</coordinates>
				</LineString>
			</Placemark>
			<Placemark id="06EF44C9A14073413B26">
				<name>Van Rhynsdorp Loop</name>
				<open>1</open>
				<LookAt>
					<longitude>18.79189177440584</longitude>
					<latitude>-31.56495301994328</latitude>
					<altitude>-1.414648398423424e-09</altitude>
					<heading>0</heading>
					<tilt>0</tilt>
					<gx:fovy>30</gx:fovy>
					<range>10291.93659002344</range>
					<altitudeMode>absolute</altitudeMode>
				</LookAt>
				<styleUrl>#__managed_style_063A0CCA1E411A0E9FE4</styleUrl>
				<LineString>
					<coordinates>
						18.73736409645403,-31.60604701521327,0 18.73684581814341,-31.60703349341184,0 18.74336440321553,-31.60783163292007,0 18.74408100421475,-31.60675985182862,0 18.74679007964571,-31.60491396542727,0 18.76182035426249,-31.59568568719432,0 18.78160018361145,-31.58333814241231,0 18.80662766186037,-31.56777382890544,0 18.80662766186037,-31.56777382890544,0 18.78160018361145,-31.58333814241231,0 18.76182035426249,-31.59568568719432,0 18.74679007964571,-31.60491396542727,0 18.74408100421475,-31.60675985182862,0 18.74336440321553,-31.60783163292007,0 18.73684581814341,-31.60703349341184,0 18.73736409645403,-31.60604701521327,0 
					</coordinates>
				</LineString>
			</Placemark>
			<Placemark id="0F60C0478C4071723DC1">
				<name>16 Sept Stage 2: Van Rhynsdorp to Clanwilliam</name>
				<open>1</open>
				<LookAt>
					<longitude>18.89762413052446</longitude>
					<latitude>-32.17096393135463</latitude>
					<altitude>81.00582198362211</altitude>
					<heading>-1.334859893663343e-07</heading>
					<tilt>0.4586056100204298</tilt>
					<gx:fovy>30.0000000000037</gx:fovy>
					<range>2031.753737080435</range>
					<altitudeMode>absolute</altitudeMode>
				</LookAt>
				<styleUrl>#__managed_style_1F35887578411A0E9FE1</styleUrl>
				<LineString>
					<coordinates>
						18.73738230789973,-31.60603843091563,0 18.73684976506258,-31.60699149927831,0 18.73651115347333,-31.60885606530852,0 18.73070149196096,-31.60816737187738,0 18.73079155743482,-31.60753198981506,0 18.73086300462468,-31.60699123653486,0 18.73096304801516,-31.60654434254481,0 18.7309144510009,-31.60622501249687,0 18.73064775305751,-31.60600666729847,0 18.73030170199153,-31.60589747656574,0 18.72972897970929,-31.60589000442781,0 18.72927210049659,-31.60888585769148,0 18.72858010801695,-31.61359675999786,0 18.72761009418629,-31.62068180873393,0 18.72656865551489,-31.62643695971446,0 18.72203931310013,-31.63630720143786,0 18.71848155116131,-31.64458003890797,0 18.71350710119575,-31.65536814226273,0 18.71003112821753,-31.66189979392049,0 18.70176768828813,-31.67443714831692,0 18.69659108879657,-31.68181105771643,0 18.69666413015801,-31.68441087825952,0 18.69753687225076,-31.68669997418501,0 18.69710078209603,-31.68880245738733,0 18.69419429170101,-31.69213969664308,0 18.67791405201201,-31.71164633363596,0 18.67050248145871,-31.72101783611794,0 18.65759056594645,-31.74231769145359,0 18.64041441503048,-31.77233777284288,0 18.62850444369996,-31.79347000657036,0 18.62638837496399,-31.79931081947164,0 18.6279772314358,-31.80649736967827,0 18.6271840613078,-31.81008958355017,0 18.6216155780459,-31.81647252256482,0 18.61817270786012,-31.82031346307134,0 18.61929942465291,-31.82586020386031,0 18.62030025419966,-31.8310834190722,0 18.62130269578255,-31.83332085676269,0 18.61866483733144,-31.83790076484573,0 18.61778481038182,-31.84141375152021,0 18.61439669774463,-31.84535089541826,0 18.61337092488388,-31.8497221811511,0 18.60848842796737,-31.85212384808314,0 18.60771473119824,-31.85648705932361,0 18.61105134255195,-31.85953951596692,0 18.61721344216758,-31.86171826793616,0 18.62182541165545,-31.87326965487902,0 18.63362135538983,-31.8878592744983,0 18.64567703889045,-31.89677949088575,0 18.64895451692377,-31.90236515999278,0 18.65037459159132,-31.90598567289765,0 18.66947112013966,-31.92137262354009,0 18.68017354107413,-31.92668624307512,0 18.68605128620923,-31.93033399276823,0 18.70842066917405,-31.9521940301901,0 18.72219377669514,-31.96023765680494,0 18.72580618681953,-31.96100313699267,0 18.73257577121954,-31.9682763407346,0 18.73821754969343,-31.97152843418723,0 18.74159997088111,-31.97650183765923,0 18.74566101707588,-31.97898739319638,0 18.75130176458142,-31.98147208456557,0 18.75446166928352,-31.9816624407847,0 18.75896785713448,-31.9891172172075,0 18.76054599405656,-31.99064579534238,0 18.76348116666323,-31.98968926546255,0 18.76524652896673,-31.99015687144788,0 18.76883047927946,-31.99334034968994,0 18.77315444652417,-32.00309148723136,0 18.78051875156983,-32.01662402789118,0 18.78711116001313,-32.02466153543494,0 18.79205071512477,-32.03461478289515,0 18.79595757454531,-32.04490994068252,0 18.80954213640137,-32.05746157674322,0 18.8232265492097,-32.07963061264257,0 18.82390436908807,-32.08987751778895,0 18.82738752137483,-32.09800148645348,0 18.83726210991414,-32.10685804710128,0 18.84625926394897,-32.12038248542381,0 18.86049014983328,-32.14338185326439,0 18.87171611221719,-32.16183611153296,0 18.87213204441312,-32.16549981214505,0 18.86962439387318,-32.16945743829247,0 18.86909584404158,-32.17088923230627,0 18.86826968861075,-32.17261268792912,0 18.86823077745148,-32.17314414924209,0 18.86899905723848,-32.17319664807787,0 18.86987564397476,-32.17312433027376,0 18.8707614207614,-32.17291068838386,0 18.87220723242789,-32.17214751803203,0 18.87349396565006,-32.1710267692868,0 18.87416535276057,-32.17059574598048,0 18.87513486843883,-32.17033621947548,0 18.8783599346992,-32.17008548128688,0 18.87968925817522,-32.17026372778433,0 18.88127541098737,-32.17089341501348,0 18.88414892712011,-32.17246586346623,0 18.88751282936035,-32.17434170107825,0 18.89023405156938,-32.17561815852368,0 18.8908393681938,-32.17584798693829,0 18.89202095793257,-32.17574180486157,0 18.89349396502493,-32.17551316647276,0 18.89498178757879,-32.17522896667236,0 18.89595583435639,-32.17496099529157,0 18.8967409330844,-32.17432297627824,0 18.89710917630953,-32.17367252896433,0 18.8972059094828,-32.17273630950189,0 18.89717953351557,-32.1719134582485,0 18.89719545008987,-32.17170990946828,0 18.8974190061898,-32.1715789675471,0 18.89771988068418,-32.17139715596908,0 18.89801180960682,-32.17138310625499,0 18.8982949015017,-32.17153628740752,0 18.8988692263535,-32.17214729438336,0 18.89961614190435,-32.17285182210455,0 
					</coordinates>
				</LineString>
			</Placemark>
			<Placemark id="0A2CB028F54081845D33">
				<name>Day 7 Augsburg Landbougimnasium Finish Line</name>
				<open>1</open>
				<LookAt>
					<longitude>18.8953863388978</longitude>
					<latitude>-32.17283802381092</latitude>
					<altitude>78.48133225257419</altitude>
					<heading>0</heading>
					<tilt>0</tilt>
					<gx:fovy>35</gx:fovy>
					<range>4182.260593082174</range>
					<altitudeMode>absolute</altitudeMode>
				</LookAt>
				<styleUrl>#__managed_style_032495B086411A0E9FDF</styleUrl>
				<Point>
					<coordinates>18.89949103074773,-32.17291294444777,82.33696095398589</coordinates>
				</Point>
			</Placemark>
			<Placemark id="0A3199DD284081839F4F">
				<name>Day 7 Loop Turnaround</name>
				<open>1</open>
				<LookAt>
					<longitude>18.80302554566299</longitude>
					<latitude>-31.56847337987725</latitude>
					<altitude>156.8096169599314</altitude>
					<heading>0</heading>
					<tilt>0</tilt>
					<gx:fovy>35</gx:fovy>
					<range>2070.997306633217</range>
					<altitudeMode>absolute</altitudeMode>
				</LookAt>
				<styleUrl>#__managed_style_2E9AB8DC66411A0E9FE0</styleUrl>
				<Point>
					<coordinates>18.80662989946866,-31.56781703025042,157.7776268479958</coordinates>
				</Point>
			</Placemark>
			<Placemark id="087136582A408182FAB1">
				<name>Day 7 Vanrhynsdorp Highschool Control Stop</name>
				<open>1</open>
				<LookAt>
					<longitude>18.73565182958434</longitude>
					<latitude>-31.60621093276515</latitude>
					<altitude>119.2835243497804</altitude>
					<heading>0</heading>
					<tilt>0</tilt>
					<gx:fovy>35</gx:fovy>
					<range>1967.281443334942</range>
					<altitudeMode>absolute</altitudeMode>
				</LookAt>
				<styleUrl>#__managed_style_032495B086411A0E9FDF</styleUrl>
				<Point>
					<coordinates>18.73750415305155,-31.6060225522777,118.5265991627587</coordinates>
				</Point>
			</Placemark>
			<Placemark id="D3917C811D411A0DE7D9">
				<name>Day 7 Springbok Highschool Start Line</name>
				<open>1</open>
				<LookAt>
					<longitude>17.89058103813088</longitude>
					<latitude>-29.66248503873379</latitude>
					<altitude>913.6543317951662</altitude>
					<heading>0</heading>
					<tilt>0</tilt>
					<gx:fovy>35</gx:fovy>
					<range>2383.574120014965</range>
					<altitudeMode>absolute</altitudeMode>
				</LookAt>
				<styleUrl>#__managed_style_032495B086411A0E9FDF</styleUrl>
				<Point>
					<coordinates>17.88895649462289,-29.66144410021516,913.2535121280745</coordinates>
				</Point>
			</Placemark>
		</Folder>
		<Folder id="E9BA6DF33F411A0DE7D9">
			<name>Day 8</name>
			<open>1</open>
			<styleUrl>#__managed_style_0BAE4CF975411A0E9FE0</styleUrl>
			<Placemark id="FCE4F4C9ED411A0DE7D9">
				<name>Day 8 Augsburg Landbougimnasium Start Line</name>
				<open>1</open>
				<LookAt>
					<longitude>18.8953863388978</longitude>
					<latitude>-32.17283802381092</latitude>
					<altitude>78.48133225257419</altitude>
					<heading>0</heading>
					<tilt>0</tilt>
					<gx:fovy>35</gx:fovy>
					<range>4182.260593082174</range>
					<altitudeMode>absolute</altitudeMode>
				</LookAt>
				<styleUrl>#__managed_style_032495B086411A0E9FDF</styleUrl>
				<Point>
					<coordinates>18.89949103074773,-32.17291294444777,82.33696095398589</coordinates>
				</Point>
			</Placemark>
			<Placemark id="07FC7DC54E408187431F">
				<name>Day 8 Loop Turnaround</name>
				<open>1</open>
				<LookAt>
					<longitude>19.36313623328245</longitude>
					<latitude>-33.32491965103704</latitude>
					<altitude>535.470211283994</altitude>
					<heading>0</heading>
					<tilt>0</tilt>
					<gx:fovy>35</gx:fovy>
					<range>10740.92081936309</range>
					<altitudeMode>absolute</altitudeMode>
				</LookAt>
				<styleUrl>#__managed_style_4D91E45090411A0E9FE4</styleUrl>
				<Point>
					<coordinates>19.40163562623385,-33.32734873943156,564.6680669107878</coordinates>
				</Point>
			</Placemark>
			<Placemark id="0114DE27444081881378">
				<name>Day 8 Timed Finish Line</name>
				<open>1</open>
				<LookAt>
					<longitude>18.91993356530147</longitude>
					<latitude>-33.77125818682685</latitude>
					<altitude>171.1832166728616</altitude>
					<heading>0</heading>
					<tilt>0</tilt>
					<gx:fovy>35</gx:fovy>
					<range>753.6541778059473</range>
					<altitudeMode>absolute</altitudeMode>
				</LookAt>
				<styleUrl>#__managed_style_032495B086411A0E9FDF</styleUrl>
				<Point>
					<coordinates>18.91924028582925,-33.77087548549069,172.1891656329536</coordinates>
				</Point>
			</Placemark>
			<Placemark id="076076C7AA4081869550">
				<name>Day 8 Charlie Hofmeyer Highschool Control Stop</name>
				<open>1</open>
				<LookAt>
					<longitude>19.30099301774285</longitude>
					<latitude>-33.37375112647668</latitude>
					<altitude>454.5915893378673</altitude>
					<heading>0</heading>
					<tilt>0</tilt>
					<gx:fovy>35</gx:fovy>
					<range>1680.359451132536</range>
					<altitudeMode>absolute</altitudeMode>
				</LookAt>
				<styleUrl>#__managed_style_032495B086411A0E9FDF</styleUrl>
				<Point>
					<coordinates>19.30433304031173,-33.37507545490165,457.665732981557</coordinates>
				</Point>
			</Placemark>
			<Placemark id="10E3EEA72B5411A0DE7D9">
				<name>Day 8 Charlie Hofmeyer Highschool Control Stop</name>
				<open>1</open>
				<LookAt>
					<longitude>19.30099301774285</longitude>
					<latitude>-33.37375112647668</latitude>
					<altitude>454.5915893378673</altitude>
					<heading>0</heading>
					<tilt>0</tilt>
					<gx:fovy>35</gx:fovy>
					<range>1680.359451132536</range>
					<altitudeMode>absolute</altitudeMode>
				</LookAt>
				<styleUrl>#__managed_style_032495B086411A0E9FDF</styleUrl>
				<Point>
					<coordinates>19.30433304031173,-33.37507545490165,457.665732981557</coordinates>
				</Point>
			</Placemark>
			<Placemark id="0A6520E38C407348C04F">
				<name>17 Sept Stage 1: Clanwilliam to Ceres</name>
				<open>1</open>
				<LookAt>
					<longitude>19.3044900699876</longitude>
					<latitude>-33.37495180668164</latitude>
					<altitude>457.7103602084776</altitude>
					<heading>0</heading>
					<tilt>0</tilt>
					<gx:fovy>35</gx:fovy>
					<range>1127.700812356925</range>
					<altitudeMode>absolute</altitudeMode>
				</LookAt>
				<styleUrl>#__managed_style_1E790A81DF408F687A24</styleUrl>
				<LineString>
					<coordinates>
						18.89957556209655,-32.17286272417791,0 18.89907470072474,-32.17238593512598,0 18.89872218528234,-32.17202375758539,0 18.89846073567472,-32.17171502600425,0 18.89817027861267,-32.17143649762316,0 18.89776416353469,-32.17138355579757,0 18.8971874571999,-32.17169712851246,0 18.89713030347864,-32.17192712609958,0 18.89717307067051,-32.17279641626102,0 18.89706304571247,-32.17386327885641,0 18.89663133774392,-32.17451569213505,0 18.89594195542688,-32.17496953047436,0 18.89510714047422,-32.17520790068151,0 18.89338712646144,-32.17555147827493,0 18.89099060011575,-32.17583867657891,0 18.89022783423793,-32.17566795574023,0 18.88954150242312,-32.17529790017592,0 18.88803082468073,-32.17458641000734,0 18.88518090645697,-32.1731126641662,0 18.88163915444998,-32.17106293580021,0 18.88008402069885,-32.17038051217952,0 18.87928292604749,-32.17021977865535,0 18.87811918284936,-32.17012345716591,0 18.87658613932406,-32.17019503869681,0 18.87531411280692,-32.17027573502089,0 18.87449416592623,-32.1704257859417,0 18.87390934458705,-32.17065926215804,0 18.87305000773392,-32.1713213256179,0 18.87221798223711,-32.17214259070431,0 18.87155991510391,-32.17252921185344,0 18.87087900201064,-32.17290200431611,0 18.87001810432412,-32.17312665454747,0 18.86937987038456,-32.17316748784046,0 18.8687639888658,-32.17318824331662,0 18.86824622191878,-32.17314104918098,0 18.86820472942362,-32.17347763961704,0 18.86820570837218,-32.17461439240129,0 18.8681922802588,-32.1762296518832,0 18.86847212876763,-32.17729925256868,0 18.86899027244661,-32.17820287901203,0 18.86999995674421,-32.17998287490705,0 18.87107445880341,-32.18184751204509,0 18.87180778225807,-32.18373607222073,0 18.87211711248974,-32.18551517329485,0 18.87174535472908,-32.18843031912232,0 18.87285029419996,-32.19133082406714,0 18.87370800120001,-32.19458899305248,0 18.87360299311788,-32.19743603020887,0 18.8733120633539,-32.19932708428949,0 18.87188728511439,-32.20081993378212,0 18.86804655935144,-32.20259296290322,0 18.86300429273828,-32.20339982190924,0 18.86004776030231,-32.20566189464775,0 18.8591010629655,-32.20820782988782,0 18.85736944123144,-32.21498739864486,0 18.85515280763419,-32.21768556459712,0 18.85240851185758,-32.2209773981551,0 18.8513210938061,-32.22359350032015,0 18.85177537948407,-32.22550753622108,0 18.85085248751511,-32.227730360037,0 18.84954345544225,-32.23039689966112,0 18.84973747126774,-32.23281676885598,0 18.85166058291017,-32.23965728162599,0 18.85444320566321,-32.24935704411459,0 18.85722972758613,-32.25265404139047,0 18.85952323850237,-32.25532800551754,0 18.86373146830212,-32.25912857798287,0 18.86711819820506,-32.26109062527326,0 18.87024406612269,-32.26361361995654,0 18.87160106191365,-32.26524936233329,0 18.87322334402613,-32.26595415204265,0 18.87690428193477,-32.26785886018052,0 18.88483351168524,-32.27503845027885,0 18.88739133462306,-32.27735752619696,0 18.88991373829012,-32.28004212297656,0 18.89340806775178,-32.28476282525698,0 18.89892157760114,-32.29345643617675,0 18.90441910524028,-32.30216630181565,0 18.90962501910744,-32.30988430953212,0 18.91080700096953,-32.3133580374733,0 18.91306398462504,-32.31859551468568,0 18.91506655099495,-32.32125093115451,0 18.91794632045315,-32.32355122994922,0 18.92056462295336,-32.32609508011247,0 18.92321096112126,-32.32835509476374,0 18.92452513454516,-32.33211745795925,0 18.92481120367417,-32.33500776356857,0 18.92411216066715,-32.33795135806505,0 18.92413404554352,-32.33967944613874,0 18.92468619258109,-32.34091093424446,0 18.92638534686532,-32.3434390174239,0 18.93186972418245,-32.350697894033,0 18.93473078180867,-32.3546743399536,0 18.93714302452944,-32.35925058395122,0 18.93914474206347,-32.36356617561569,0 18.94079452152129,-32.36753129261849,0 18.94099873418897,-32.37016665908854,0 18.94106060073615,-32.37137068799299,0 18.94127895677261,-32.37206525662534,0 18.94178065631486,-32.37328738026383,0 18.94415388819283,-32.37849264020461,0 18.94795712070809,-32.38723557872206,0 18.94887937392823,-32.39003618784488,0 18.94988162091743,-32.39306421115662,0 18.94999273517356,-32.39384217320206,0 18.94995238765306,-32.394860707743,0 18.95011788958478,-32.396079619835,0 18.95078227928222,-32.3974232391257,0 18.95221112560084,-32.39909916321415,0 18.95305582689232,-32.40017225260907,0 18.95448797025955,-32.40161224699896,0 18.95479458006076,-32.40302172387855,0 18.9549548084887,-32.40450499629758,0 18.9553734621067,-32.40529013981667,0 18.95625403691371,-32.40660027799342,0 18.95693782025546,-32.40769441774258,0 18.95732357309007,-32.4085233550458,0 18.95767668408783,-32.40998106633484,0 18.95804427301575,-32.41153072170321,0 18.95821484744775,-32.41296853549724,0 18.95772016270069,-32.41483424805096,0 18.95717798724967,-32.41649770831386,0 18.95679448409503,-32.41808120713057,0 18.95639978314835,-32.41946963227076,0 18.9564084510324,-32.42077515452289,0 18.95652967696821,-32.42213461494643,0 18.95695282241923,-32.42422183924807,0 18.95732272495341,-32.42596259720297,0 18.95736152080482,-32.42769200880301,0 18.95691901752838,-32.42894123489226,0 18.95590820251595,-32.43004888610295,0 18.95490348734681,-32.4316963209234,0 18.95470599062483,-32.43289467906234,0 18.95472931813877,-32.43419312364806,0 18.95539064187736,-32.43552763015397,0 18.95760586489137,-32.43997361684212,0 18.95827784103408,-32.44323129365668,0 18.95841571255676,-32.44683181949846,0 18.95935885589838,-32.45331672622839,0 18.96046854391786,-32.46030486013382,0 18.9624292574088,-32.47324239146431,0 18.96475430168749,-32.48703440300117,0 18.96594740536862,-32.49475617964328,0 18.96707292810817,-32.50213613377367,0 18.96686774168619,-32.5087159947407,0 18.96810138463677,-32.51381315295608,0 18.96965697341606,-32.51654939242237,0 18.97165207836938,-32.5201028439102,0 18.97247460662663,-32.52336543171623,0 18.97384140525171,-32.5301890732468,0 18.97828100305931,-32.54238412497782,0 18.98254075362513,-32.55386407671826,0 18.98532037623302,-32.56139760284073,0 18.98611390959398,-32.56692656754783,0 18.98810772200891,-32.58220618888402,0 18.99009837619993,-32.59782691639735,0 18.99026690725982,-32.59948796369127,0 18.99051043991744,-32.6009959290731,0 18.98988917558496,-32.60260448074942,0 18.98951747610409,-32.60320627698109,0 18.98922471145234,-32.60363596077389,0 18.98866295964464,-32.60425816109024,0 18.98792500847205,-32.6048230520238,0 18.98741904521122,-32.60506455442888,0 18.98669148781089,-32.60515317042454,0 18.9859230190857,-32.60510761552176,0 18.98478955371062,-32.60501037755972,0 18.98397578925044,-32.60519629398605,0 18.98350218336181,-32.60555346858569,0 18.98318924574258,-32.60609261285951,0 18.98286069224899,-32.60774668111887,0 18.98243719570332,-32.60863130952738,0 18.981893494363,-32.60890871502311,0 18.98130673769645,-32.6089703641579,0 18.98073070871867,-32.60888073316387,0 18.98022827641293,-32.60849319439183,0 18.97932566319904,-32.60744982977178,0 18.97835918107829,-32.60653262198986,0 18.97780335002203,-32.60629882486948,0 18.97717650648333,-32.6062521997461,0 18.97644096458882,-32.60662370499765,0 18.9763469376324,-32.60701222387075,0 18.97620508634042,-32.60764476909733,0 18.97623159342793,-32.60866009869241,0 18.97602138325934,-32.60930785052868,0 18.97554774142471,-32.60971312052995,0 18.9749726265503,-32.6099057918207,0 18.97422117038533,-32.60986748200581,0 18.97313440328996,-32.60975867025192,0 18.97258062876494,-32.60987179154137,0 18.97212781995569,-32.61023018647828,0 18.97194410571131,-32.61086740506465,0 18.97178557350463,-32.61226961716824,0 18.97117216833539,-32.61289601688817,0 18.96984034858153,-32.61306039341424,0 18.96846228663835,-32.61319362666705,0 18.9674266555073,-32.61362442511705,0 18.96604591079917,-32.61428779220464,0 18.96527591514517,-32.61440597468555,0 18.964571018149,-32.61437145491236,0 18.96338732019309,-32.61427495234101,0 18.96253428641209,-32.61451062520366,0 18.96168251058394,-32.61518256521398,0 18.96056218912808,-32.61548247002725,0 18.95865807104649,-32.61600815277053,0 18.95761308626385,-32.61695305682973,0 18.95604945635166,-32.61939411560174,0 18.9534894833637,-32.62314994381852,0 18.952765574803,-32.62412097649634,0 18.95193056814875,-32.62502947937231,0 18.94977548296218,-32.62621220090232,0 18.94910773594948,-32.62694149923604,0 18.94870713407497,-32.62760065943748,0 18.94850706066844,-32.62837312523983,0 18.94815702545035,-32.62895343330459,0 18.94737829771244,-32.62936286065559,0 18.94645983404442,-32.62934122356096,0 18.94593134888994,-32.62935872423485,0 18.94547098621658,-32.62951361669033,0 18.94507694078607,-32.62986262321789,0 18.94479943486273,-32.63021261270269,0 18.94481682733334,-32.63062666362359,0 18.9445777223619,-32.63179105815074,0 18.94443609529067,-32.63260420293536,0 18.94446236791822,-32.63337612103673,0 18.94548018482515,-32.63517583050184,0 18.94586827915381,-32.63673247133641,0 18.94633553988178,-32.63814490512782,0 18.94627550014855,-32.6395871895548,0 18.9468065943868,-32.64036440078752,0 18.94700394798524,-32.64133923225799,0 18.9475634954118,-32.64305999132068,0 18.94844859177638,-32.64468599201319,0 18.9494456074487,-32.64590928343381,0 18.95045845590796,-32.64667752535642,0 18.95098689111617,-32.64750008046504,0 18.95095765109317,-32.648400770437,0 18.95111044199292,-32.64883775952454,0 18.95160447952768,-32.64930057000878,0 18.95199335470726,-32.6499186968169,0 18.95223981051283,-32.65071790473274,0 18.95290370817809,-32.65154512170609,0 18.95409569349154,-32.6514612071506,0 18.95576974488699,-32.65224873582161,0 18.95574173103957,-32.65333366897614,0 18.95509765839913,-32.65432931851732,0 18.95434643506909,-32.65556595604084,0 18.954236508373,-32.65681065876885,0 18.9547731273644,-32.65867367224216,0 18.9546586562144,-32.66025901439704,0 18.95498548268401,-32.66156586905031,0 18.955619256996,-32.66343179529602,0 18.95545385301553,-32.66542798601375,0 18.9545749013205,-32.67108393749271,0 18.94963715301916,-32.67735530302944,0 18.9284824901189,-32.70452965890911,0 18.90887610272242,-32.73095243860735,0 18.9150101344651,-32.7453898652865,0 18.92064296474072,-32.75972402858073,0 18.9235413507112,-32.76825073510424,0 18.92454818537421,-32.77529925209652,0 18.92467000011762,-32.79301122022112,0 18.92543056777389,-32.81477732554866,0 18.92578937059383,-32.83786673954832,0 18.92592074476897,-32.85215931387715,0 18.9264220247471,-32.86518183320302,0 18.92685208179029,-32.86906029712283,0 18.93169890725881,-32.87731780168234,0 18.93573805268709,-32.88381426279354,0 18.94014521706333,-32.89041332999742,0 18.9449168817631,-32.89764752873816,0 18.94995223812433,-32.90560398134977,0 18.95640087058239,-32.91534275132746,0 18.95788141209706,-32.91753723258369,0 18.96056308398131,-32.92068667761185,0 18.96340386903453,-32.92388969786498,0 18.96703961050719,-32.92809226159714,0 18.97053933446646,-32.93213701525737,0 18.9746730160939,-32.93680249471132,0 18.97669910460506,-32.93935311883179,0 18.97917713947484,-32.9429610023365,0 18.99182618504313,-32.9613999150567,0 18.99303947480449,-32.9696403198515,0 18.99315967857625,-32.98093205521576,0 18.99361697092172,-32.99599697164158,0 18.99345312245896,-33.00790622802682,0 18.99344213070697,-33.01506868495093,0 18.99338182236415,-33.02155835345833,0 18.99332009375123,-33.02629596315613,0 18.99252558054581,-33.02995794969654,0 18.99062486343558,-33.03831036134208,0 18.9885337306644,-33.04612592665571,0 18.9862514534001,-33.05348417124137,0 18.98475190258542,-33.0579445775931,0 18.98270604937068,-33.06447214745521,0 18.98314323883136,-33.07970176505677,0 18.98223363652646,-33.09283793322593,0 18.97777338635004,-33.16008357263616,0 18.97760665221726,-33.18900968128712,0 18.97768567306957,-33.19728015519409,0 18.97554264972095,-33.21121276843201,0 18.9739670996954,-33.21919936538381,0 18.97334900844822,-33.22327132835172,0 18.97390115166065,-33.22512556628133,0 18.97507398998343,-33.22789410716751,0 18.97889092755394,-33.23144011610479,0 18.98294930654938,-33.23577911058751,0 18.99175339590658,-33.24453434868927,0 19.00632242212545,-33.25966630581676,0 19.01082790047054,-33.26391965996301,0 19.01594126052224,-33.26782817381885,0 19.02202036909381,-33.27278130174014,0 19.02427020336125,-33.2748692186977,0 19.02753420443666,-33.27947587626126,0 19.03263332379705,-33.28629717015136,0 19.03522335274892,-33.29086439999225,0 19.0366513890057,-33.29362824411883,0 19.03811323587286,-33.29571409316047,0 19.03874101842217,-33.29666697440573,0 19.04217120972219,-33.29822638165347,0 19.04739593519619,-33.30051338507022,0 19.0539858130585,-33.30356902750573,0 19.05532882714906,-33.30210486763138,0 19.0570398764542,-33.3008823360684,0 19.05817652360444,-33.30026331460176,0 19.05950918114517,-33.3002969259967,0 19.06107519074458,-33.30046915877224,0 19.06256347546481,-33.30139389305997,0 19.0638908528669,-33.30216205912229,0 19.06482670834371,-33.30275752360662,0 19.06693226035734,-33.30329502474184,0 19.06807624291426,-33.30352992852195,0 19.06907170382274,-33.30430689437163,0 19.0695751261392,-33.30613930631067,0 19.06997907776241,-33.30773885428745,0 19.07083168645859,-33.30918249655898,0 19.07193629903356,-33.3106010769295,0 19.07292421139882,-33.31156229161257,0 19.07431471583135,-33.31296550131492,0 19.07603844898573,-33.31455522181932,0 19.07755285206906,-33.31583118396352,0 19.07977765416593,-33.3176939295337,0 19.08192434681605,-33.31847159342128,0 19.08309594903911,-33.31845026902376,0 19.08465082440523,-33.31750601327806,0 19.08523135296132,-33.31709566666644,0 19.08580512651255,-33.31704517912974,0 19.08657033848721,-33.31690022665895,0 19.08786331697509,-33.3171476570383,0 19.08875375739499,-33.31777930164912,0 19.08963694599219,-33.31798080596429,0 19.0902562508512,-33.31796837829786,0 19.0910219585301,-33.31764570928029,0 19.0915841646053,-33.31693521044262,0 19.09216072286235,-33.31615890159812,0 19.09325970170796,-33.3147941637195,0 19.09446972249221,-33.31360809455856,0 19.09714856521748,-33.31190164263952,0 19.09918697920846,-33.31096788179045,0 19.10072952654496,-33.31049878499315,0 19.10260767545666,-33.30988797131052,0 19.10586714788108,-33.30916200768474,0 19.10774011943206,-33.3086510754212,0 19.10976619318085,-33.30808479370766,0 19.11107330651596,-33.30790883093891,0 19.11259943006785,-33.30814473360053,0 19.11685069629542,-33.31008597650696,0 19.12831872910986,-33.31540551767307,0 19.14009903065433,-33.32085196344825,0 19.15166286487703,-33.3262884062405,0 19.15428804263724,-33.32759919315185,0 19.15672939526714,-33.33009280782435,0 19.15861362269273,-33.33366399872475,0 19.16210903978905,-33.34419809199813,0 19.16620613544611,-33.35563890797005,0 19.16798553503457,-33.35978716961868,0 19.16889826973085,-33.36191775791836,0 19.17055881445556,-33.36383202587891,0 19.17653317876331,-33.37133950403032,0 19.18839031723244,-33.3858706410097,0 19.19624165137353,-33.39580001007477,0 19.19786155885209,-33.39759957424241,0 19.20049121154117,-33.39851076306545,0 19.20428040455345,-33.39973474949103,0 19.20709184667787,-33.40105123500628,0 19.21181150592172,-33.40341365765249,0 19.21765155549289,-33.4069644670453,0 19.22218146920275,-33.40981518528275,0 19.22609533099469,-33.41364605712658,0 19.22777936958313,-33.41446528971264,0 19.23009964069426,-33.41504305597259,0 19.23507819418146,-33.41595959559842,0 19.24236475647532,-33.41757082518886,0 19.24930643315396,-33.41946331268762,0 19.25251440380492,-33.42051001264964,0 19.25384478650244,-33.42072289782905,0 19.25597924677893,-33.42029892723255,0 19.25780242290068,-33.4198394254096,0 19.25954685346282,-33.41986034861143,0 19.26069501711638,-33.42063144522353,0 19.26144303941919,-33.42122150905089,0 19.26214071850746,-33.42127302128023,0 19.26280897867562,-33.42105396634665,0 19.26360357855797,-33.42071771581046,0 19.26415848222113,-33.42049586401791,0 19.26504588134871,-33.42026879363344,0 19.26592994251234,-33.42014079891727,0 19.26672889382492,-33.42011516552784,0 19.26800726689687,-33.42029251904112,0 19.26906791780721,-33.4204379631823,0 19.27023313708734,-33.42045240350816,0 19.2708808002724,-33.42023717292687,0 19.27157489050947,-33.41974658072707,0 19.27278624605296,-33.41936417342752,0 19.27399302397977,-33.41903025915272,0 19.27544181350204,-33.41866794195978,0 19.27668086766549,-33.41880489606618,0 19.27877392342776,-33.41934233605304,0 19.28137796110287,-33.41982578208049,0 19.28323389413293,-33.42003743625821,0 19.2842673675166,-33.42014376303835,0 19.2847612109063,-33.42014117489497,0 19.28518126568922,-33.41998511247423,0 19.28573039479906,-33.41954644824611,0 19.28663219317368,-33.41877716401699,0 19.2881039489914,-33.4173518247562,0 19.28917127937839,-33.41597543758351,0 19.28961947595518,-33.41537453809529,0 19.28973997137368,-33.41480428061178,0 19.28965563816852,-33.41421986176157,0 19.28932318030644,-33.41363257940069,0 19.28850463219681,-33.41274035712449,0 19.28771870882215,-33.41140889921509,0 19.28690505270643,-33.40977293280834,0 19.28651988341703,-33.40767701628262,0 19.28619230308307,-33.40636343215746,0 19.2861538686324,-33.40519784329539,0 19.28613021092357,-33.4039353098231,0 19.28599506336411,-33.40323783882689,0 19.28620655867877,-33.40165078591479,0 19.28652359879263,-33.40009537171792,0 19.28705390243499,-33.39838355981216,0 19.28677308499531,-33.39693905438525,0 19.28663036508718,-33.39617197598415,0 19.28696253085855,-33.39562320199131,0 19.28767165657783,-33.39480774985919,0 19.28778000552071,-33.39398615019862,0 19.28745388775326,-33.39327600900015,0 19.2869470005103,-33.39284738519863,0 19.2865814167446,-33.39222280008475,0 19.28650947944132,-33.39114249402252,0 19.28657717138319,-33.39032326741592,0 19.28708030046427,-33.38987143518855,0 19.28794630875739,-33.3892787132178,0 19.28844648336294,-33.38865920720399,0 19.28834214525205,-33.38789531477594,0 19.28839669623922,-33.38748413048351,0 19.28904581694071,-33.38696595711343,0 19.28959037194316,-33.38646835746685,0 19.28979915266517,-33.38592225634,0 19.28969142228491,-33.38480228192284,0 19.28956530516353,-33.38312223094462,0 19.28962011675695,-33.38200323856682,0 19.28990452788048,-33.3812305976198,0 19.29041217953056,-33.38049536411031,0 19.29112102577114,-33.37960834930309,0 19.29230573652684,-33.37887187874565,0 19.29303610183028,-33.37859259134796,0 19.29401927786956,-33.37851067120073,0 19.29498413967427,-33.37871959455516,0 19.29580217304831,-33.37879918100109,0 19.29678413846088,-33.37886115609807,0 19.29751109972546,-33.37878013482651,0 19.29807689288988,-33.37880451322057,0 19.29847021272172,-33.37852533895646,0 19.29884428570098,-33.37787391724636,0 19.29857576297934,-33.37711806028508,0 19.29852381015971,-33.37635188706674,0 19.29879732339543,-33.37537035245797,0 19.29976196608378,-33.37455291837409,0 19.30278215660709,-33.37315979974559,0 19.30405252759678,-33.37257449747041,0 19.30540739945606,-33.37448208469727,0 19.30436909577099,-33.37500736997058,0 
					</coordinates>
				</LineString>
			</Placemark>
			<Placemark id="0A8429A35840734D8093">
				<name>Ceres Loop</name>
				<open>1</open>
				<LookAt>
					<longitude>19.4017022931646</longitude>
					<latitude>-33.32769153899616</latitude>
					<altitude>565.837333837031</altitude>
					<heading>0</heading>
					<tilt>0</tilt>
					<gx:fovy>35</gx:fovy>
					<range>1013.615661946678</range>
					<altitudeMode>absolute</altitudeMode>
				</LookAt>
				<styleUrl>#__managed_style_2CFC697A2C411A0E9FE3</styleUrl>
				<LineString>
					<coordinates>
						19.30436442651795,-33.37500723834351,0 19.30929073447389,-33.37258085440384,0 19.30791174368328,-33.3706759761225,0 19.31873701227826,-33.36549665963151,0 19.32363255840616,-33.36323604402661,0 19.32649811356996,-33.36060966329988,0 19.32868714216042,-33.35951240252056,0 19.33668033548902,-33.35581016773356,0 19.3423414782851,-33.35330642656745,0 19.34933475006095,-33.35158104402806,0 19.35656466550216,-33.34996435437209,0 19.36362384833934,-33.34506815528991,0 19.36726112798275,-33.34246111680925,0 19.37558250189541,-33.33915164110585,0 19.38915406732392,-33.33361440002904,0 19.3959435166872,-33.33090906989381,0 19.40064161395732,-33.32804561303603,0 19.40180633656855,-33.32719489397756,0 19.40180633656855,-33.32719489397756,0 19.40064161395732,-33.32804561303603,0 19.3959435166872,-33.33090906989381,0 19.38915406732392,-33.33361440002904,0 19.37558250189541,-33.33915164110585,0 19.36726112798275,-33.34246111680925,0 19.36362384833934,-33.34506815528991,0 19.35656466550216,-33.34996435437209,0 19.34933475006095,-33.35158104402806,0 19.3423414782851,-33.35330642656745,0 19.33668033548902,-33.35581016773356,0 19.32868714216042,-33.35951240252056,0 19.32649811356996,-33.36060966329988,0 19.32363255840616,-33.36323604402661,0 19.31873701227826,-33.36549665963151,0 19.30791174368328,-33.3706759761225,0 19.30929073447389,-33.37258085440384,0 19.30436442651795,-33.37500723834351,0 
					</coordinates>
				</LineString>
			</Placemark>
			<Placemark id="01BCBA205A407351CA37">
				<name>17 Sept Stage 2: Ceres to Paarl</name>
				<open>1</open>
				<LookAt>
					<longitude>18.91836989406325</longitude>
					<latitude>-33.77004917876596</latitude>
					<altitude>178.5547841343559</altitude>
					<heading>0</heading>
					<tilt>0</tilt>
					<gx:fovy>35</gx:fovy>
					<range>521.8366963053996</range>
					<altitudeMode>absolute</altitudeMode>
				</LookAt>
				<styleUrl>#__managed_style_1F35887578411A0E9FE1</styleUrl>
				<LineString>
					<coordinates>
						19.30437293136681,-33.37496991794941,0 19.30535307691248,-33.37448932582096,0 19.30573450498067,-33.37432219572408,0 19.30610149527432,-33.37415101987181,0 19.30682818025573,-33.37380063075459,0 19.30924801168349,-33.37260367722153,0 19.30892836705262,-33.37213258199139,0 19.30859252572736,-33.37166228300885,0 19.30825105773463,-33.37117914586646,0 19.30794674760382,-33.37074874993414,0 19.30747846538052,-33.37095006137994,0 19.30695073914117,-33.37119559543603,0 19.30597040922269,-33.37165785141885,0 19.30494701701653,-33.37215013009288,0 19.30442200899489,-33.37240860588647,0 19.30418448710396,-33.37253308817542,0 19.30391959995568,-33.37266511570228,0 19.3029301829481,-33.37315047851997,0 19.30187313352323,-33.37362216908518,0 19.30082987484558,-33.37407709822376,0 19.30029105466421,-33.37430531557577,0 19.3000338444745,-33.3744213988887,0 19.29978928554358,-33.37454462032797,0 19.29952662135895,-33.37471487895124,0 19.29929328683581,-33.37490874684158,0 19.29913908574837,-33.37505129369967,0 19.29899436529573,-33.37520900302703,0 19.29886060266821,-33.37539390346306,0 19.29873846189618,-33.37558870868673,0 19.29862333616517,-33.37584484720582,0 19.29854039825263,-33.37610762957361,0 19.29850972284288,-33.37628962066449,0 19.2984914204734,-33.37647050577129,0 19.29849710841534,-33.37662206274025,0 19.2985112791069,-33.37677463700428,0 19.29855538214664,-33.37699856096001,0 19.29861930101674,-33.37721927269846,0 19.29868964886798,-33.37743792073685,0 19.29875823727309,-33.37765653393166,0 19.29877595399716,-33.37778440500364,0 19.29876657158717,-33.37792964759134,0 19.29873537210641,-33.37808454591943,0 19.29867718804602,-33.37822909852295,0 19.29856970096233,-33.3783972749168,0 19.29842364437962,-33.37854208850346,0 19.29833386392859,-33.3786092161525,0 19.29824399355007,-33.37866574606878,0 19.29803122572387,-33.37875950448533,0 19.2979417714846,-33.37878994932078,0 19.2978423407701,-33.37881037404024,0 19.29773091940444,-33.37882682818935,0 19.29762120532176,-33.37883349854511,0 19.29737757245222,-33.3788343783902,0 19.29717787055217,-33.37883338955596,0 19.29677195945829,-33.37882823555908,0 19.29635323092764,-33.37883035913568,0 19.29594016693447,-33.37883028311217,0 19.29575447255764,-33.37882362550243,0 19.2955721790279,-33.37881104756778,0 19.29533581006856,-33.37877924730424,0 19.29513062525584,-33.3787421390264,0 19.29467082363242,-33.37865626277888,0 19.29423568866481,-33.37858120999728,0 19.29404656917499,-33.37855889164354,0 19.29386394699018,-33.37855135942107,0 19.29368606806431,-33.37854869575312,0 19.29349953605907,-33.37856142282688,0 19.29333119530451,-33.37858235990526,0 19.29317863119091,-33.37860729507904,0 19.29295095817907,-33.3786595471347,0 19.2927563283225,-33.37871524546091,0 19.29259117679824,-33.37877874916339,0 19.29242029165349,-33.37885797681969,0 19.29225765336629,-33.37893734868855,0 19.29192606349511,-33.37911125531988,0 19.29175729182341,-33.37919631030535,0 19.29159653300194,-33.37928816311292,0 19.29135448492571,-33.37945529646294,0 19.29114117042897,-33.37964029190575,0 19.29093809234304,-33.37985734629454,0 19.29075658356307,-33.38008409243413,0 19.29061081764819,-33.38028963602594,0 19.29044962564461,-33.38050058235948,0 19.29022856322606,-33.38080626323023,0 19.29001987919648,-33.38111577922427,0 19.28990606670417,-33.38136447600423,0 19.28985513430221,-33.38149174503398,0 19.28981333270328,-33.38162447103284,0 19.28968302144323,-33.3821614040278,0 19.28964641295421,-33.38232699048372,0 19.28961649315897,-33.38249582491962,0 19.28959274939022,-33.38284446520535,0 19.28960631504989,-33.3831992958051,0 19.28963268309942,-33.38354226904609,0 19.28970587931882,-33.38461617860867,0 19.28974914516976,-33.38515280959002,0 19.28977637380051,-33.38569291507537,0 19.28976913815909,-33.3859270667134,0 19.28971021595298,-33.38616459469785,0 19.28965147301358,-33.38628670803166,0 19.28958177135834,-33.38640504005033,0 19.28950100143912,-33.3865091572909,0 19.28940464626764,-33.38661491819506,0 19.28911443394851,-33.38687842452868,0 19.28880898261368,-33.38714304174655,0 19.28849764979066,-33.38744147525085,0 19.28843991491018,-33.38752586971412,0 19.28838982121517,-33.38761907710037,0 19.28835326281014,-33.3878085405945,0 19.28835700652001,-33.38791922678403,0 19.2883847263246,-33.38803530864519,0 19.28845322674106,-33.38827790564852,0 19.28847587480794,-33.38838479978826,0 19.2884800985445,-33.38851062601184,0 19.28846612512318,-33.38863109201287,0 19.28844210576258,-33.388749932839,0 19.28839533815002,-33.38886980289275,0 19.28832850136887,-33.38898809346267,0 19.28823941204325,-33.38909613437524,0 19.28812824328431,-33.38919345356949,0 19.28796947194018,-33.38929800471006,0 19.28777874379572,-33.3894134530759,0 19.28741838903401,-33.38961618486429,0 19.28720445231359,-33.38974491644294,0 19.28700084888661,-33.38988573477189,0 19.28684133064152,-33.39004415663293,0 19.28670811267998,-33.3902036829796,0 19.28660283153874,-33.39039771874068,0 19.28652956953663,-33.39058850873102,0 19.28649290219053,-33.39079248540125,0 19.28648310878892,-33.39100504346702,0 19.28652339392853,-33.39152162810455,0 19.28656729158562,-33.39201807691336,0 19.28662363154947,-33.39226582939339,0 19.28673395101517,-33.39250356669442,0 19.28687627617627,-33.3927021957297,0 19.28712301633467,-33.39297008404861,0 19.28738615406793,-33.39324790259632,0 19.28752713151703,-33.39343491186234,0 19.28763243546182,-33.3936217282079,0 19.28768418090067,-33.39373801463466,0 19.28772000681856,-33.39385319637829,0 19.28775079095294,-33.39397892217718,0 19.28776419438129,-33.39410614245867,0 19.2877694892676,-33.39435835306274,0 19.28771004878438,-33.39462942369853,0 19.28766255697771,-33.39475802019333,0 19.28760155559681,-33.39488411506713,0 19.28751900966658,-33.3950149406519,0 19.28742489108683,-33.39514632909647,0 19.28721313180654,-33.39539003519685,0 19.28702216337139,-33.39559891408815,0 19.28685691153342,-33.39581893270596,0 19.28677158444297,-33.39600266296819,0 19.28670922774398,-33.39619925610277,0 19.2866861076299,-33.39640734432725,0 19.28669913098499,-33.39663254166195,0 19.28677111914027,-33.39694773585106,0 19.28685808722684,-33.39725456120453,0 19.28701436469373,-33.39786518336549,0 19.28706790293429,-33.3981188896914,0 19.28706975627393,-33.39837788137056,0 19.28705341950585,-33.39850609702678,0 19.28702210547478,-33.39863792374319,0 19.28693598065635,-33.39890271973169,0 19.28677526295656,-33.39939408682739,0 19.28660235424073,-33.39991699098521,0 19.28647323302226,-33.40037881312274,0 19.28636720530205,-33.40085040572588,0 19.28622043464438,-33.40180260295359,0 19.28605916107535,-33.40291661824293,0 19.28602932281325,-33.40320455570651,0 19.2860306377104,-33.4034982016108,0 19.28605530389247,-33.40381555824003,0 19.28610094737379,-33.40413913759595,0 19.2861601789115,-33.40452267325259,0 19.28617383906399,-33.40492132046185,0 19.286129635275,-33.40554343034535,0 19.28611295157308,-33.40585987163447,0 19.28613940068824,-33.40616374042247,0 19.28624216851873,-33.40665040464783,0 19.2863734422838,-33.40711707115769,0 19.2864518834576,-33.40748985030355,0 19.28650577414977,-33.40785428943791,0 19.28661051330416,-33.40858874194769,0 19.2866955101783,-33.40900868496637,0 19.28681927065157,-33.4094326882994,0 19.28711311362356,-33.41026766191354,0 19.28722074497983,-33.41051491317717,0 19.28733486125814,-33.41076169751316,0 19.28759628448196,-33.41122689021669,0 19.28802631300813,-33.41194458603344,0 19.28823658188836,-33.4122983085495,0 19.2884632910851,-33.41264667008501,0 19.28874493324777,-33.41300314720092,0 19.28888514546181,-33.41317561622497,0 19.28904034377399,-33.41334799766086,0 19.28933170448579,-33.4136923345897,0 19.28945529625473,-33.41387374546793,0 19.28951778792816,-33.41397526528485,0 19.2895693901404,-33.41408347557898,0 19.28962922753215,-33.41424988930927,0 19.2896853571242,-33.414437059698,0 19.28971081844687,-33.41461593076453,0 19.28972079843533,-33.41480456099938,0 19.28970367292961,-33.41500876699862,0 19.28966806125778,-33.41520014634797,0 19.28960661071932,-33.41538318672891,0 19.28952357752742,-33.41556273801715,0 19.28945375243627,-33.41569398101321,0 19.28936428220911,-33.41582859900077,0 19.28916829472668,-33.41607887226907,0 19.2887519385586,-33.4165865893886,0 19.28837852061233,-33.41704261068642,0 19.28798972568372,-33.41750024093448,0 19.28765686354161,-33.41785174734811,0 19.28729573178467,-33.41820087619375,0 19.28655084886165,-33.41887782497539,0 19.2861941091489,-33.41920640692032,0 19.28580895214755,-33.41953872571096,0 19.28559199944317,-33.41973085766261,0 19.28547018839592,-33.41981474540712,0 19.28533742681983,-33.41990100061608,0 19.285199204646,-33.41996662229377,0 19.28504569317372,-33.42003459348629,0 19.28489131967972,-33.42007800017714,0 19.28472652776884,-33.42012173544619,0 19.28455136519707,-33.42014478369347,0 19.28438187708795,-33.42015464431046,0 19.28420959937425,-33.42014916131383,0 19.28404284456497,-33.42013583353346,0 19.28333575524385,-33.4200556259491,0 19.28264470156246,-33.41997526015226,0 19.28192110689915,-33.41989081538183,0 19.28123565725518,-33.41981223169541,0 19.2808919698585,-33.41976821480742,0 19.28055547175898,-33.41972361285699,0 19.27991383768127,-33.41959715498019,0 19.2792030061633,-33.41943840590685,0 19.27763353258478,-33.41906834918863,0 19.27679616281422,-33.41888788984777,0 19.27639763543604,-33.41879805893946,0 19.27621509518906,-33.41876132085629,0 19.27603651185614,-33.41873352523984,0 19.27587944533193,-33.4187175449005,0 19.27571430914117,-33.41871952017726,0 19.27553833943415,-33.41873788682424,0 19.27539402421012,-33.41876466517672,0 19.27472172723021,-33.41890076094174,0 19.27403911789455,-33.41905181603629,0 19.27339219144532,-33.41922630092255,0 19.27260793703409,-33.41943963519491,0 19.27184697082476,-33.4196597853396,0 19.27170417940368,-33.41972455972112,0 19.27157261443026,-33.41979338113897,0 19.27132736505723,-33.41994900644359,0 19.27108115379258,-33.42011318359744,0 19.27082751442137,-33.42026937950675,0 19.27066722100007,-33.42035061955669,0 19.27048120416907,-33.42041665287128,0 19.27028235261159,-33.42046708509571,0 19.27008670203331,-33.42049847504079,0 19.26988301943569,-33.42051085055033,0 19.26968948879863,-33.42050398562463,0 19.26930317833865,-33.42046123893653,0 19.26714673582028,-33.42018554305388,0 19.26678228697158,-33.42015841269956,0 19.26642048978461,-33.42014809483842,0 19.2657521643183,-33.42018630096447,0 19.26540293508631,-33.42023024340985,0 19.26504214490961,-33.42030893253331,0 19.26430553601785,-33.42047337369241,0 19.26412376211684,-33.42051567483789,0 19.26394093975751,-33.42056796275123,0 19.26376222462685,-33.42063638617514,0 19.26358870432359,-33.42071656025448,0 19.26326951189991,-33.42088401538785,0 19.26294344470069,-33.42105005170789,0 19.2627368297851,-33.421126869014,0 19.26252964512675,-33.42118049016311,0 19.26225181720006,-33.42121621928387,0 19.26201188633972,-33.42122038414602,0 19.26180598687079,-33.42119927630044,0 19.26161714256951,-33.42116633397438,0 19.2614023981601,-33.42109893566692,0 19.26122832302087,-33.42102034204253,0 19.26106717537281,-33.42092905451558,0 19.260923012465,-33.42082639979185,0 19.26065554099307,-33.42060359788986,0 19.26040714332157,-33.42038656701817,0 19.26033976460271,-33.42033707102106,0 19.26027110152313,-33.42029245433996,0 19.26012444048811,-33.42019760316047,0 19.2599553478977,-33.42011145375317,0 19.25978481861942,-33.42003268521066,0 19.25958939035074,-33.41996313565737,0 19.25939425327634,-33.41990920113225,0 19.25910881685877,-33.41984798245077,0 19.25879136198898,-33.41982410921608,0 19.25847745480592,-33.41982724275414,0 19.25815207329146,-33.41986566056767,0 19.25691626007694,-33.42011482367743,0 19.25532578087008,-33.42044107999151,0 19.25491472930996,-33.42052835129005,0 19.2545021125746,-33.42060312507831,0 19.25429625688314,-33.42062728167726,0 19.25409567825985,-33.4206425088416,0 19.25388226511122,-33.42064570662489,0 19.25368918738543,-33.42063974362866,0 19.25346618579162,-33.42062680300375,0 19.2532420675649,-33.42060017815429,0 19.25302218701446,-33.42056341503721,0 19.25281061321166,-33.4205162467417,0 19.25200717819304,-33.42027594215202,0 19.25122282196983,-33.42003766165268,0 19.25044338220274,-33.41980059579083,0 19.24785198010412,-33.41901242636138,0 19.24656933147473,-33.41862016365918,0 19.24592416272601,-33.41843121811763,0 19.24527259305395,-33.41824530445141,0 19.24461229858864,-33.41808078187224,0 19.24393810165664,-33.41793245440968,0 19.2425856366417,-33.41765300991783,0 19.24120985445752,-33.41736967974677,0 19.2398127188968,-33.41706841664332,0 19.23401528147241,-33.415852668141,0 19.23111769354636,-33.41523850235721,0 19.22967024231654,-33.41494018186783,0 19.22893455607635,-33.41478648833155,0 19.22857005709701,-33.41471375908936,0 19.22822279033225,-33.41462406049622,0 19.22784024295817,-33.41450215312599,0 19.22747553377324,-33.41435092702552,0 19.22680970675232,-33.41399554736427,0 19.22651825124106,-33.41379275580198,0 19.22624188743014,-33.41357363732843,0 19.22569884546417,-33.41311686040889,0 19.22464025849246,-33.41221551015537,0 19.22410841669119,-33.41176162052957,0 19.22357879390884,-33.41130201910259,0 19.2225422764594,-33.41041902639419,0 19.22202985936361,-33.40997796276825,0 19.22150251886288,-33.40954719526977,0 19.22122710754016,-33.4093290715599,0 19.22093307965712,-33.40911409473101,0 19.22034603648034,-33.40869440905719,0 19.21906170754848,-33.40788903561211,0 19.21462061324209,-33.40512112631102,0 19.21349585686438,-33.40444233066225,0 19.21233621281979,-33.40381443322045,0 19.20997431678675,-33.40256888167487,0 19.20772023956997,-33.40138461249138,0 19.20658555305109,-33.40078579728736,0 19.20601614254442,-33.40049066794282,0 19.20543180909162,-33.40022268259198,0 19.20464437873432,-33.39988762553797,0 19.20382197707353,-33.399592773,0 19.20298585446732,-33.39932847523825,0 19.20213402230901,-33.39908782547506,0 19.20032098869371,-33.3985615859211,0 19.19994328805702,-33.39843703987411,0 19.19957543794152,-33.39830188137114,0 19.19938668247264,-33.39822805008663,0 19.19920709961737,-33.39814678435999,0 19.19885022109012,-33.39798851053379,0 19.19816774298116,-33.39763727761363,0 19.19754472219923,-33.39721760000698,0 19.19718841781717,-33.39692871010661,0 19.19684846743427,-33.39662194362875,0 19.19654930969247,-33.396279224027,0 19.19626805194146,-33.39592711401546,0 19.1951261777274,-33.39449670317691,0 19.19400717733093,-33.3931072174435,0 19.19290001477556,-33.39170203810006,0 19.1906598751736,-33.38891208373282,0 19.18955037264269,-33.38750429455339,0 19.18845512030029,-33.38611600325368,0 19.18396044859295,-33.38052924670651,0 19.18173297328191,-33.37773563202004,0 19.18063474471418,-33.37635065999788,0 19.17951444668993,-33.37494713860013,0 19.17510409560447,-33.369413738715,0 19.1740049187711,-33.36802020385136,0 19.17289004777005,-33.36665126432008,0 19.17178846950096,-33.36527106117786,0 19.17069719245643,-33.36389336346487,0 19.16956781830016,-33.36245126247221,0 19.16928525306639,-33.36208916132985,0 19.16902301647361,-33.3617193838816,0 19.16879447672019,-33.36134337209467,0 19.16857771536684,-33.36095989962276,0 19.16847748661696,-33.3607748175396,0 19.16838261125115,-33.36058379662182,0 19.16820547941965,-33.36019324140465,0 19.16786141235513,-33.35939708014301,0 19.1671896202671,-33.35783057478044,0 19.16581975085693,-33.35464060744349,0 19.16514224980009,-33.35304886838146,0 19.16498402317385,-33.35265028058429,0 19.16484373742547,-33.35225241684867,0 19.16456301905437,-33.35144026699759,0 19.16246733792901,-33.34534066174221,0 19.16036961416757,-33.33926748325819,0 19.15935247685983,-33.33629238213962,0 19.1583137052116,-33.33331541324459,0 19.15817442901374,-33.33294118002816,0 19.15800667094141,-33.33256670780338,0 19.15763530485045,-33.33184062071241,0 19.1571997600544,-33.33112101554978,0 19.15672275612758,-33.33041981898253,0 19.15645133970812,-33.33006290726776,0 19.15618074782578,-33.32971771318064,0 19.15588933930649,-33.32937644428231,0 19.15559343974212,-33.32903986400794,0 19.15528170587226,-33.32872191284634,0 19.15495425353863,-33.32840984830524,0 19.15462532520284,-33.32813046837887,0 19.15428802918994,-33.32786001943725,0 19.1537559424882,-33.32744936421135,0 19.1531843081006,-33.32706902161945,0 19.15259958173481,-33.32669578544404,0 19.15198631171914,-33.3263467349306,0 19.15054079608857,-33.32565400304578,0 19.14929300405161,-33.32507676604641,0 19.14664628834717,-33.32386559970494,0 19.14396119504863,-33.32262807025469,0 19.13870008735658,-33.32020333852186,0 19.13608084764284,-33.31899054319783,0 19.13343808164041,-33.31778543633329,0 19.12289130858653,-33.31292163264107,0 19.11761781391984,-33.31048530567669,0 19.11494583877744,-33.30924408833648,0 19.1136262514831,-33.30864484907958,0 19.11294890799393,-33.30836011464682,0 19.11259950640982,-33.3082348813165,0 19.11224340203955,-33.30813852380171,0 19.11181648330702,-33.30805939565199,0 19.11139321926836,-33.30801350884416,0 19.11096046981663,-33.30799416493858,0 19.11053434340068,-33.30801404592366,0 19.11000127619772,-33.30808490984942,0 19.10975143348077,-33.30813687288406,0 19.10951137327461,-33.30819126441199,0 19.10782993093,-33.30863085301304,0 19.1040909351009,-33.30957504898163,0 19.10216408685988,-33.31007529349506,0 19.10119710218776,-33.31031950658895,0 19.1002414941032,-33.310597572415,0 19.09972986258857,-33.31075443103596,0 19.0992475819851,-33.3109465933301,0 19.09876793624155,-33.31113077382758,0 19.09828871147309,-33.31133768574494,0 19.09735360928832,-33.31179499553166,0 19.09645822475159,-33.31230739168699,0 19.09570201506675,-33.31278606450616,0 19.09493867063133,-33.31335505754312,0 19.09457997702761,-33.31364132001207,0 19.09423406774006,-33.31393406215656,0 19.09356819103312,-33.31457297948241,0 19.09316937053064,-33.31498154475974,0 19.09279431515023,-33.31540470000952,0 19.09209917013274,-33.31629734152577,0 19.09152123665251,-33.31714730643622,0 19.09130232861653,-33.3174070648698,0 19.09116056958834,-33.31752414318725,0 19.09101970640302,-33.31762572856039,0 19.09069798286666,-33.31779750055814,0 19.0904378875329,-33.31789187566274,0 19.09017307176698,-33.31795466064243,0 19.08993411162685,-33.31798811632611,0 19.08969147801398,-33.31799386315061,0 19.08942278020972,-33.31797103307571,0 19.08918190620008,-33.31791783891807,0 19.08894487642349,-33.31783327963329,0 19.08871467394104,-33.31773043230233,0 19.0883190522106,-33.31749962097938,0 19.0878983270413,-33.31726056552881,0 19.08743592732094,-33.31706873929253,0 19.08721243461228,-33.31701212629124,0 19.08698372501494,-33.31696888322332,0 19.08676085098301,-33.31694893074604,0 19.08653332999992,-33.31693749095328,0 19.08619536739949,-33.31694084164153,0 19.08588071404064,-33.31696769765387,0 19.08562447747164,-33.31701058917122,0 19.08538385864826,-33.31707591378474,0 19.08505019089143,-33.31721422874367,0 19.08474639877133,-33.31738398218045,0 19.08417585525097,-33.31778030591848,0 19.0838636165861,-33.31801614200191,0 19.08370103907497,-33.3181306138408,0 19.08351911219717,-33.31824050613267,0 19.08331454346355,-33.31834410305658,0 19.08309598748024,-33.31843046389292,0 19.08281186485713,-33.31851323878513,0 19.08250523728126,-33.31856222696493,0 19.08223044323001,-33.31856625540422,0 19.08196435650362,-33.31854316886812,0 19.08172658409681,-33.31850143825828,0 19.08150365007639,-33.31844483608933,0 19.08108462571386,-33.31828356033289,0 19.08067568544957,-33.31804633834351,0 19.08029665108208,-33.31782121300173,0 19.07991328677955,-33.31759641772651,0 19.07917296413373,-33.31710145694228,0 19.07849319788254,-33.31657590443398,0 19.07712822690279,-33.31550528011017,0 19.0764510632463,-33.31496241605532,0 19.07611292405776,-33.31469727723053,0 19.07579145924587,-33.31440856103842,0 19.07518157028317,-33.31385258178219,0 19.07457666206108,-33.31328219463182,0 19.07335051424782,-33.31215763340429,0 19.07305602794665,-33.31185098626405,0 19.07278902948485,-33.31152482039995,0 19.07225983891801,-33.31087561678036,0 19.07171911284831,-33.31024155964744,0 19.07092706010478,-33.30926348925659,0 19.07053773013989,-33.30864212204651,0 19.07034559997761,-33.30831350107645,0 19.0702011410593,-33.30800030917869,0 19.06996777209375,-33.30736253747641,0 19.06975441130965,-33.30670682673964,0 19.06938746340417,-33.30535934287583,0 19.06917503945619,-33.3046845323446,0 19.06899453596126,-33.3043624316231,0 19.06874390175206,-33.30405888305276,0 19.06848271225157,-33.30382596852031,0 19.06819918865699,-33.30363263735003,0 19.06771653485982,-33.30342513101765,0 19.06718376380996,-33.30329461682866,0 19.06587713109408,-33.30307969247272,0 19.06535004307634,-33.30291707239391,0 19.06489120249277,-33.30271793054133,0 19.06308207845704,-33.30162517500143,0 19.06215540838152,-33.30105344338286,0 19.06167336765127,-33.30080325372265,0 19.06117769159523,-33.30061374745074,0 19.06075594259171,-33.30048552333098,0 19.06030579306324,-33.30039446170969,0 19.05983676343494,-33.30033861117374,0 19.05937526655155,-33.30031083711915,0 19.05897253988202,-33.3003234390119,0 19.05857630188223,-33.30035989559663,0 19.05802379320122,-33.30045703132819,0 19.05748689697958,-33.30060567978348,0 19.05697505644726,-33.30081965023934,0 19.05646755864356,-33.30111035194964,0 19.05601274551692,-33.30142859259027,0 19.05559201169934,-33.30179264509427,0 19.05541461130824,-33.30199112143367,0 19.05523992729357,-33.30219477893752,0 19.05489758809228,-33.30260734425812,0 19.05423780921333,-33.30347487844711,0 19.05392365567359,-33.30388957447656,0 19.05359640176935,-33.30430198597092,0 19.05326572920718,-33.30471632403143,0 19.05294013304151,-33.30513286225884,0 19.05262425047552,-33.30555359954425,0 19.05247063117974,-33.30576526014759,0 19.05230352328192,-33.3059764596485,0 19.05214124821264,-33.30617846832654,0 19.05196857864635,-33.30638093718985,0 19.05165096468594,-33.30680651009929,0 19.05103874483473,-33.30760116010018,0 19.05074834526394,-33.30800197538317,0 19.05042651382508,-33.30839580709881,0 19.04975198192211,-33.30925315760103,0 19.04942607005487,-33.30968590571836,0 19.04909094102369,-33.31012270406965,0 19.04734730441371,-33.31234803435223,0 19.04713870261368,-33.3126263170809,0 19.04692091291256,-33.31290202122154,0 19.0467073060551,-33.3131730513528,0 19.04649488662753,-33.31346229263877,0 19.04606270565169,-33.31402544292909,0 19.04560357879048,-33.31457334027976,0 19.04538387329909,-33.31484197390336,0 19.04517211724804,-33.31514229494795,0 19.04496021220653,-33.31541826447657,0 19.0447505404891,-33.31569146837572,0 19.04389008482944,-33.3168090922243,0 19.04302086384195,-33.31791680505622,0 19.04216506473731,-33.31903724535183,0 19.03871257841977,-33.32350064673974,0 19.03826700569925,-33.32405603362422,0 19.03783531880561,-33.32461658295198,0 19.03739491744816,-33.32517178985169,0 19.03716931899552,-33.32544767164953,0 19.03695451047879,-33.32572699519744,0 19.03608609240375,-33.32685828581632,0 19.03565657330692,-33.32742096048301,0 19.0352141984911,-33.3279863674983,0 19.03499539961031,-33.32826301469719,0 19.03477654034396,-33.32854876860329,0 19.03434725422401,-33.32911388652232,0 19.03391633313916,-33.32967841602665,0 19.03346150151687,-33.3302369815236,0 19.03303207112521,-33.33080166685757,0 19.03258511907271,-33.33136227930567,0 19.03236474452003,-33.33164410617736,0 19.03215618412128,-33.33193079203923,0 19.03170871398863,-33.33248757093344,0 19.0312840513506,-33.33305353007336,0 19.03085153558066,-33.33361662534449,0 19.02997851669286,-33.33474938332596,0 19.02975686662228,-33.33502689976557,0 19.02953521513941,-33.3353044158115,0 19.0291033595242,-33.33586901249796,0 19.02823192950522,-33.33700105897806,0 19.02779707235008,-33.33755390525341,0 19.02759393617303,-33.33783394898857,0 19.02736220967462,-33.3381067500134,0 19.02649246776203,-33.33921243498705,0 19.02563021228002,-33.34034674215709,0 19.02519861607291,-33.34091545277146,0 19.02499197508406,-33.34118754047924,0 19.02477013758308,-33.3414588863365,0 19.02452459875211,-33.34175769123333,0 19.02429794690743,-33.34206407910987,0 19.02406878146707,-33.34236919140876,0 19.02385997492424,-33.3426760978984,0 19.02344702960174,-33.34331875556639,0 19.02303125419649,-33.34392514389776,0 19.02267249244513,-33.3445269169335,0 19.02237715169659,-33.34514047442223,0 19.02207752818659,-33.34575332254028,0 19.02192118410365,-33.34605691326476,0 19.02178278551866,-33.34636994318019,0 19.02162941404775,-33.34673381321433,0 19.02148799072692,-33.34709952731953,0 19.02122327589422,-33.34783646052042,0 19.02100224988247,-33.34857763341333,0 19.02088982683386,-33.34894519948242,0 19.02079835887072,-33.34931370711625,0 19.02048628754633,-33.3508073305303,0 19.02034730606907,-33.35155831599068,0 19.02027852849413,-33.35193495847277,0 19.02019666207471,-33.35232045760726,0 19.01990688927826,-33.35397806980833,0 19.01977738296552,-33.35465603474702,0 19.01970576877848,-33.35514447547223,0 19.0196171054453,-33.35563568133632,0 19.0194482667994,-33.35649389018691,0 19.01936820902934,-33.35692469417429,0 19.01927984938112,-33.35735451878658,0 19.01912359485145,-33.35823766498597,0 19.01896604651697,-33.35914459922849,0 19.01879887859443,-33.36002344652279,0 19.01860259261839,-33.3609041243708,0 19.01835027681756,-33.36177621984877,0 19.01823361791536,-33.3622116656498,0 19.01809795595937,-33.36264831481638,0 19.01780223532615,-33.36349380489174,0 19.01764158012995,-33.36391102863251,0 19.01746852373837,-33.36433640603637,0 19.01728685958489,-33.36474723812965,0 19.01709460083609,-33.36516590656985,0 19.01670079696504,-33.36600964488285,0 19.01649584698769,-33.3664362639336,0 19.01624659943391,-33.36686810734158,0 19.01574717852834,-33.36774982973352,0 19.01460865582722,-33.36946109691745,0 19.01345347490448,-33.37113344602292,0 19.01288852891608,-33.3719714288545,0 19.01230722996656,-33.37280945129023,0 19.0114479714733,-33.37405480681652,0 19.01101894708572,-33.37467800274713,0 19.01080554614978,-33.37499168150445,0 19.01060094194317,-33.37530680642439,0 19.01016094818646,-33.37593069019604,0 19.00973524012345,-33.37655444434464,0 19.00953485856801,-33.37687288093593,0 19.00932147572299,-33.37718765296045,0 19.00888269869007,-33.3778048806338,0 19.0084604270877,-33.37842506033625,0 19.00801802878985,-33.37904553014579,0 19.00760286666791,-33.37967124884853,0 19.00739388691322,-33.37998389825267,0 19.00716805060441,-33.38029568520185,0 19.00675033293716,-33.3809192865234,0 19.00631442292437,-33.38154158470341,0 19.00587883602628,-33.38216369088066,0 19.00567833444624,-33.38247694756883,0 19.00545330428921,-33.38278646619371,0 19.00373978595307,-33.38529387437808,0 19.00331570150656,-33.3859208222813,0 19.00310011242956,-33.38623034834688,0 19.0028871309308,-33.3865438791049,0 19.00245903235401,-33.38717976138145,0 19.00222860752394,-33.38747974143813,0 19.00201090781192,-33.38780460613294,0 19.00033057411321,-33.39025979628781,0 18.99947302051246,-33.39153898570591,0 18.9990834856683,-33.39218356612293,0 18.99889167518251,-33.39251590434334,0 18.99871188314499,-33.39284184134752,0 18.99847888931632,-33.39323404933992,0 18.99826538755435,-33.3936524284955,0 18.99784991995491,-33.39447077708882,0 18.9974535850429,-33.39532016447867,0 18.99709481872534,-33.39617441115112,0 18.99571159991851,-33.3995465676678,0 18.99500392624547,-33.40122804052748,0 18.99430987354793,-33.40291485838088,0 18.9936186128883,-33.40460606827694,0 18.99291310856792,-33.4062892632083,0 18.99153738214801,-33.40965920920129,0 18.99085013651002,-33.41135020191511,0 18.99013729916966,-33.41303801909883,0 18.98971540023957,-33.41403789729528,0 18.98943425928537,-33.41472102149817,0 18.98907674925587,-33.41555979221908,0 18.98873119215164,-33.41640401993197,0 18.98805976346973,-33.41809466124749,0 18.98769725789055,-33.41894341950216,0 18.9875165985614,-33.41936697953307,0 18.98732620990573,-33.4197882565827,0 18.98693744639953,-33.42057225140756,0 18.98651405862693,-33.42133398992527,0 18.98606565515853,-33.42210083463939,0 18.98557724648019,-33.42286103653932,0 18.98532411863496,-33.42323142067621,0 18.98505890141154,-33.42360583759432,0 18.9845381617917,-33.4243408997942,0 18.98399441333576,-33.42507444048999,0 18.98346267982054,-33.42581142355701,0 18.97919029188632,-33.4316722963647,0 18.97492744805386,-33.43751453225767,0 18.97280488566756,-33.44045233717129,0 18.97062316108693,-33.44344571068867,0 18.96976961059902,-33.44460673671537,0 18.96937521511786,-33.44516352835888,0 18.96898851502296,-33.44578064994569,0 18.96835012810034,-33.44701162631571,0 18.96774842095029,-33.44826524110285,0 18.96660028512504,-33.45071538077116,0 18.96601887487098,-33.45193290400643,0 18.96544694969,-33.45315192518485,0 18.96310359372415,-33.45805336189664,0 18.96188141106485,-33.46057213934119,0 18.96127308350862,-33.46183634893122,0 18.96096884157583,-33.46246852357358,0 18.96082447640656,-33.46279485314358,0 18.96071458424021,-33.46310299054431,0 18.9605791719563,-33.46357093112715,0 18.96048700964678,-33.46405020470634,0 18.96044221171712,-33.46452790259487,0 18.960434480711,-33.46500417962866,0 18.9606297037931,-33.46690585979398,0 18.96101470994956,-33.47072536622704,0 18.96141362155007,-33.47453454151641,0 18.96179703181377,-33.47834312369628,0 18.96334795375218,-33.49354273207023,0 18.96344050561689,-33.49449696860631,0 18.9635406265717,-33.49544747082005,0 18.96373330786898,-33.4973522092717,0 18.96393482230358,-33.49926706325925,0 18.96402282127479,-33.50020954314053,0 18.96407899199892,-33.50116668020551,0 18.96447356197497,-33.50879098974084,0 18.964864819509,-33.51638631482327,0 18.96506208222209,-33.52021112575904,0 18.96517807649835,-33.52210018218431,0 18.96527461921259,-33.5239940236162,0 18.96595171348478,-33.53684632808245,0 18.96610241525055,-33.53844164502885,0 18.96628920534808,-33.54003047984978,0 18.96682556946396,-33.54315673871993,0 18.96753680327433,-33.5462813406125,0 18.96840998841028,-33.54936158865598,0 18.97209301793035,-33.56165682225132,0 18.97396425239559,-33.56779809068686,0 18.97592028509628,-33.57392587817186,0 18.97641415142209,-33.57545702403614,0 18.97686079598075,-33.57700473946816,0 18.97705648029766,-33.57777941656632,0 18.97720920651675,-33.57856014153126,0 18.97744314548737,-33.58012532166659,0 18.97755394704885,-33.58166516025984,0 18.97756905841475,-33.58321939150187,0 18.97750801727081,-33.58475147505597,0 18.97748421014074,-33.58551337728763,0 18.97747118510318,-33.58589912416094,0 18.9774590269693,-33.58628535629676,0 18.97737378458732,-33.5894088376908,0 18.97731644911464,-33.59097225477424,0 18.97729925951151,-33.59175506955159,0 18.97736323647684,-33.59253677057055,0 18.97754005573228,-33.59334422404351,0 18.97780038074574,-33.59414526191358,0 18.97815266533584,-33.59489537761694,0 18.97836493629231,-33.59525424097857,0 18.97859315696725,-33.59561573770623,0 18.97972847223007,-33.5971021909594,0 18.98086569905678,-33.5985906813857,0 18.98184507113036,-33.59987243189099,0 18.98285837996199,-33.60117435106903,0 18.98312565771923,-33.60160460665212,0 18.98323466071974,-33.6018195770628,0 18.98334124316758,-33.60203835304375,0 18.98352505568537,-33.60246302903773,0 18.98369468104521,-33.60289036821802,0 18.9839077310876,-33.60375073013056,0 18.98412068024636,-33.60493542576127,0 18.98527224266633,-33.61101442231134,0 18.98650629454823,-33.61735452735054,0 18.98709817960096,-33.62052370270592,0 18.98740071545581,-33.62212849419262,0 18.98757185111131,-33.62291470847224,0 18.98761722160535,-33.6231015527374,0 18.98767635150417,-33.62330099194312,0 18.9878285635437,-33.62368139155022,0 18.98799946654849,-33.624049448337,0 18.98819140361303,-33.62439146277729,0 18.98844376211679,-33.62473769279828,0 18.98871042481863,-33.62505639126129,0 18.98933810400995,-33.62565513138193,0 18.98966235650077,-33.62593790551029,0 18.99000467375389,-33.62622306426822,0 18.99059115964121,-33.62676652737633,0 18.99082777840661,-33.62705104394789,0 18.99104825523276,-33.62736613053242,0 18.99125086244849,-33.62774572915549,0 18.99140389552078,-33.62813347273086,0 18.9915033868004,-33.62851950157546,0 18.99155538083731,-33.62891049199149,0 18.9915463133829,-33.62943990201055,0 18.99151523586742,-33.62997116414007,0 18.99147508990887,-33.63103183627568,0 18.9913759240574,-33.63210002862311,0 18.99127745393668,-33.63263323536044,0 18.99122764629988,-33.6328984720731,0 18.99117817545892,-33.63316212573945,0 18.99115543432529,-33.63344047932537,0 18.99111146337291,-33.63371523372414,0 18.99100451934265,-33.63426251908826,0 18.99079314515412,-33.63534384182576,0 18.99063248779183,-33.63586049000069,0 18.99042311071669,-33.63636702188798,0 18.99002190005553,-33.63737005746516,0 18.98924982337483,-33.63927736814907,0 18.98885829782067,-33.64024211263238,0 18.98875573106578,-33.64047175745314,0 18.98859534487219,-33.64069824828071,0 18.98822547380536,-33.64112749447153,0 18.98755180410166,-33.64189760447784,0 18.98721752387308,-33.64228380548353,0 18.98709526363501,-33.64248990465317,0 18.9870631299469,-33.64259952335064,0 18.98704712462035,-33.64271140118817,0 18.98702695004456,-33.6428471642241,0 18.98703058720989,-33.64292569236315,0 18.98704143742716,-33.64300426422882,0 18.98710032936502,-33.64338589230011,0 18.98722467594274,-33.64407442204404,0 18.98726712625212,-33.6444190301243,0 18.98726155977421,-33.6447722669783,0 18.98716904717157,-33.64588883368837,0 18.98626102863746,-33.64597703000968,0 18.98536465557557,-33.64604417918371,0 18.98445471519173,-33.64614738624978,0 18.98399777011805,-33.64621085860002,0 18.98355346174066,-33.64629698066356,0 18.9831101356489,-33.64639640582146,0 18.98266490960361,-33.64651832010563,0 18.98177174556952,-33.64678770877402,0 18.98001533674653,-33.64733341381491,0 18.97663839007014,-33.64835301380647,0 18.97497265289249,-33.6489077376293,0 18.97319244301514,-33.64944723691647,0 18.97236948294657,-33.6497011671014,0 18.97146640325452,-33.64987830846946,0 18.96968267047138,-33.65021604930089,0 18.96789353679509,-33.65051948697946,0 18.96609513630081,-33.65085012413153,0 18.96252575201467,-33.65149095072618,0 18.96162833819471,-33.65164172068972,0 18.96072429162441,-33.65180610327207,0 18.95985988537713,-33.65205335191344,0 18.9590060127568,-33.65229733959679,0 18.95818824991171,-33.65253389126273,0 18.95778895094327,-33.65267943759667,0 18.95759272812751,-33.65275130626693,0 18.95739880592249,-33.65282710722267,0 18.95588391167453,-33.65350191006974,0 18.95285228363077,-33.6548740463201,0 18.9468041229335,-33.65762511800626,0 18.94077149028506,-33.66037352273319,0 18.93775228760669,-33.66174863347084,0 18.93699026939364,-33.66208767149796,0 18.93652997605447,-33.66229568775628,0 18.93621644409836,-33.66241915387995,0 18.93581877236262,-33.66256515398447,0 18.93541504941672,-33.66267278650886,0 18.93498134355376,-33.66277466053381,0 18.9344976261533,-33.66284765900377,0 18.93424308160229,-33.66287461562533,0 18.93398644156065,-33.66289415653717,0 18.93371086500747,-33.66290740886494,0 18.93345899268923,-33.66290676748644,0 18.93249910022845,-33.66286816538328,0 18.93150194322916,-33.66280546545418,0 18.93050980274525,-33.66273812876261,0 18.9295216949897,-33.66268677022592,0 18.92902516475267,-33.66267547028609,0 18.92852814403373,-33.662675602552,0 18.92801932325825,-33.66269846710324,0 18.92751123342964,-33.66273157236502,0 18.92700561142862,-33.66279043316573,0 18.92627882594308,-33.66292360841795,0 18.92562069520645,-33.66308141664152,0 18.92499603984454,-33.66327052395136,0 18.92378610649121,-33.66373573084132,0 18.92317356841739,-33.6640444083957,0 18.92256053970389,-33.66439741927893,0 18.921985457517,-33.66479314010977,0 18.92144412342511,-33.66522852577064,0 18.92117290350621,-33.66546659978015,0 18.92091788660617,-33.66570954575604,0 18.92041388211213,-33.66621973084276,0 18.9198987525522,-33.66671533017366,0 18.91965054415545,-33.66696450471107,0 18.91938361705646,-33.66721092736771,0 18.91910245313717,-33.66744455696385,0 18.91879396569311,-33.66767287652991,0 18.91846458223478,-33.66787517319747,0 18.91814583979519,-33.66806490227322,0 18.91679045159384,-33.66871499933504,0 18.91471529021856,-33.6696718492696,0 18.91264671314899,-33.67064493890308,0 18.9116149438943,-33.67112413561208,0 18.91110533550385,-33.67137638514347,0 18.91060726312075,-33.6716393154768,0 18.90966529205242,-33.67220830955461,0 18.90919907266711,-33.67251130468059,0 18.90875613666637,-33.6728164078859,0 18.90843740269553,-33.67304699470693,0 18.90809661902193,-33.6733023509463,0 18.9074642060513,-33.67381303009438,0 18.90690571212186,-33.67433033528511,0 18.90635900384273,-33.67486671548062,0 18.90524709727054,-33.67601186688888,0 18.90413296067597,-33.67716976843396,0 18.90349691648793,-33.67786024045933,0 18.90285328988848,-33.67862320954006,0 18.90250500264012,-33.67912975485324,0 18.90218322780937,-33.67965950054447,0 18.90176530455515,-33.68051624158046,0 18.90149536149836,-33.68126579650856,0 18.90140349222228,-33.68162176269087,0 18.90131418805272,-33.68199598812478,0 18.90120780575001,-33.68272047684277,0 18.90113967305511,-33.68340676833401,0 18.90107581929069,-33.68405656633776,0 18.90097845848177,-33.68534493565588,0 18.90084126545226,-33.68663558504602,0 18.90073045124763,-33.68793703813657,0 18.90058562049591,-33.68923138561132,0 18.90046547369439,-33.68989049286936,0 18.90032991371792,-33.69055476684363,0 18.90016646920126,-33.69118200345044,0 18.89999382867806,-33.69182224831425,0 18.89979019908945,-33.69244190981162,0 18.89955647455858,-33.69308386830825,0 18.89929542657359,-33.69367731424985,0 18.89903352421138,-33.69427009605835,0 18.89849035925307,-33.69545964870524,0 18.89737712667097,-33.69783951826142,0 18.89520180184979,-33.70258832374885,0 18.89424298572502,-33.7046176309938,0 18.89401204786073,-33.70513588426775,0 18.89389837080902,-33.70540135152412,0 18.89379457552856,-33.70565941918456,0 18.89359082610371,-33.70617857403818,0 18.89349287706563,-33.70644296929772,0 18.89340605998415,-33.70671663847897,0 18.89323216855915,-33.70726003503373,0 18.89307022211498,-33.70779252964871,0 18.89279340706053,-33.70886972134859,0 18.89255422287921,-33.70996451458564,0 18.89232965985362,-33.71105627140818,0 18.89148135857432,-33.71539034175549,0 18.89104729568357,-33.71755684869892,0 18.89062473918628,-33.71973153246697,0 18.89045077467821,-33.72063931344717,0 18.89038920656499,-33.72108801215875,0 18.89033537277085,-33.72157315285683,0 18.89032221278736,-33.72200183827812,0 18.89031594263812,-33.72246998487228,0 18.890332646667,-33.72292127246831,0 18.89035844584965,-33.72338632822844,0 18.89066035777769,-33.72704622591687,0 18.89122603847911,-33.73431535368261,0 18.89124221212194,-33.73467327694232,0 18.89123861931558,-33.7350346660556,0 18.89122780549652,-33.73540964511451,0 18.89119819593364,-33.7357861980983,0 18.89115439244489,-33.73616042092067,0 18.89108805324809,-33.73653198669935,0 18.89101231953843,-33.73689502815158,0 18.89092170973807,-33.73726822737056,0 18.890186241169,-33.74021258676845,0 18.88945738624211,-33.74318106895886,0 18.88909154261415,-33.74466226506143,0 18.88891415309975,-33.74540440444045,0 18.88881858477398,-33.74577571122279,0 18.88876767930712,-33.7459714443036,0 18.88874883252796,-33.74606227786876,0 18.88874171375795,-33.74610785921816,0 18.8887580077809,-33.74614700287584,0 18.8887994427692,-33.74618668435327,0 18.88887375087265,-33.74621669584423,0 18.88901988918332,-33.74627712467226,0 18.88936251346973,-33.74642505808946,0 18.89001351392343,-33.74671553405152,0 18.89067092382271,-33.74700723868315,0 18.89099969672361,-33.74715073854383,0 18.89132841580239,-33.74730414236974,0 18.89150889503855,-33.74740532970882,0 18.89167888376756,-33.7475177336494,0 18.89184426407989,-33.74764142964938,0 18.891998101704,-33.74777267023948,0 18.89255499992138,-33.74831973462999,0 18.89367235675252,-33.74943745917247,0 18.8947879448237,-33.75055106866955,0 18.8958990330341,-33.7516582259555,0 18.89720027792628,-33.75295589801728,0 18.89849930779629,-33.75425689874869,0 18.8988160883527,-33.75457264442055,0 18.89915190129563,-33.75488984821759,0 18.89950974837022,-33.75518726595865,0 18.89969699654203,-33.75533410288848,0 18.89989824270623,-33.75547736871463,0 18.90145592904532,-33.75661413534402,0 18.90223553911962,-33.75718185403004,0 18.90302571385208,-33.75774659670327,0 18.90459700162206,-33.75888175005373,0 18.90773041577734,-33.76116042189772,0 18.90847944415664,-33.76170173117148,0 18.90923346517379,-33.76225014933533,0 18.91074360704066,-33.76334038047982,0 18.91129559689133,-33.76374524570587,0 18.91168562459349,-33.7640280203164,0 18.91204807707252,-33.76430807442264,0 18.91241466352707,-33.76462636142016,0 18.91380652545431,-33.76585785665466,0 18.91450612402789,-33.7664833896628,0 18.91521502597368,-33.76710584144853,0 18.91555404215857,-33.76740950533705,0 18.9159002948078,-33.76771165819164,0 18.91658863730758,-33.76832282088257,0 18.91728005505759,-33.76893548910302,0 18.9179788993306,-33.7695509938733,0 18.91885480348699,-33.77032864781685,0 18.91936673753966,-33.7707803824742,0 18.91923807292833,-33.77086434977225,0 
					</coordinates>
				</LineString>
			</Placemark>
		</Folder>
		<atom:link rel="app" href="https://www.google.com/earth/about/versions/#earth-pro" title="Google Earth Pro 7.3.7.1155"></atom:link>
	</Folder>
</Document>
</kml>
