distance_m,longitude,latitude,altitude_m,gradient_deg
0.0,27.827607,-26.811498,1485.0,0.34
50.0,27.827316,-26.811797,1485.0,0.34
100.0,27.826816,-26.811824,1485.0,0.34
150.0,27.82637,-26.811851,1485.0,0.34
200.0,27.826693,-26.811999,1485.0,0.33
250.0,27.827176,-26.811881,1485.0,0.32
300.0,27.827649,-26.811733,1485.0,0.31
350.0,27.828111,-26.811554,1485.6,0.3
400.0,27.828161,-26.811231,1486.2,0.29
450.0,27.827957,-26.81082,1487.0,0.28
500.0,27.827753,-26.810409,1487.8,0.26
550.0,27.827776,-26.809968,1488.6,0.25
600.0,27.827952,-26.809547,1488.8,0.23
650.0,27.828138,-26.809129,1489.5,0.21
700.0,27.82832,-26.80871,1490.5,0.19
750.0,27.828492,-26.808287,1491.5,0.17
800.0,27.828664,-26.807865,1492.5,0.14
850.0,27.828852,-26.807447,1493.5,0.12
900.0,27.829049,-26.807034,1494.0,0.09
950.0,27.829228,-26.806613,1494.2,0.07
1000.0,27.829406,-26.806193,1494.4,0.04
1050.0,27.829574,-26.805768,1494.6,0.01
1100.0,27.829734,-26.805342,1494.8,-0.01
1150.0,27.829789,-26.804897,1494.8,-0.04
1200.0,27.829715,-26.804454,1494.6,-0.07
1250.0,27.829784,-26.804014,1494.4,-0.1
1300.0,27.830088,-26.803667,1494.0,-0.13
1350.0,27.830479,-26.803388,1493.4,-0.16
1400.0,27.830745,-26.80301,1493.0,-0.18
1450.0,27.830893,-26.802584,1492.6,-0.21
1500.0,27.831012,-26.802148,1492.0,-0.24
1550.0,27.831161,-26.801718,1491.4,-0.26
1600.0,27.831311,-26.801289,1491.0,-0.29
1650.0,27.831457,-26.800859,1490.2,-0.31
1700.0,27.831589,-26.800425,1489.4,-0.33
1750.0,27.831635,-26.799978,1488.8,-0.35
1800.0,27.831564,-26.799534,1488.4,-0.37
1850.0,27.831444,-26.799097,1487.8,-0.39
1900.0,27.831272,-26.798675,1487.6,-0.4
1950.0,27.831062,-26.798266,1487.2,-0.42
2000.0,27.830837,-26.797864,1486.8,-0.43
2050.0,27.830611,-26.797462,1486.0,-0.44
2100.0,27.830386,-26.797059,1485.4,-0.45
2150.0,27.830167,-26.796655,1484.8,-0.46
2200.0,27.829953,-26.796248,1484.4,-0.46
2250.0,27.829735,-26.795842,1484.0,-0.47
2300.0,27.829498,-26.795445,1483.4,-0.47
2350.0,27.829261,-26.795049,1482.6,-0.47
2400.0,27.829024,-26.794652,1481.8,-0.47
2450.0,27.828788,-26.794254,1481.0,-0.47
2500.0,27.828552,-26.793857,1480.2,-0.47
2550.0,27.828316,-26.79346,1480.0,-0.47
2600.0,27.828079,-26.793063,1480.0,-0.47
2650.0,27.827842,-26.792666,1479.6,-0.46
2700.0,27.827603,-26.79227,1479.2,-0.46
2750.0,27.827364,-26.791875,1478.8,-0.45
2800.0,27.827124,-26.791479,1478.0,-0.45
2850.0,27.826884,-26.791084,1477.2,-0.44
2900.0,27.826645,-26.790688,1476.8,-0.44
2950.0,27.826405,-26.790293,1476.4,-0.43
3000.0,27.826166,-26.789897,1475.8,-0.42
3050.0,27.825926,-26.789502,1475.6,-0.42
3100.0,27.825687,-26.789106,1475.4,-0.41
3150.0,27.825447,-26.78871,1475.2,-0.41
3200.0,27.82521,-26.788314,1475.0,-0.4
3250.0,27.824974,-26.787916,1475.0,-0.4
3300.0,27.824739,-26.787519,1475.0,-0.39
3350.0,27.824523,-26.787113,1475.0,-0.39
3400.0,27.82436,-26.786688,1475.0,-0.38
3450.0,27.824233,-26.786253,1475.0,-0.38
3500.0,27.82414,-26.785811,1474.8,-0.38
3550.0,27.824057,-26.785367,1474.6,-0.38
3600.0,27.823997,-26.784921,1474.0,-0.37
3650.0,27.823978,-26.784472,1473.4,-0.37
3700.0,27.824006,-26.784023,1472.8,-0.37
3750.0,27.824028,-26.783574,1472.4,-0.37
3800.0,27.824052,-26.783125,1471.8,-0.37
3850.0,27.824083,-26.782676,1471.6,-0.37
3900.0,27.824114,-26.782227,1471.4,-0.38
3950.0,27.824145,-26.781779,1471.2,-0.38
4000.0,27.824177,-26.78133,1471.0,-0.38
4050.0,27.824208,-26.780881,1471.0,-0.39
4100.0,27.824239,-26.780432,1470.8,-0.39
4150.0,27.824269,-26.779983,1470.6,-0.4
4200.0,27.8243,-26.779535,1470.4,-0.4
4250.0,27.824331,-26.779086,1470.0,-0.41
4300.0,27.824363,-26.778637,1469.6,-0.41
4350.0,27.824399,-26.778189,1469.2,-0.42
4400.0,27.824434,-26.77774,1468.8,-0.43
4450.0,27.824468,-26.777291,1468.2,-0.44
4500.0,27.824486,-26.776842,1467.8,-0.44
4550.0,27.824522,-26.776394,1467.4,-0.45
4600.0,27.824558,-26.775945,1467.2,-0.46
4650.0,27.824594,-26.775497,1467.0,-0.47
4700.0,27.824623,-26.775048,1467.0,-0.48
4750.0,27.824651,-26.774599,1467.0,-0.49
4800.0,27.824678,-26.77415,1467.0,-0.49
4850.0,27.824706,-26.773701,1467.0,-0.5
4900.0,27.824735,-26.773252,1466.4,-0.51
4950.0,27.824763,-26.772803,1465.8,-0.52
5000.0,27.824793,-26.772354,1465.2,-0.53
5050.0,27.824827,-26.771905,1464.6,-0.54
5100.0,27.824861,-26.771457,1463.6,-0.55
5150.0,27.824895,-26.771008,1463.0,-0.55
5200.0,27.824929,-26.770559,1462.4,-0.56
5250.0,27.824962,-26.770111,1461.8,-0.57
5300.0,27.824995,-26.769662,1461.0,-0.58
5350.0,27.825028,-26.769213,1460.2,-0.58
5400.0,27.825061,-26.768765,1459.6,-0.59
5450.0,27.825094,-26.768316,1458.8,-0.6
5500.0,27.825123,-26.767867,1458.0,-0.61
5550.0,27.825128,-26.767417,1457.2,-0.61
5600.0,27.825123,-26.766968,1456.8,-0.62
5650.0,27.825113,-26.766518,1455.8,-0.63
5700.0,27.825089,-26.766069,1455.0,-0.63
5750.0,27.82505,-26.765621,1454.2,-0.64
5800.0,27.825009,-26.765173,1453.6,-0.64
5850.0,27.824973,-26.764724,1453.0,-0.65
5900.0,27.824946,-26.764275,1453.0,-0.65
5950.0,27.82492,-26.763826,1453.0,-0.66
6000.0,27.824893,-26.763377,1453.0,-0.66
6050.0,27.824867,-26.762928,1453.0,-0.66
6100.0,27.824834,-26.762479,1453.0,-0.67
6150.0,27.824797,-26.762031,1453.0,-0.67
6200.0,27.824768,-26.761582,1452.8,-0.66
6250.0,27.824756,-26.761133,1452.6,-0.66
6300.0,27.824745,-26.760683,1452.0,-0.66
6350.0,27.824742,-26.760234,1451.4,-0.65
6400.0,27.824755,-26.759784,1450.6,-0.64
6450.0,27.824775,-26.759335,1450.0,-0.63
6500.0,27.824799,-26.758886,1449.4,-0.62
6550.0,27.824838,-26.758437,1449.2,-0.6
6600.0,27.824888,-26.75799,1448.4,-0.58
6650.0,27.824948,-26.757544,1447.2,-0.56
6700.0,27.825015,-26.757098,1446.0,-0.53
6750.0,27.825083,-26.756652,1444.2,-0.5
6800.0,27.825152,-26.756207,1442.4,-0.47
6850.0,27.825221,-26.755761,1441.0,-0.43
6900.0,27.825293,-26.755316,1440.2,-0.39
6950.0,27.825369,-26.754872,1438.6,-0.34
7000.0,27.825445,-26.754427,1437.6,-0.29
7050.0,27.825522,-26.753983,1436.0,-0.24
7100.0,27.825599,-26.753539,1434.6,-0.19
7150.0,27.825677,-26.753094,1432.6,-0.13
7200.0,27.825754,-26.75265,1431.2,-0.07
7250.0,27.825832,-26.752206,1429.8,-0.01
7300.0,27.825909,-26.751761,1429.0,0.06
7350.0,27.825986,-26.751317,1428.2,0.12
7400.0,27.826054,-26.750872,1428.6,0.19
7450.0,27.82612,-26.750426,1429.2,0.26
7500.0,27.826186,-26.74998,1430.3,0.32
7550.0,27.826252,-26.749534,1431.9,0.39
7600.0,27.826304,-26.749087,1433.5,0.46
7650.0,27.826365,-26.748641,1434.5,0.53
7700.0,27.826417,-26.748194,1435.9,0.59
7750.0,27.826426,-26.747744,1436.8,0.65
7800.0,27.826397,-26.747296,1437.2,0.71
7850.0,27.82633,-26.74685,1437.6,0.77
7900.0,27.826207,-26.746414,1438.4,0.83
7950.0,27.826058,-26.745985,1439.0,0.88
8000.0,27.825869,-26.745569,1440.4,0.92
8050.0,27.825672,-26.745154,1441.8,0.97
8100.0,27.825491,-26.744735,1443.6,1.0
8150.0,27.825297,-26.74432,1445.2,1.04
8200.0,27.825101,-26.743906,1447.1,1.07
8250.0,27.824905,-26.743491,1448.7,1.09
8300.0,27.82471,-26.743077,1450.7,1.12
8350.0,27.824516,-26.742662,1453.1,1.13
8400.0,27.82432,-26.742248,1455.7,1.14
8450.0,27.824124,-26.741834,1457.8,1.15
8500.0,27.823928,-26.741419,1459.6,1.15
8550.0,27.823732,-26.741005,1461.0,1.15
8600.0,27.823549,-26.740586,1462.2,1.15
8650.0,27.823369,-26.740167,1463.6,1.14
8700.0,27.823195,-26.739744,1465.4,1.13
8750.0,27.823045,-26.739315,1467.0,1.11
8800.0,27.82291,-26.738882,1468.8,1.09
8850.0,27.822797,-26.738444,1470.0,1.07
8900.0,27.822691,-26.738005,1470.8,1.05
8950.0,27.822607,-26.737561,1471.2,1.03
9000.0,27.822522,-26.737118,1472.0,1.0
9050.0,27.822433,-26.736675,1472.8,0.97
9100.0,27.822343,-26.736233,1473.6,0.95
9150.0,27.82225,-26.735791,1474.2,0.92
9200.0,27.822156,-26.735349,1474.8,0.89
9250.0,27.822064,-26.734907,1475.4,0.86
9300.0,27.821973,-26.734465,1475.8,0.83
9350.0,27.821882,-26.734023,1476.2,0.8
9400.0,27.821789,-26.733581,1476.6,0.77
9450.0,27.821695,-26.733139,1477.0,0.74
9500.0,27.821594,-26.732699,1477.0,0.72
9550.0,27.821504,-26.732256,1477.0,0.69
9600.0,27.821414,-26.731814,1477.0,0.66
9650.0,27.821327,-26.731371,1477.0,0.64
9700.0,27.821242,-26.730928,1477.0,0.61
9750.0,27.821151,-26.730485,1477.2,0.59
9800.0,27.821056,-26.730044,1477.8,0.56
9850.0,27.820966,-26.729601,1478.4,0.54
9900.0,27.820882,-26.729158,1479.0,0.52
9950.0,27.820791,-26.728716,1479.8,0.49
10000.0,27.820697,-26.728274,1480.4,0.47
10050.0,27.820603,-26.727832,1480.6,0.45
10100.0,27.820511,-26.72739,1481.0,0.42
10150.0,27.82042,-26.726948,1481.4,0.4
10200.0,27.820329,-26.726506,1482.0,0.38
10250.0,27.820238,-26.726063,1482.6,0.36
10300.0,27.820148,-26.725621,1483.2,0.33
10350.0,27.820057,-26.725179,1483.6,0.31
10400.0,27.819966,-26.724737,1484.4,0.29
10450.0,27.819875,-26.724294,1484.8,0.26
10500.0,27.819785,-26.723852,1485.4,0.24
10550.0,27.819694,-26.72341,1486.0,0.22
10600.0,27.819603,-26.722967,1486.6,0.19
10650.0,27.819511,-26.722525,1487.2,0.17
10700.0,27.819412,-26.722084,1487.8,0.15
10750.0,27.819297,-26.721647,1488.2,0.12
10800.0,27.819163,-26.721213,1488.6,0.1
10850.0,27.819017,-26.720783,1488.6,0.08
10900.0,27.818854,-26.720358,1488.2,0.06
10950.0,27.818694,-26.719931,1487.8,0.04
11000.0,27.818545,-26.719502,1487.4,0.02
11050.0,27.818425,-26.719065,1487.0,-0.0
11100.0,27.818367,-26.718619,1486.8,-0.02
11150.0,27.818349,-26.71817,1486.6,-0.03
11200.0,27.818312,-26.717721,1486.4,-0.05
11250.0,27.81828,-26.717273,1486.0,-0.06
11300.0,27.818239,-26.716825,1485.6,-0.07
11350.0,27.818184,-26.716379,1485.4,-0.07
11400.0,27.818097,-26.715936,1485.2,-0.08
11450.0,27.817996,-26.715496,1485.0,-0.08
11500.0,27.817866,-26.715061,1484.8,-0.08
11550.0,27.817738,-26.714627,1484.6,-0.07
11600.0,27.817624,-26.714189,1483.8,-0.07
11650.0,27.817502,-26.713752,1483.0,-0.06
11700.0,27.81737,-26.713318,1482.2,-0.04
11750.0,27.817218,-26.71289,1481.6,-0.03
11800.0,27.817064,-26.712462,1481.0,-0.01
11850.0,27.816913,-26.712033,1480.6,0.01
11900.0,27.816742,-26.71161,1480.2,0.03
11950.0,27.816529,-26.711203,1479.8,0.05
12000.0,27.816293,-26.710806,1479.2,0.07
12050.0,27.816052,-26.710411,1478.8,0.1
12100.0,27.815847,-26.71,1478.6,0.13
12150.0,27.815604,-26.709607,1477.8,0.15
12200.0,27.815347,-26.70922,1477.0,0.18
12250.0,27.815092,-26.708833,1477.0,0.21
12300.0,27.814837,-26.708445,1476.8,0.24
12350.0,27.814595,-26.708051,1476.8,0.27
12400.0,27.814354,-26.707656,1477.4,0.3
12450.0,27.814116,-26.70726,1478.2,0.32
12500.0,27.813907,-26.70685,1478.4,0.35
12550.0,27.813723,-26.706432,1479.0,0.37
12600.0,27.813532,-26.706016,1479.6,0.39
12650.0,27.813315,-26.705611,1480.8,0.41
12700.0,27.813094,-26.705207,1482.4,0.43
12750.0,27.812856,-26.704811,1484.0,0.45
12800.0,27.812574,-26.704443,1485.2,0.46
12850.0,27.812309,-26.704061,1487.0,0.47
12900.0,27.812065,-26.703668,1488.7,0.48
12950.0,27.811827,-26.703272,1490.3,0.49
13000.0,27.811626,-26.702863,1491.9,0.49
13050.0,27.81139,-26.702468,1493.5,0.49
13100.0,27.811139,-26.702078,1494.1,0.49
13150.0,27.810893,-26.701686,1494.2,0.48
13200.0,27.810648,-26.701294,1493.8,0.48
13250.0,27.810397,-26.700903,1493.4,0.47
13300.0,27.810147,-26.700513,1493.2,0.46
13350.0,27.809896,-26.700123,1493.4,0.44
13400.0,27.80965,-26.699731,1494.2,0.43
13450.0,27.809404,-26.699339,1495.0,0.41
13500.0,27.809157,-26.698947,1495.8,0.39
13550.0,27.808911,-26.698555,1496.4,0.37
13600.0,27.808664,-26.698163,1497.2,0.36
13650.0,27.808418,-26.697771,1497.4,0.33
13700.0,27.808165,-26.697382,1497.6,0.31
13750.0,27.807912,-26.696993,1497.8,0.29
13800.0,27.80765,-26.696609,1498.0,0.27
13850.0,27.807386,-26.696227,1498.0,0.25
13900.0,27.807086,-26.69587,1498.0,0.22
13950.0,27.806836,-26.69548,1498.0,0.2
14000.0,27.806582,-26.695092,1498.0,0.18
14050.0,27.806338,-26.694699,1498.0,0.16
14100.0,27.806129,-26.694291,1497.8,0.14
14150.0,27.805871,-26.693908,1497.6,0.12
14200.0,27.805593,-26.693533,1497.4,0.1
14250.0,27.805315,-26.693159,1497.2,0.08
14300.0,27.805036,-26.692784,1497.0,0.06
14350.0,27.804758,-26.692409,1497.0,0.04
14400.0,27.80448,-26.692034,1497.0,0.02
14450.0,27.804202,-26.69166,1497.2,0.0
14500.0,27.803924,-26.691285,1497.4,-0.02
14550.0,27.803605,-26.690943,1497.4,-0.03
14600.0,27.803318,-26.690573,1497.4,-0.05
14650.0,27.803043,-26.690197,1497.4,-0.07
14700.0,27.802759,-26.689826,1497.2,-0.08
14750.0,27.80248,-26.689452,1497.2,-0.1
14800.0,27.802255,-26.689052,1497.4,-0.11
14850.0,27.801979,-26.688678,1497.6,-0.12
14900.0,27.801693,-26.688309,1497.8,-0.14
14950.0,27.801406,-26.687939,1498.0,-0.15
15000.0,27.801127,-26.687565,1497.8,-0.16
15050.0,27.800852,-26.687188,1497.6,-0.18
15100.0,27.800578,-26.686811,1497.2,-0.19
15150.0,27.800304,-26.686434,1496.4,-0.2
15200.0,27.800031,-26.686056,1495.6,-0.21
15250.0,27.799758,-26.685678,1495.0,-0.22
15300.0,27.79948,-26.685304,1494.6,-0.23
15350.0,27.7992,-26.68493,1494.4,-0.24
15400.0,27.798921,-26.684556,1494.6,-0.25
15450.0,27.798642,-26.684182,1494.6,-0.26
15500.0,27.798362,-26.683808,1494.6,-0.27
15550.0,27.798083,-26.683433,1494.4,-0.28
15600.0,27.797804,-26.683059,1493.8,-0.28
15650.0,27.797525,-26.682685,1493.2,-0.29
15700.0,27.797196,-26.682357,1492.8,-0.3
15750.0,27.796914,-26.681984,1492.4,-0.31
15800.0,27.796646,-26.681604,1492.0,-0.31
15850.0,27.796374,-26.681225,1492.2,-0.32
15900.0,27.796112,-26.680842,1492.4,-0.33
15950.0,27.795866,-26.680452,1492.6,-0.33
16000.0,27.795583,-26.68008,1492.8,-0.34
16050.0,27.795304,-26.679706,1492.4,-0.34
16100.0,27.795025,-26.679332,1491.8,-0.34
16150.0,27.794745,-26.678958,1490.8,-0.35
16200.0,27.794466,-26.678584,1489.8,-0.35
16250.0,27.794191,-26.678207,1488.8,-0.36
16300.0,27.793914,-26.677832,1488.4,-0.36
16350.0,27.79363,-26.677461,1488.0,-0.36
16400.0,27.793355,-26.677084,1488.0,-0.37
16450.0,27.793089,-26.676703,1488.0,-0.37
16500.0,27.792828,-26.676318,1488.0,-0.37
16550.0,27.792567,-26.675933,1488.0,-0.37
16600.0,27.792306,-26.675549,1487.6,-0.37
16650.0,27.792046,-26.675164,1487.2,-0.38
16700.0,27.791785,-26.67478,1486.8,-0.38
16750.0,27.791524,-26.674395,1486.4,-0.38
16800.0,27.791263,-26.674011,1486.0,-0.38
16850.0,27.791005,-26.673625,1486.0,-0.38
16900.0,27.79076,-26.673232,1485.8,-0.38
16950.0,27.790534,-26.67283,1485.6,-0.38
17000.0,27.790321,-26.672423,1484.8,-0.39
17050.0,27.790109,-26.672015,1484.0,-0.39
17100.0,27.789911,-26.671602,1483.2,-0.39
17150.0,27.789713,-26.671188,1482.6,-0.39
17200.0,27.789515,-26.670775,1482.0,-0.39
17250.0,27.789322,-26.67036,1482.0,-0.39
17300.0,27.789134,-26.669943,1482.0,-0.39
17350.0,27.788946,-26.669526,1482.0,-0.39
17400.0,27.788757,-26.669109,1482.0,-0.4
17450.0,27.788569,-26.668692,1481.8,-0.4
17500.0,27.788381,-26.668275,1481.6,-0.4
17550.0,27.788191,-26.667858,1481.4,-0.4
17600.0,27.788,-26.667442,1481.0,-0.4
17650.0,27.787809,-26.667026,1480.6,-0.4
17700.0,27.787617,-26.66661,1480.4,-0.4
17750.0,27.787426,-26.666194,1480.2,-0.4
17800.0,27.787237,-26.665778,1480.0,-0.4
17850.0,27.787048,-26.665361,1480.0,-0.4
17900.0,27.786862,-26.664943,1479.6,-0.4
17950.0,27.786679,-26.664524,1479.2,-0.4
18000.0,27.78648,-26.664111,1478.8,-0.39
18050.0,27.786284,-26.663697,1478.4,-0.39
18100.0,27.786093,-26.663281,1477.4,-0.39
18150.0,27.785902,-26.662865,1476.8,-0.38
18200.0,27.785712,-26.662449,1476.2,-0.37
18250.0,27.785522,-26.662033,1475.6,-0.36
18300.0,27.785331,-26.661616,1474.8,-0.36
18350.0,27.785141,-26.6612,1474.6,-0.35
18400.0,27.784951,-26.660784,1474.4,-0.33
18450.0,27.784759,-26.660368,1474.2,-0.32
18500.0,27.784567,-26.659953,1473.6,-0.31
18550.0,27.78438,-26.659535,1473.0,-0.29
18600.0,27.784194,-26.659117,1472.4,-0.28
18650.0,27.784006,-26.6587,1471.6,-0.26
18700.0,27.783815,-26.658284,1470.8,-0.24
18750.0,27.783624,-26.657868,1470.4,-0.22
18800.0,27.783432,-26.657452,1470.0,-0.2
18850.0,27.783242,-26.657036,1469.6,-0.18
18900.0,27.783051,-26.65662,1469.4,-0.16
18950.0,27.782856,-26.656205,1469.2,-0.14
19000.0,27.782663,-26.655791,1469.0,-0.12
19050.0,27.782471,-26.655375,1469.0,-0.1
19100.0,27.782281,-26.654958,1468.8,-0.08
19150.0,27.782093,-26.654541,1468.6,-0.06
19200.0,27.781906,-26.654124,1468.4,-0.04
19250.0,27.781718,-26.653707,1468.2,-0.02
19300.0,27.781531,-26.653289,1468.0,0.0
19350.0,27.781342,-26.652872,1468.0,0.02
19400.0,27.781154,-26.652456,1468.2,0.03
19450.0,27.780965,-26.652039,1468.4,0.05
19500.0,27.780777,-26.651622,1468.8,0.06
19550.0,27.780588,-26.651205,1469.2,0.07
19600.0,27.7804,-26.650788,1470.0,0.08
19650.0,27.780207,-26.650373,1470.8,0.09
19700.0,27.780015,-26.649957,1471.8,0.1
19750.0,27.779823,-26.649541,1472.6,0.1
19800.0,27.779631,-26.649126,1473.4,0.11
19850.0,27.779439,-26.64871,1474.0,0.11
19900.0,27.779247,-26.648294,1474.4,0.11
19950.0,27.779058,-26.647878,1474.6,0.1
20000.0,27.778869,-26.647461,1474.8,0.1
20050.0,27.778679,-26.647045,1475.4,0.09
20100.0,27.778491,-26.646628,1475.8,0.09
20150.0,27.778303,-26.64621,1476.2,0.08
20200.0,27.778116,-26.645793,1476.6,0.07
20250.0,27.777928,-26.645376,1477.0,0.06
20300.0,27.777737,-26.64496,1477.0,0.05
20350.0,27.777545,-26.644544,1477.0,0.03
20400.0,27.777352,-26.644129,1476.6,0.02
20450.0,27.777159,-26.643714,1476.2,0.01
20500.0,27.776967,-26.643298,1475.8,-0.01
20550.0,27.776775,-26.642883,1475.4,-0.02
20600.0,27.776585,-26.642466,1475.0,-0.03
20650.0,27.776397,-26.642049,1475.0,-0.05
20700.0,27.77621,-26.641632,1474.8,-0.06
20750.0,27.776023,-26.641214,1474.6,-0.08
20800.0,27.775835,-26.640797,1474.4,-0.09
20850.0,27.77564,-26.640383,1474.2,-0.1
20900.0,27.775446,-26.639968,1473.8,-0.12
20950.0,27.775254,-26.639552,1473.6,-0.13
21000.0,27.775067,-26.639135,1473.4,-0.14
21050.0,27.77488,-26.638717,1473.2,-0.15
21100.0,27.774655,-26.638315,1473.2,-0.16
21150.0,27.774462,-26.637901,1473.4,-0.18
21200.0,27.774285,-26.63748,1473.6,-0.18
21250.0,27.774109,-26.637059,1473.8,-0.19
21300.0,27.773926,-26.63664,1473.6,-0.2
21350.0,27.773724,-26.636228,1473.2,-0.21
21400.0,27.773518,-26.635818,1472.6,-0.22
21450.0,27.773311,-26.635408,1472.0,-0.22
21500.0,27.773084,-26.635007,1471.4,-0.23
21550.0,27.772823,-26.634623,1471.2,-0.23
21600.0,27.772538,-26.634252,1471.0,-0.24
21650.0,27.772237,-26.633892,1471.0,-0.24
21700.0,27.771919,-26.633544,1471.0,-0.24
21750.0,27.771575,-26.633216,1471.0,-0.24
21800.0,27.771216,-26.632901,1470.6,-0.24
21850.0,27.770851,-26.632592,1470.2,-0.24
21900.0,27.770478,-26.63229,1469.8,-0.24
21950.0,27.770107,-26.631986,1469.4,-0.24
22000.0,27.76974,-26.631679,1469.0,-0.24
22050.0,27.769372,-26.631372,1469.0,-0.24
22100.0,27.769014,-26.631056,1469.0,-0.23
22150.0,27.768684,-26.630717,1468.6,-0.23
22200.0,27.768405,-26.630344,1468.2,-0.22
22250.0,27.768179,-26.629942,1467.8,-0.22
22300.0,27.767989,-26.629526,1467.4,-0.21
22350.0,27.767844,-26.629096,1466.8,-0.21
22400.0,27.767727,-26.628659,1466.6,-0.2
22450.0,27.767666,-26.628213,1466.4,-0.19
22500.0,27.767656,-26.627764,1466.2,-0.18
22550.0,27.7677,-26.627316,1465.8,-0.18
22600.0,27.767779,-26.626872,1465.2,-0.17
22650.0,27.767912,-26.626439,1465.0,-0.16
22700.0,27.768093,-26.62602,1464.8,-0.15
22750.0,27.768317,-26.625618,1464.6,-0.14
22800.0,27.768578,-26.625233,1464.2,-0.14
22850.0,27.768877,-26.624872,1464.4,-0.13
22900.0,27.769223,-26.624546,1464.2,-0.12
22950.0,27.769593,-26.624242,1464.0,-0.11
23000.0,27.770005,-26.623984,1463.8,-0.11
23050.0,27.77044,-26.62376,1464.0,-0.1
23100.0,27.77089,-26.62356,1464.4,-0.09
23150.0,27.771359,-26.623396,1464.8,-0.09
23200.0,27.771842,-26.623271,1465.2,-0.08
23250.0,27.772327,-26.623154,1465.6,-0.08
23300.0,27.772806,-26.623015,1466.0,-0.08
23350.0,27.773274,-26.622852,1466.0,-0.07
23400.0,27.77373,-26.622661,1466.0,-0.07
23450.0,27.77417,-26.622444,1466.0,-0.07
23500.0,27.774591,-26.622199,1466.0,-0.07
23550.0,27.774998,-26.621936,1466.0,-0.07
23600.0,27.775381,-26.621644,1466.0,-0.07
23650.0,27.775747,-26.621335,1466.0,-0.08
23700.0,27.776081,-26.621,1465.8,-0.08
23750.0,27.776388,-26.620644,1465.6,-0.08
23800.0,27.776679,-26.620277,1465.4,-0.08
23850.0,27.776974,-26.619917,1465.2,-0.09
23900.0,27.777219,-26.619524,1465.0,-0.09
23950.0,27.777459,-26.619129,1465.0,-0.09
24000.0,27.777698,-26.618733,1465.0,-0.1
24050.0,27.777921,-26.61833,1465.2,-0.1
24100.0,27.778128,-26.61792,1465.4,-0.11
24150.0,27.778331,-26.617509,1465.6,-0.11
24200.0,27.778519,-26.617092,1465.8,-0.11
24250.0,27.778707,-26.616675,1466.0,-0.12
24300.0,27.778893,-26.616257,1465.8,-0.12
24350.0,27.779078,-26.615839,1465.6,-0.12
24400.0,27.779263,-26.615421,1465.4,-0.12
24450.0,27.779446,-26.615002,1464.8,-0.12
24500.0,27.779627,-26.614582,1464.2,-0.12
24550.0,27.779807,-26.614163,1463.8,-0.12
24600.0,27.779987,-26.613743,1463.4,-0.12
24650.0,27.780167,-26.613323,1462.8,-0.12
24700.0,27.780348,-26.612903,1462.6,-0.11
24750.0,27.780528,-26.612484,1462.2,-0.11
24800.0,27.780709,-26.612064,1461.8,-0.1
24850.0,27.780889,-26.611644,1461.4,-0.1
24900.0,27.781071,-26.611225,1461.4,-0.09
24950.0,27.781253,-26.610806,1461.4,-0.09
25000.0,27.781435,-26.610386,1461.4,-0.08
25050.0,27.781617,-26.609967,1461.4,-0.07
25100.0,27.781803,-26.60955,1461.4,-0.06
25150.0,27.781991,-26.609132,1461.2,-0.05
25200.0,27.782174,-26.608714,1460.8,-0.04
25250.0,27.782353,-26.608294,1460.6,-0.03
25300.0,27.782533,-26.607874,1460.4,-0.02
25350.0,27.782713,-26.607454,1460.2,-0.01
25400.0,27.782893,-26.607034,1460.0,0.0
25450.0,27.783073,-26.606614,1460.0,0.01
25500.0,27.783253,-26.606194,1460.0,0.02
25550.0,27.783433,-26.605774,1460.0,0.03
25600.0,27.783612,-26.605354,1460.4,0.04
25650.0,27.783792,-26.604934,1460.8,0.05
25700.0,27.783972,-26.604514,1461.0,0.06
25750.0,27.784152,-26.604094,1461.4,0.07
25800.0,27.784332,-26.603675,1461.8,0.08
25850.0,27.784512,-26.603255,1462.0,0.08
25900.0,27.784692,-26.602835,1462.0,0.09
25950.0,27.784872,-26.602415,1462.2,0.1
26000.0,27.785052,-26.601995,1462.6,0.1
26050.0,27.785232,-26.601575,1463.0,0.11
26100.0,27.785412,-26.601155,1463.2,0.11
26150.0,27.785591,-26.600735,1463.6,0.12
26200.0,27.785771,-26.600315,1464.0,0.12
26250.0,27.785951,-26.599895,1464.2,0.13
26300.0,27.786133,-26.599476,1464.4,0.13
26350.0,27.786314,-26.599057,1464.4,0.13
26400.0,27.786495,-26.598637,1464.4,0.13
26450.0,27.786677,-26.598218,1464.4,0.13
26500.0,27.786858,-26.597798,1464.2,0.13
26550.0,27.78704,-26.597379,1464.0,0.13
26600.0,27.787221,-26.59696,1464.0,0.14
26650.0,27.787402,-26.59654,1464.0,0.14
26700.0,27.787584,-26.596121,1464.2,0.14
26750.0,27.787765,-26.595702,1464.4,0.14
26800.0,27.787946,-26.595282,1464.6,0.14
26850.0,27.788128,-26.594863,1464.8,0.13
26900.0,27.788309,-26.594443,1465.0,0.13
26950.0,27.788491,-26.594024,1465.0,0.13
27000.0,27.788672,-26.593605,1465.0,0.13
27050.0,27.788853,-26.593185,1465.0,0.13
27100.0,27.789035,-26.592766,1465.0,0.13
27150.0,27.789216,-26.592346,1465.2,0.14
27200.0,27.789397,-26.591927,1465.4,0.14
27250.0,27.789579,-26.591508,1465.6,0.14
27300.0,27.78976,-26.591088,1465.8,0.14
27350.0,27.789941,-26.590669,1466.0,0.14
27400.0,27.790123,-26.590249,1466.2,0.15
27450.0,27.790304,-26.58983,1466.4,0.15
27500.0,27.790503,-26.589417,1466.8,0.15
27550.0,27.790703,-26.589004,1467.2,0.16
27600.0,27.790903,-26.588592,1467.6,0.17
27650.0,27.791104,-26.58818,1467.8,0.17
27700.0,27.791304,-26.587767,1468.0,0.18
27750.0,27.791505,-26.587355,1467.8,0.19
27800.0,27.791705,-26.586943,1467.6,0.2
27850.0,27.791909,-26.586531,1467.2,0.21
27900.0,27.792137,-26.586131,1466.8,0.23
27950.0,27.792366,-26.58573,1466.4,0.24
28000.0,27.792595,-26.58533,1466.2,0.26
28050.0,27.792821,-26.584928,1466.2,0.27
28100.0,27.793047,-26.584527,1466.4,0.29
28150.0,27.793273,-26.584125,1466.6,0.31
28200.0,27.793509,-26.583728,1466.8,0.33
28250.0,27.793756,-26.583336,1467.0,0.35
28300.0,27.794003,-26.582945,1467.0,0.37
28350.0,27.794251,-26.582553,1467.0,0.4
28400.0,27.794498,-26.582162,1467.0,0.42
28450.0,27.794745,-26.58177,1467.0,0.44
28500.0,27.794993,-26.581379,1467.0,0.47
28550.0,27.795248,-26.580992,1467.2,0.49
28600.0,27.795504,-26.580604,1467.6,0.51
28650.0,27.795756,-26.580216,1468.0,0.54
28700.0,27.796006,-26.579826,1468.4,0.56
28750.0,27.796257,-26.579436,1469.0,0.58
28800.0,27.796507,-26.579046,1469.4,0.6
28850.0,27.796757,-26.578656,1469.6,0.62
28900.0,27.797008,-26.578266,1470.4,0.64
28950.0,27.797244,-26.577869,1471.4,0.66
29000.0,27.79747,-26.577467,1472.4,0.68
29050.0,27.797696,-26.577066,1473.6,0.69
29100.0,27.797923,-26.576664,1474.8,0.7
29150.0,27.798149,-26.576263,1475.8,0.71
29200.0,27.798375,-26.575861,1476.6,0.72
29250.0,27.79858,-26.57545,1477.4,0.72
29300.0,27.798784,-26.57504,1478.6,0.72
29350.0,27.798988,-26.574629,1479.8,0.72
29400.0,27.799191,-26.574217,1480.8,0.71
29450.0,27.799393,-26.573805,1482.4,0.7
29500.0,27.799593,-26.573393,1483.8,0.69
29550.0,27.799775,-26.572974,1484.8,0.68
29600.0,27.799957,-26.572554,1485.8,0.66
29650.0,27.800139,-26.572135,1487.2,0.64
29700.0,27.800321,-26.571716,1488.0,0.62
29750.0,27.800503,-26.571297,1489.0,0.59
29800.0,27.800682,-26.570877,1490.0,0.57
29850.0,27.800833,-26.570448,1491.0,0.54
29900.0,27.800985,-26.570019,1491.4,0.5
29950.0,27.801139,-26.569591,1491.8,0.47
30000.0,27.801307,-26.569168,1492.2,0.43
30050.0,27.801475,-26.568744,1492.4,0.4
30100.0,27.801621,-26.568314,1492.6,0.36
30150.0,27.801761,-26.567882,1493.2,0.32
30200.0,27.801902,-26.56745,1493.8,0.28
30250.0,27.80204,-26.567018,1494.4,0.24
30300.0,27.802165,-26.566582,1495.0,0.2
30350.0,27.80229,-26.566147,1495.8,0.16
30400.0,27.802415,-26.565711,1496.2,0.12
30450.0,27.80254,-26.565276,1496.6,0.08
30500.0,27.802647,-26.564836,1496.8,0.04
30550.0,27.802754,-26.564397,1497.0,0.0
30600.0,27.802861,-26.563957,1497.0,-0.03
30650.0,27.802967,-26.563518,1497.0,-0.07
30700.0,27.803067,-26.563077,1497.0,-0.1
30750.0,27.803165,-26.562636,1496.1,-0.13
30800.0,27.803258,-26.562194,1494.3,-0.15
30850.0,27.803334,-26.56175,1492.5,-0.18
30900.0,27.803409,-26.561305,1490.5,-0.2
30950.0,27.803483,-26.560861,1488.5,-0.22
31000.0,27.803556,-26.560416,1487.4,-0.23
31050.0,27.803629,-26.559971,1487.0,-0.25
31100.0,27.803701,-26.559526,1486.6,-0.26
31150.0,27.803774,-26.559081,1486.4,-0.27
31200.0,27.803847,-26.558636,1486.2,-0.27
31250.0,27.80392,-26.558191,1486.0,-0.28
31300.0,27.803992,-26.557746,1486.0,-0.28
31350.0,27.804065,-26.557301,1485.6,-0.28
31400.0,27.804138,-26.556856,1485.2,-0.27
31450.0,27.804211,-26.556411,1484.8,-0.26
31500.0,27.804283,-26.555966,1484.4,-0.26
31550.0,27.804356,-26.555521,1484.0,-0.25
31600.0,27.804429,-26.555077,1483.8,-0.23
31650.0,27.804502,-26.554632,1483.6,-0.22
31700.0,27.804574,-26.554187,1483.2,-0.2
31750.0,27.804647,-26.553742,1483.0,-0.19
31800.0,27.80472,-26.553297,1482.8,-0.17
31850.0,27.804793,-26.552852,1482.8,-0.15
31900.0,27.804865,-26.552407,1482.6,-0.13
31950.0,27.804938,-26.551962,1482.6,-0.1
32000.0,27.805011,-26.551517,1482.6,-0.08
32050.0,27.805084,-26.551072,1482.6,-0.06
32100.0,27.805156,-26.550627,1482.6,-0.03
32150.0,27.805229,-26.550182,1482.8,-0.0
32200.0,27.805302,-26.549737,1483.0,0.02
32250.0,27.805375,-26.549292,1483.0,0.05
32300.0,27.805447,-26.548848,1483.0,0.08
32350.0,27.80552,-26.548403,1483.0,0.1
32400.0,27.805593,-26.547958,1482.6,0.13
32450.0,27.805666,-26.547513,1482.0,0.16
32500.0,27.805738,-26.547068,1481.4,0.19
32550.0,27.805811,-26.546623,1480.8,0.22
32600.0,27.805884,-26.546178,1480.2,0.25
32650.0,27.805956,-26.545733,1480.2,0.28
32700.0,27.806029,-26.545288,1480.4,0.3
32750.0,27.806102,-26.544843,1481.0,0.33
32800.0,27.806175,-26.544398,1481.6,0.36
32850.0,27.806247,-26.543953,1482.4,0.39
32900.0,27.80632,-26.543508,1483.0,0.41
32950.0,27.806393,-26.543064,1484.2,0.44
33000.0,27.806466,-26.542619,1485.0,0.47
33050.0,27.806538,-26.542174,1486.2,0.49
33100.0,27.806611,-26.541729,1487.2,0.52
33150.0,27.806684,-26.541284,1488.2,0.54
33200.0,27.806757,-26.540839,1488.6,0.56
33250.0,27.806829,-26.540394,1489.0,0.59
33300.0,27.806902,-26.539949,1489.2,0.61
33350.0,27.806975,-26.539504,1489.4,0.63
33400.0,27.807048,-26.539059,1490.0,0.65
33450.0,27.80712,-26.538614,1490.6,0.67
33500.0,27.807193,-26.538169,1491.2,0.68
33550.0,27.807266,-26.537724,1491.6,0.7
33600.0,27.807338,-26.537279,1492.2,0.72
33650.0,27.807411,-26.536834,1492.4,0.73
33700.0,27.807483,-26.536389,1493.4,0.75
33750.0,27.807555,-26.535944,1494.4,0.76
33800.0,27.807628,-26.5355,1495.6,0.77
33850.0,27.8077,-26.535055,1497.0,0.79
33900.0,27.807773,-26.53461,1498.4,0.8
33950.0,27.807845,-26.534165,1499.2,0.81
34000.0,27.807917,-26.53372,1500.0,0.82
34050.0,27.80799,-26.533275,1500.6,0.83
34100.0,27.808062,-26.53283,1500.8,0.84
34150.0,27.808135,-26.532385,1501.0,0.85
34200.0,27.808207,-26.53194,1501.0,0.86
34250.0,27.808279,-26.531495,1501.4,0.86
34300.0,27.808352,-26.53105,1501.8,0.87
34350.0,27.808424,-26.530605,1502.2,0.88
34400.0,27.808497,-26.53016,1502.6,0.88
34450.0,27.808569,-26.529715,1503.8,0.89
34500.0,27.808641,-26.52927,1504.6,0.89
34550.0,27.808714,-26.528825,1505.8,0.89
34600.0,27.808786,-26.52838,1507.4,0.9
34650.0,27.808859,-26.527935,1509.0,0.9
34700.0,27.808932,-26.52749,1510.2,0.9
34750.0,27.809004,-26.527045,1511.4,0.9
34800.0,27.809078,-26.5266,1512.6,0.9
34850.0,27.809152,-26.526156,1513.4,0.9
34900.0,27.809225,-26.525711,1514.8,0.9
34950.0,27.809295,-26.525265,1515.8,0.9
35000.0,27.809366,-26.52482,1516.8,0.9
35050.0,27.809437,-26.524375,1517.4,0.9
35100.0,27.809508,-26.52393,1518.0,0.89
35150.0,27.809582,-26.523485,1518.0,0.89
35200.0,27.809656,-26.523041,1518.2,0.89
35250.0,27.809729,-26.522596,1518.4,0.88
35300.0,27.809802,-26.522151,1519.0,0.88
35350.0,27.809875,-26.521706,1520.0,0.87
35400.0,27.809948,-26.521261,1521.0,0.87
35450.0,27.810021,-26.520816,1522.2,0.86
35500.0,27.810094,-26.520371,1523.4,0.85
35550.0,27.810167,-26.519926,1524.2,0.84
35600.0,27.81024,-26.519481,1524.6,0.83
35650.0,27.810314,-26.519037,1525.0,0.82
35700.0,27.810387,-26.518592,1525.0,0.81
35750.0,27.81046,-26.518147,1525.2,0.8
35800.0,27.810534,-26.517702,1525.4,0.79
35850.0,27.810607,-26.517257,1526.4,0.77
35900.0,27.81068,-26.516812,1527.4,0.76
35950.0,27.810753,-26.516367,1529.0,0.74
36000.0,27.810826,-26.515923,1530.4,0.72
36050.0,27.810899,-26.515478,1532.0,0.7
36100.0,27.810971,-26.515033,1533.2,0.68
36150.0,27.811043,-26.514588,1534.4,0.66
36200.0,27.811115,-26.514142,1535.0,0.64
36250.0,27.811186,-26.513697,1535.6,0.61
36300.0,27.811258,-26.513252,1536.2,0.59
36350.0,27.81133,-26.512807,1536.4,0.56
36400.0,27.811402,-26.512362,1537.0,0.53
36450.0,27.811474,-26.511917,1537.6,0.5
36500.0,27.811546,-26.511472,1538.2,0.47
36550.0,27.811618,-26.511027,1538.6,0.44
36600.0,27.81169,-26.510582,1539.4,0.41
36650.0,27.811762,-26.510137,1539.8,0.37
36700.0,27.811834,-26.509692,1540.2,0.34
36750.0,27.811906,-26.509247,1540.8,0.3
36800.0,27.811978,-26.508802,1541.4,0.27
36850.0,27.81205,-26.508357,1541.6,0.24
36900.0,27.812122,-26.507912,1541.8,0.2
36950.0,27.812193,-26.507467,1542.2,0.17
37000.0,27.812265,-26.507022,1542.4,0.13
37050.0,27.812337,-26.506577,1542.6,0.1
37100.0,27.812409,-26.506132,1542.8,0.07
37150.0,27.812481,-26.505687,1543.0,0.04
37200.0,27.812553,-26.505242,1543.0,0.01
37250.0,27.812625,-26.504797,1542.8,-0.02
37300.0,27.812697,-26.504352,1542.6,-0.04
37350.0,27.812769,-26.503907,1542.4,-0.07
37400.0,27.812841,-26.503462,1542.2,-0.09
37450.0,27.812913,-26.503017,1542.0,-0.11
37500.0,27.812985,-26.502572,1542.0,-0.13
37550.0,27.813057,-26.502127,1541.2,-0.14
37600.0,27.813129,-26.501682,1540.2,-0.15
37650.0,27.8132,-26.501237,1539.2,-0.16
37700.0,27.813272,-26.500792,1538.2,-0.17
37750.0,27.813344,-26.500347,1537.0,-0.17
37800.0,27.813416,-26.499902,1536.4,-0.18
37850.0,27.813488,-26.499457,1536.0,-0.18
37900.0,27.81356,-26.499011,1535.0,-0.17
37950.0,27.813632,-26.498566,1534.0,-0.17
38000.0,27.813704,-26.498121,1532.8,-0.16
38050.0,27.813776,-26.497676,1531.8,-0.15
38100.0,27.813848,-26.497231,1530.8,-0.14
38150.0,27.81392,-26.496786,1530.4,-0.13
38200.0,27.81399,-26.496341,1530.2,-0.12
38250.0,27.814061,-26.495896,1530.4,-0.1
38300.0,27.814131,-26.495451,1530.6,-0.08
38350.0,27.814202,-26.495005,1530.8,-0.07
38400.0,27.814272,-26.49456,1531.4,-0.05
38450.0,27.814344,-26.494115,1532.0,-0.03
38500.0,27.814417,-26.49367,1532.6,-0.01
38550.0,27.81449,-26.493225,1533.2,0.01
38600.0,27.814563,-26.492781,1533.8,0.03
38650.0,27.81464,-26.492336,1534.0,0.05
38700.0,27.81472,-26.491892,1534.0,0.07
38750.0,27.814799,-26.491448,1534.0,0.09
38800.0,27.814883,-26.491005,1534.2,0.11
38850.0,27.814986,-26.490565,1534.6,0.13
38900.0,27.815088,-26.490125,1535.0,0.15
38950.0,27.815199,-26.489686,1535.4,0.17
39000.0,27.815333,-26.489253,1535.8,0.19
39050.0,27.815468,-26.48882,1536.0,0.21
39100.0,27.815621,-26.488391,1536.0,0.23
39150.0,27.815781,-26.487965,1536.0,0.25
39200.0,27.815942,-26.487539,1536.0,0.27
39250.0,27.816103,-26.487113,1536.0,0.29
39300.0,27.816272,-26.48669,1536.4,0.32
39350.0,27.816476,-26.486279,1536.8,0.34
39400.0,27.81668,-26.485868,1537.2,0.36
39450.0,27.816886,-26.485458,1537.6,0.38
39500.0,27.817112,-26.485057,1538.0,0.41
39550.0,27.817338,-26.484655,1537.6,0.43
39600.0,27.817581,-26.484262,1537.0,0.46
39650.0,27.817825,-26.483869,1536.4,0.48
39700.0,27.81807,-26.483476,1535.8,0.51
39750.0,27.818328,-26.483091,1535.4,0.54
39800.0,27.81861,-26.482718,1535.4,0.56
39850.0,27.818898,-26.48235,1535.6,0.59
39900.0,27.819188,-26.481983,1536.4,0.62
39950.0,27.819484,-26.481619,1537.2,0.64
40000.0,27.81978,-26.481256,1537.8,0.67
40050.0,27.820077,-26.480894,1538.8,0.7
40100.0,27.820378,-26.480534,1539.8,0.72
40150.0,27.82068,-26.480174,1540.8,0.75
40200.0,27.820981,-26.479815,1541.8,0.77
40250.0,27.821283,-26.479455,1543.0,0.8
40300.0,27.821585,-26.479095,1543.8,0.82
40350.0,27.821886,-26.478736,1545.0,0.85
40400.0,27.822188,-26.478376,1545.6,0.87
40450.0,27.822489,-26.478016,1546.7,0.89
40500.0,27.822791,-26.477657,1548.1,0.91
40550.0,27.823092,-26.477297,1549.7,0.93
40600.0,27.823394,-26.476937,1550.9,0.94
40650.0,27.823695,-26.476578,1552.5,0.96
40700.0,27.823997,-26.476218,1553.6,0.98
40750.0,27.824298,-26.475858,1554.2,0.99
40800.0,27.8246,-26.475499,1554.6,1.0
40850.0,27.824901,-26.475139,1555.4,1.01
40900.0,27.825203,-26.474779,1555.8,1.02
40950.0,27.825504,-26.47442,1556.8,1.03
41000.0,27.825804,-26.474059,1557.8,1.04
41050.0,27.826105,-26.473699,1559.2,1.05
41100.0,27.826405,-26.473338,1560.2,1.05
41150.0,27.826705,-26.472978,1561.2,1.06
41200.0,27.827005,-26.472617,1561.8,1.06
41250.0,27.827305,-26.472257,1562.4,1.07
41300.0,27.827606,-26.471896,1563.0,1.07
41350.0,27.827906,-26.471536,1564.4,1.07
41400.0,27.828206,-26.471175,1565.8,1.07
41450.0,27.828506,-26.470815,1567.0,1.07
41500.0,27.828807,-26.470454,1568.2,1.07
41550.0,27.829107,-26.470094,1569.0,1.07
41600.0,27.829407,-26.469733,1569.6,1.07
41650.0,27.829707,-26.469373,1570.6,1.06
41700.0,27.830007,-26.469012,1571.6,1.06
41750.0,27.830308,-26.468652,1572.6,1.06
41800.0,27.830608,-26.468291,1573.8,1.05
41850.0,27.830908,-26.467931,1574.4,1.05
41900.0,27.831208,-26.46757,1575.2,1.04
41950.0,27.831508,-26.46721,1576.0,1.03
42000.0,27.831809,-26.466849,1577.0,1.03
42050.0,27.832109,-26.466488,1578.6,1.02
42100.0,27.832409,-26.466128,1580.2,1.01
42150.0,27.832709,-26.465767,1581.2,1.01
42200.0,27.833009,-26.465407,1582.4,1.0
42250.0,27.83331,-26.465046,1583.4,0.99
42300.0,27.83361,-26.464686,1584.2,0.98
42350.0,27.83391,-26.464325,1585.0,0.97
42400.0,27.83421,-26.463965,1585.8,0.96
42450.0,27.83451,-26.463604,1586.4,0.95
42500.0,27.834811,-26.463244,1587.0,0.94
42550.0,27.835111,-26.462883,1587.0,0.93
42600.0,27.835411,-26.462523,1587.2,0.92
42650.0,27.835711,-26.462162,1587.4,0.91
42700.0,27.836012,-26.461802,1587.8,0.9
42750.0,27.836312,-26.461441,1588.8,0.88
42800.0,27.836612,-26.461081,1589.8,0.87
42850.0,27.836912,-26.46072,1591.4,0.86
42900.0,27.837212,-26.46036,1593.0,0.84
42950.0,27.837513,-26.459999,1594.4,0.83
43000.0,27.837813,-26.459639,1595.4,0.81
43050.0,27.838113,-26.459278,1596.4,0.8
43100.0,27.838413,-26.458918,1596.6,0.78
43150.0,27.838713,-26.458557,1597.2,0.77
43200.0,27.839014,-26.458197,1597.8,0.75
43250.0,27.839314,-26.457836,1598.4,0.74
43300.0,27.839614,-26.457476,1599.0,0.72
43350.0,27.839914,-26.457115,1599.6,0.7
43400.0,27.840214,-26.456755,1600.4,0.69
43450.0,27.840515,-26.456394,1601.6,0.67
43500.0,27.840815,-26.456034,1602.6,0.65
43550.0,27.841115,-26.455673,1603.6,0.63
43600.0,27.841415,-26.455313,1604.6,0.62
43650.0,27.841715,-26.454952,1605.0,0.6
43700.0,27.842016,-26.454592,1605.0,0.58
43750.0,27.842316,-26.454231,1605.0,0.57
43800.0,27.842618,-26.453872,1605.0,0.55
43850.0,27.842938,-26.453526,1605.0,0.54
43900.0,27.843259,-26.45318,1605.0,0.52
43950.0,27.843579,-26.452833,1605.2,0.51
44000.0,27.8439,-26.452487,1605.8,0.5
44050.0,27.844221,-26.452141,1606.4,0.48
44100.0,27.844541,-26.451795,1607.0,0.47
44150.0,27.844864,-26.45145,1607.6,0.46
44200.0,27.8452,-26.451116,1608.0,0.45
44250.0,27.845535,-26.450781,1608.0,0.44
44300.0,27.845871,-26.450447,1608.4,0.44
44350.0,27.846207,-26.450113,1608.8,0.43
44400.0,27.846542,-26.449778,1609.2,0.42
44450.0,27.846878,-26.449444,1609.6,0.42
44500.0,27.847226,-26.44912,1610.0,0.41
44550.0,27.84758,-26.4488,1610.0,0.41
44600.0,27.847933,-26.448481,1610.0,0.41
44650.0,27.848287,-26.448161,1609.8,0.41
44700.0,27.848649,-26.44785,1609.6,0.4
44750.0,27.849011,-26.447539,1609.4,0.4
44800.0,27.849374,-26.447227,1609.2,0.4
44850.0,27.849736,-26.446916,1609.2,0.4
44900.0,27.850099,-26.446605,1609.2,0.4
44950.0,27.850461,-26.446294,1609.2,0.4
45000.0,27.850824,-26.445983,1610.0,0.4
45050.0,27.851186,-26.445671,1610.8,0.4
45100.0,27.851549,-26.44536,1611.4,0.4
45150.0,27.851918,-26.445056,1612.4,0.4
45200.0,27.85229,-26.444753,1613.8,0.4
45250.0,27.852662,-26.444451,1614.4,0.39
45300.0,27.853033,-26.444149,1615.0,0.39
45350.0,27.853405,-26.443846,1615.6,0.38
45400.0,27.853777,-26.443544,1616.0,0.37
45450.0,27.854148,-26.443241,1616.0,0.36
45500.0,27.854523,-26.442942,1616.0,0.35
45550.0,27.854899,-26.442644,1616.0,0.34
45600.0,27.855275,-26.442345,1616.0,0.32
45650.0,27.85565,-26.442047,1616.2,0.31
45700.0,27.856026,-26.441749,1616.4,0.29
45750.0,27.856402,-26.44145,1617.0,0.27
45800.0,27.856777,-26.441152,1617.8,0.24
45850.0,27.857153,-26.440853,1618.6,0.22
45900.0,27.857529,-26.440555,1619.4,0.19
45950.0,27.857905,-26.440257,1620.2,0.16
46000.0,27.85828,-26.439958,1620.8,0.12
46050.0,27.858656,-26.43966,1621.6,0.09
46100.0,27.859032,-26.439362,1622.6,0.05
46150.0,27.859408,-26.439063,1623.4,0.01
46200.0,27.859781,-26.438763,1624.2,-0.03
46250.0,27.860153,-26.438461,1624.8,-0.07
46300.0,27.860525,-26.438158,1625.4,-0.11
46350.0,27.860896,-26.437856,1625.8,-0.16
46400.0,27.861268,-26.437553,1626.0,-0.2
46450.0,27.861639,-26.437251,1626.2,-0.25
46500.0,27.862011,-26.436948,1626.4,-0.29
46550.0,27.862382,-26.436646,1626.2,-0.34
46600.0,27.862754,-26.436343,1625.4,-0.38
46650.0,27.863125,-26.436041,1624.8,-0.43
46700.0,27.863497,-26.435738,1623.6,-0.47
46750.0,27.863869,-26.435436,1622.4,-0.52
46800.0,27.86424,-26.435133,1621.0,-0.56
46850.0,27.864612,-26.434831,1620.0,-0.6
46900.0,27.864983,-26.434528,1618.8,-0.64
46950.0,27.865355,-26.434226,1617.4,-0.67
47000.0,27.865726,-26.433923,1616.0,-0.71
47050.0,27.866098,-26.433621,1614.6,-0.74
47100.0,27.866447,-26.433298,1613.4,-0.76
47150.0,27.866787,-26.432967,1612.2,-0.79
47200.0,27.867122,-26.432632,1611.8,-0.81
47250.0,27.867458,-26.432297,1611.4,-0.82
47300.0,27.867793,-26.431963,1611.2,-0.84
47350.0,27.868128,-26.431628,1611.0,-0.85
47400.0,27.868454,-26.431286,1610.6,-0.85
47450.0,27.868772,-26.430938,1609.6,-0.85
47500.0,27.86909,-26.43059,1608.2,-0.85
47550.0,27.869408,-26.430242,1606.8,-0.84
47600.0,27.869726,-26.429894,1605.2,-0.83
47650.0,27.870014,-26.429526,1604.0,-0.81
47700.0,27.870301,-26.429157,1603.2,-0.79
47750.0,27.870589,-26.428788,1602.0,-0.77
47800.0,27.870876,-26.428419,1600.8,-0.74
47850.0,27.871164,-26.428051,1599.2,-0.71
47900.0,27.871451,-26.427682,1597.6,-0.67
47950.0,27.871738,-26.427313,1595.8,-0.63
48000.0,27.872026,-26.426945,1594.2,-0.59
48050.0,27.872313,-26.426576,1592.6,-0.55
48100.0,27.872601,-26.426207,1591.4,-0.5
48150.0,27.872888,-26.425838,1589.8,-0.45
48200.0,27.873173,-26.425468,1588.2,-0.4
48250.0,27.873457,-26.425097,1587.2,-0.34
48300.0,27.873741,-26.424727,1586.0,-0.29
48350.0,27.874026,-26.424356,1585.0,-0.23
48400.0,27.87431,-26.423986,1584.4,-0.18
48450.0,27.874595,-26.423615,1584.2,-0.12
48500.0,27.874881,-26.423246,1584.0,-0.07
48550.0,27.875168,-26.422877,1584.2,-0.02
48600.0,27.875454,-26.422507,1585.2,0.03
48650.0,27.875741,-26.422138,1586.6,0.08
48700.0,27.876028,-26.421769,1588.0,0.13
48750.0,27.876314,-26.4214,1590.2,0.17
48800.0,27.876601,-26.421031,1592.2,0.21
48850.0,27.876888,-26.420662,1593.6,0.25
48900.0,27.877173,-26.420292,1594.6,0.29
48950.0,27.877454,-26.419919,1595.6,0.32
49000.0,27.877736,-26.419547,1596.0,0.34
49050.0,27.878017,-26.419174,1596.8,0.37
49100.0,27.878298,-26.418801,1597.8,0.39
49150.0,27.878579,-26.418429,1598.8,0.4
49200.0,27.87886,-26.418056,1600.2,0.41
49250.0,27.879141,-26.417684,1601.4,0.42
49300.0,27.879422,-26.417311,1602.4,0.43
49350.0,27.879703,-26.416938,1603.2,0.43
49400.0,27.879984,-26.416566,1604.0,0.43
49450.0,27.880265,-26.416193,1604.4,0.42
49500.0,27.880547,-26.415821,1605.0,0.41
49550.0,27.880833,-26.415451,1605.4,0.4
49600.0,27.881118,-26.415081,1605.6,0.39
49650.0,27.881404,-26.414712,1605.8,0.38
49700.0,27.88169,-26.414342,1606.0,0.36
49750.0,27.881976,-26.413972,1606.0,0.34
49800.0,27.882261,-26.413602,1606.0,0.33
49850.0,27.882549,-26.413234,1606.0,0.31
49900.0,27.882847,-26.412872,1606.0,0.29
49950.0,27.883144,-26.41251,1606.0,0.27
50000.0,27.883438,-26.412145,1606.2,0.25
50050.0,27.883731,-26.41178,1606.8,0.23
50100.0,27.88402,-26.411412,1607.4,0.21
50150.0,27.884294,-26.411036,1608.2,0.19
50200.0,27.884569,-26.410659,1608.8,0.17
50250.0,27.88484,-26.410281,1609.2,0.16
50300.0,27.88511,-26.409902,1609.2,0.14
50350.0,27.885389,-26.409528,1608.8,0.13
50400.0,27.885675,-26.409158,1608.0,0.12
50450.0,27.88596,-26.408788,1607.4,0.1
50500.0,27.886246,-26.408419,1606.6,0.09
50550.0,27.886532,-26.408049,1605.8,0.09
50600.0,27.886817,-26.407679,1605.4,0.08
50650.0,27.887103,-26.407309,1605.2,0.08
50700.0,27.887388,-26.406939,1604.8,0.07
50750.0,27.88767,-26.406567,1604.6,0.07
50800.0,27.887953,-26.406196,1604.4,0.07
50850.0,27.888237,-26.405825,1604.2,0.08
50900.0,27.888519,-26.405453,1604.0,0.08
50950.0,27.8888,-26.40508,1604.0,0.09
51000.0,27.889084,-26.404709,1604.6,0.09
51050.0,27.88937,-26.40434,1605.2,0.1
51100.0,27.889656,-26.40397,1605.8,0.11
51150.0,27.889933,-26.403596,1606.4,0.13
51200.0,27.8902,-26.403215,1607.0,0.14
51250.0,27.890458,-26.402829,1607.0,0.16
51300.0,27.890712,-26.402441,1607.0,0.18
51350.0,27.890955,-26.402048,1607.0,0.2
51400.0,27.89119,-26.40165,1606.8,0.22
51450.0,27.891416,-26.401249,1606.4,0.24
51500.0,27.891636,-26.400845,1606.0,0.27
51550.0,27.891851,-26.400438,1605.6,0.29
51600.0,27.892055,-26.400028,1605.2,0.32
51650.0,27.892256,-26.399615,1605.0,0.35
51700.0,27.892441,-26.399198,1605.0,0.37
51750.0,27.892626,-26.39878,1605.0,0.4
51800.0,27.892801,-26.398358,1605.0,0.44
51850.0,27.89296,-26.397932,1605.0,0.47
51900.0,27.893117,-26.397505,1605.0,0.5
51950.0,27.893264,-26.397075,1605.0,0.53
52000.0,27.8934,-26.396642,1605.4,0.56
52050.0,27.893533,-26.396208,1605.8,0.6
52100.0,27.893655,-26.395772,1606.4,0.63
52150.0,27.893772,-26.395335,1607.0,0.66
52200.0,27.893882,-26.394896,1608.2,0.7
52250.0,27.89397,-26.394454,1609.0,0.73
52300.0,27.894051,-26.39401,1610.4,0.76
52350.0,27.894125,-26.393565,1611.6,0.8
52400.0,27.894202,-26.393121,1613.0,0.83
52450.0,27.894263,-26.392674,1613.8,0.86
52500.0,27.894313,-26.392227,1615.0,0.89
52550.0,27.894359,-26.391779,1615.6,0.92
52600.0,27.894395,-26.391331,1616.6,0.95
52650.0,27.894422,-26.390882,1618.0,0.98
52700.0,27.894435,-26.390432,1619.4,1.01
52750.0,27.894441,-26.389983,1620.8,1.04
52800.0,27.89444,-26.389533,1622.2,1.07
52850.0,27.894434,-26.389084,1623.2,1.09
52900.0,27.89442,-26.388634,1623.6,1.12
52950.0,27.894408,-26.388185,1624.2,1.14
53000.0,27.894406,-26.387735,1624.4,1.16
53050.0,27.894404,-26.387285,1624.6,1.18
53100.0,27.894403,-26.386836,1624.8,1.2
53150.0,27.894401,-26.386386,1625.6,1.22
53200.0,27.894399,-26.385936,1626.8,1.24
53250.0,27.894397,-26.385487,1628.2,1.25
53300.0,27.894403,-26.385037,1629.8,1.26
53350.0,27.894422,-26.384588,1631.4,1.27
53400.0,27.894453,-26.384139,1633.0,1.28
53450.0,27.894488,-26.38369,1634.0,1.28
53500.0,27.894525,-26.383242,1635.0,1.29
53550.0,27.894586,-26.382796,1635.8,1.28
53600.0,27.894644,-26.382349,1636.8,1.28
53650.0,27.8947,-26.381902,1637.2,1.27
53700.0,27.89478,-26.381458,1638.5,1.25
53750.0,27.894861,-26.381015,1640.5,1.24
53800.0,27.894944,-26.380571,1643.1,1.21
53850.0,27.895034,-26.380129,1645.5,1.19
53900.0,27.895136,-26.379688,1647.9,1.16
53950.0,27.89524,-26.379249,1649.4,1.12
54000.0,27.89536,-26.378812,1650.8,1.08
54050.0,27.895487,-26.378377,1651.6,1.03
54100.0,27.895614,-26.377942,1652.9,0.98
54150.0,27.895752,-26.37751,1654.7,0.92
54200.0,27.895892,-26.377078,1656.5,0.86
54250.0,27.896039,-26.376648,1658.3,0.8
54300.0,27.896185,-26.376218,1660.1,0.73
54350.0,27.896349,-26.375793,1661.9,0.66
54400.0,27.89652,-26.37537,1663.7,0.58
54450.0,27.896699,-26.37495,1665.7,0.5
54500.0,27.896885,-26.374532,1666.9,0.42
54550.0,27.897074,-26.374116,1668.5,0.33
54600.0,27.897269,-26.373701,1669.8,0.25
54650.0,27.897474,-26.373291,1670.6,0.16
54700.0,27.89768,-26.372881,1671.2,0.07
54750.0,27.897883,-26.37247,1671.8,-0.02
54800.0,27.898112,-26.37207,1672.0,-0.1
54850.0,27.898342,-26.37167,1672.0,-0.19
54900.0,27.898575,-26.371272,1671.8,-0.27
54950.0,27.898819,-26.370879,1671.4,-0.35
55000.0,27.899064,-26.370486,1670.8,-0.42
55050.0,27.899326,-26.370103,1670.2,-0.5
55100.0,27.899597,-26.369725,1669.1,-0.56
55150.0,27.899869,-26.369347,1667.7,-0.63
55200.0,27.90014,-26.368968,1665.4,-0.69
55250.0,27.900411,-26.36859,1662.2,-0.74
55300.0,27.90069,-26.368216,1658.6,-0.79
55350.0,27.900988,-26.367855,1654.7,-0.83
55400.0,27.901287,-26.367493,1650.9,-0.86
55450.0,27.901589,-26.367134,1648.2,-0.89
55500.0,27.901896,-26.366778,1646.4,-0.92
55550.0,27.902209,-26.366427,1644.6,-0.94
55600.0,27.902531,-26.366082,1643.0,-0.95
55650.0,27.902858,-26.365741,1641.8,-0.97
55700.0,27.903184,-26.365399,1640.1,-0.97
55750.0,27.903518,-26.365063,1638.1,-0.97
55800.0,27.903857,-26.364732,1636.3,-0.97
55850.0,27.904203,-26.364406,1634.9,-0.97
55900.0,27.904554,-26.364085,1633.5,-0.97
55950.0,27.904915,-26.363772,1632.6,-0.96
56000.0,27.905278,-26.363462,1632.2,-0.95
56050.0,27.905644,-26.363154,1632.0,-0.95
56100.0,27.906018,-26.362855,1632.0,-0.94
56150.0,27.906395,-26.362558,1632.0,-0.93
56200.0,27.906778,-26.362267,1632.2,-0.93
56250.0,27.907161,-26.361977,1632.4,-0.93
56300.0,27.907544,-26.361686,1633.0,-0.93
56350.0,27.907926,-26.361395,1633.6,-0.93
56400.0,27.908309,-26.361104,1634.2,-0.93
56450.0,27.908691,-26.360813,1634.6,-0.94
56500.0,27.909074,-26.360522,1635.2,-0.96
56550.0,27.909456,-26.360231,1635.4,-0.97
56600.0,27.909839,-26.35994,1635.6,-0.99
56650.0,27.910222,-26.359649,1635.8,-1.01
56700.0,27.910603,-26.359357,1636.0,-1.04
56750.0,27.910984,-26.359064,1635.6,-1.07
56800.0,27.911365,-26.358772,1634.8,-1.1
56850.0,27.911742,-26.358475,1633.8,-1.14
56900.0,27.912115,-26.358174,1632.6,-1.18
56950.0,27.912488,-26.357873,1631.4,-1.22
57000.0,27.912861,-26.357572,1630.6,-1.26
57050.0,27.91323,-26.357267,1629.8,-1.3
57100.0,27.9136,-26.356963,1629.0,-1.34
57150.0,27.913971,-26.356661,1628.4,-1.39
57200.0,27.914336,-26.356352,1627.3,-1.43
57250.0,27.914698,-26.356041,1625.7,-1.48
57300.0,27.915059,-26.355728,1624.5,-1.52
57350.0,27.915419,-26.355415,1623.0,-1.56
57400.0,27.915776,-26.3551,1621.0,-1.6
57450.0,27.916132,-26.354782,1618.7,-1.64
57500.0,27.916487,-26.354465,1616.9,-1.68
57550.0,27.916838,-26.354143,1614.3,-1.71
57600.0,27.917187,-26.35382,1611.7,-1.74
57650.0,27.91754,-26.353501,1609.1,-1.77
57700.0,27.91789,-26.353178,1607.3,-1.79
57750.0,27.918236,-26.352852,1604.9,-1.82
57800.0,27.918581,-26.352526,1602.7,-1.83
57850.0,27.918919,-26.352194,1600.2,-1.84
57900.0,27.919256,-26.351861,1598.0,-1.85
57950.0,27.919593,-26.351527,1595.8,-1.86
58000.0,27.91993,-26.351194,1593.6,-1.86
58050.0,27.920267,-26.350861,1592.0,-1.86
58100.0,27.920602,-26.350526,1590.6,-1.85
58150.0,27.920933,-26.350189,1588.8,-1.84
58200.0,27.921262,-26.349849,1586.2,-1.82
58250.0,27.92159,-26.349508,1584.2,-1.8
58300.0,27.921915,-26.349166,1582.2,-1.78
58350.0,27.922241,-26.348824,1580.3,-1.76
58400.0,27.922562,-26.348479,1578.5,-1.73
58450.0,27.92288,-26.348131,1577.0,-1.7
58500.0,27.923198,-26.347783,1575.0,-1.67
58550.0,27.923516,-26.347435,1573.0,-1.63
58600.0,27.923833,-26.347086,1570.9,-1.6
58650.0,27.92415,-26.346738,1568.7,-1.56
58700.0,27.92446,-26.346384,1566.4,-1.52
58750.0,27.924765,-26.346027,1564.6,-1.48
58800.0,27.92507,-26.34567,1562.6,-1.44
58850.0,27.925375,-26.345313,1561.2,-1.4
58900.0,27.92568,-26.344956,1560.4,-1.36
58950.0,27.92598,-26.344595,1559.8,-1.32
59000.0,27.926277,-26.344233,1559.2,-1.27
59050.0,27.926574,-26.343871,1558.8,-1.23
59100.0,27.926872,-26.343509,1558.4,-1.2
59150.0,27.927169,-26.343146,1558.0,-1.16
59200.0,27.927466,-26.342784,1557.8,-1.12
59250.0,27.927752,-26.342415,1557.6,-1.09
59300.0,27.928038,-26.342045,1557.2,-1.05
59350.0,27.92832,-26.341673,1556.8,-1.02
59400.0,27.928601,-26.3413,1556.2,-0.99
59450.0,27.928881,-26.340928,1555.8,-0.96
59500.0,27.929161,-26.340555,1555.2,-0.93
59550.0,27.929438,-26.340179,1554.8,-0.9
59600.0,27.929714,-26.339804,1554.0,-0.88
59650.0,27.929985,-26.339426,1553.4,-0.86
59700.0,27.930254,-26.339046,1552.6,-0.83
59750.0,27.930523,-26.338666,1552.0,-0.81
59800.0,27.930792,-26.338287,1551.0,-0.79
59850.0,27.93106,-26.337907,1550.4,-0.77
59900.0,27.931317,-26.337521,1549.6,-0.75
59950.0,27.931574,-26.337134,1549.0,-0.74
60000.0,27.93183,-26.336748,1548.4,-0.72
60050.0,27.932087,-26.336361,1548.2,-0.7
60100.0,27.932341,-26.335974,1548.0,-0.68
60150.0,27.932589,-26.335583,1548.0,-0.67
60200.0,27.932837,-26.335192,1548.0,-0.65
60250.0,27.933085,-26.334801,1547.4,-0.63
60300.0,27.933333,-26.33441,1546.8,-0.61
60350.0,27.933578,-26.334018,1545.6,-0.59
60400.0,27.93382,-26.333624,1544.4,-0.57
60450.0,27.93406,-26.333229,1542.6,-0.55
60500.0,27.934299,-26.332834,1541.4,-0.53
60550.0,27.934532,-26.332435,1540.2,-0.51
60600.0,27.934765,-26.332037,1539.4,-0.48
60650.0,27.934992,-26.331636,1538.6,-0.46
60700.0,27.935219,-26.331235,1538.4,-0.43
60750.0,27.935446,-26.330834,1538.0,-0.4
60800.0,27.935669,-26.330431,1537.4,-0.38
60850.0,27.935893,-26.330029,1537.0,-0.35
60900.0,27.936107,-26.329622,1536.4,-0.32
60950.0,27.936321,-26.329215,1535.6,-0.29
61000.0,27.936538,-26.32881,1535.0,-0.25
61050.0,27.936756,-26.328405,1534.6,-0.22
61100.0,27.936971,-26.327999,1534.2,-0.19
61150.0,27.937178,-26.327589,1534.0,-0.16
61200.0,27.937382,-26.327178,1534.2,-0.12
61250.0,27.937587,-26.326768,1534.4,-0.09
61300.0,27.937786,-26.326355,1535.2,-0.05
61350.0,27.93798,-26.32594,1536.0,-0.02
61400.0,27.938174,-26.325526,1536.8,0.02
61450.0,27.93837,-26.325112,1537.4,0.05
61500.0,27.938567,-26.324698,1537.8,0.09
61550.0,27.938758,-26.324282,1537.6,0.13
61600.0,27.938946,-26.323866,1537.4,0.16
61650.0,27.939134,-26.323449,1537.2,0.2
61700.0,27.939321,-26.323031,1537.2,0.23
61750.0,27.939494,-26.322609,1537.4,0.27
61800.0,27.939663,-26.322186,1537.6,0.31
61850.0,27.939836,-26.321764,1537.8,0.34
61900.0,27.940008,-26.321342,1538.0,0.38
61950.0,27.940181,-26.320919,1537.8,0.41
62000.0,27.940352,-26.320497,1537.6,0.45
62050.0,27.940521,-26.320073,1537.4,0.49
62100.0,27.940689,-26.31965,1537.2,0.52
62150.0,27.940849,-26.319223,1537.0,0.56
62200.0,27.941008,-26.318797,1537.0,0.59
62250.0,27.941167,-26.318371,1537.0,0.63
62300.0,27.941323,-26.317943,1537.0,0.66
62350.0,27.941473,-26.317514,1537.9,0.7
62400.0,27.941613,-26.317082,1539.7,0.73
62450.0,27.941753,-26.316651,1541.9,0.77
62500.0,27.941893,-26.316219,1544.1,0.8
62550.0,27.942033,-26.315787,1546.5,0.83
62600.0,27.942173,-26.315355,1548.0,0.87
62650.0,27.942313,-26.314924,1548.8,0.9
62700.0,27.942453,-26.314492,1549.2,0.93
62750.0,27.942589,-26.314059,1549.8,0.96
62800.0,27.94272,-26.313625,1550.2,1.0
62850.0,27.94285,-26.313191,1550.6,1.03
62900.0,27.942981,-26.312756,1550.8,1.06
62950.0,27.943112,-26.312322,1551.4,1.09
63000.0,27.943243,-26.311888,1551.8,1.12
63050.0,27.943373,-26.311454,1552.6,1.15
63100.0,27.943504,-26.31102,1553.4,1.18
63150.0,27.943619,-26.310582,1554.6,1.21
63200.0,27.943734,-26.310145,1555.4,1.23
63250.0,27.943846,-26.309706,1556.8,1.26
63300.0,27.943957,-26.309268,1557.8,1.29
63350.0,27.944064,-26.308828,1558.8,1.31
63400.0,27.944162,-26.308388,1559.4,1.34
63450.0,27.944261,-26.307947,1560.2,1.36
63500.0,27.94436,-26.307506,1561.2,1.38
63550.0,27.944458,-26.307065,1562.2,1.4
63600.0,27.94455,-26.306623,1563.7,1.42
63650.0,27.944641,-26.306181,1565.7,1.43
63700.0,27.944732,-26.305738,1568.3,1.45
63750.0,27.944822,-26.305296,1570.1,1.46
63800.0,27.944906,-26.304853,1572.1,1.47
63850.0,27.944986,-26.304409,1573.6,1.48
63900.0,27.945064,-26.303965,1575.4,1.49
63950.0,27.945142,-26.30352,1576.4,1.49
64000.0,27.94522,-26.303076,1577.9,1.5
64050.0,27.945296,-26.302632,1579.7,1.5
64100.0,27.94536,-26.302186,1581.7,1.5
64150.0,27.945424,-26.30174,1582.9,1.49
64200.0,27.945487,-26.301294,1584.5,1.49
64250.0,27.945551,-26.300848,1586.4,1.49
64300.0,27.945615,-26.300402,1587.8,1.48
64350.0,27.945668,-26.299955,1589.2,1.47
64400.0,27.945719,-26.299507,1590.6,1.46
64450.0,27.945767,-26.29906,1592.2,1.45
64500.0,27.9458,-26.298611,1593.6,1.44
64550.0,27.945834,-26.298162,1595.8,1.43
64600.0,27.945874,-26.297714,1597.8,1.42
64650.0,27.945917,-26.297266,1600.4,1.41
64700.0,27.945961,-26.296818,1602.4,1.4
64750.0,27.945998,-26.29637,1603.8,1.39
64800.0,27.946028,-26.295921,1604.4,1.39
64850.0,27.946058,-26.295472,1605.0,1.38
64900.0,27.946087,-26.295023,1605.4,1.38
64950.0,27.946117,-26.294575,1605.8,1.38
65000.0,27.946146,-26.294126,1606.4,1.38
65050.0,27.946173,-26.293677,1607.0,1.38
65100.0,27.946203,-26.293228,1607.8,1.38
65150.0,27.946224,-26.292778,1608.2,1.39
65200.0,27.946246,-26.292329,1608.6,1.39
65250.0,27.946268,-26.29188,1608.8,1.4
65300.0,27.946289,-26.291431,1609.0,1.42
65350.0,27.946311,-26.290982,1609.0,1.43
65400.0,27.946332,-26.290532,1609.2,1.44
65450.0,27.946354,-26.290083,1609.4,1.46
65500.0,27.946375,-26.289634,1609.8,1.47
65550.0,27.946397,-26.289185,1610.4,1.49
65600.0,27.946418,-26.288735,1611.0,1.5
65650.0,27.94644,-26.288286,1612.0,1.52
65700.0,27.94646,-26.287837,1613.0,1.53
65750.0,27.946481,-26.287387,1614.4,1.55
65800.0,27.946502,-26.286938,1615.6,1.56
65850.0,27.946523,-26.286489,1617.3,1.57
65900.0,27.946544,-26.28604,1618.9,1.58
65950.0,27.946565,-26.28559,1621.2,1.58
66000.0,27.946586,-26.285141,1623.6,1.58
66050.0,27.94661,-26.284692,1626.6,1.58
66100.0,27.946632,-26.284243,1629.1,1.58
66150.0,27.946654,-26.283794,1632.0,1.57
66200.0,27.946676,-26.283344,1635.2,1.56
66250.0,27.946698,-26.282895,1638.6,1.55
66300.0,27.94672,-26.282446,1642.0,1.54
66350.0,27.946741,-26.281997,1645.4,1.52
66400.0,27.946761,-26.281547,1648.5,1.5
66450.0,27.946781,-26.281098,1651.2,1.48
66500.0,27.946797,-26.280649,1653.4,1.45
66550.0,27.946804,-26.280199,1655.0,1.43
66600.0,27.946821,-26.27975,1657.0,1.4
66650.0,27.946839,-26.2793,1658.4,1.38
66700.0,27.946858,-26.278851,1659.4,1.35
66750.0,27.946879,-26.278402,1660.0,1.33
66800.0,27.94691,-26.277953,1660.6,1.3
66850.0,27.946958,-26.277505,1660.8,1.28
66900.0,27.946985,-26.277057,1661.0,1.26
66950.0,27.947007,-26.276607,1660.6,1.24
67000.0,27.94703,-26.276158,1660.2,1.22
67050.0,27.947044,-26.275709,1659.6,1.21
67100.0,27.947065,-26.27526,1659.0,1.2
67150.0,27.94711,-26.274812,1658.2,1.19
67200.0,27.94717,-26.274366,1657.8,1.18
67250.0,27.947258,-26.273923,1657.4,1.18
67300.0,27.947352,-26.273481,1657.0,1.18
67350.0,27.947461,-26.273042,1656.6,1.18
67400.0,27.947587,-26.272607,1656.6,1.18
67450.0,27.947726,-26.272175,1656.6,1.19
67500.0,27.947893,-26.271751,1656.6,1.19
67550.0,27.94807,-26.271331,1656.8,1.2
67600.0,27.948254,-26.270913,1657.0,1.21
67650.0,27.948457,-26.270501,1657.6,1.21
67700.0,27.948666,-26.270093,1658.2,1.22
67750.0,27.948903,-26.269697,1659.4,1.22
67800.0,27.949156,-26.269308,1661.2,1.22
67850.0,27.949423,-26.268928,1663.6,1.22
67900.0,27.949696,-26.268551,1666.5,1.22
67950.0,27.949989,-26.268186,1670.5,1.21
68000.0,27.950292,-26.267828,1674.3,1.2
68050.0,27.950605,-26.267477,1677.5,1.19
68100.0,27.950928,-26.267133,1680.8,1.18
68150.0,27.951269,-26.266803,1683.7,1.16
68200.0,27.951624,-26.266486,1685.5,1.13
68250.0,27.95199,-26.266179,1687.5,1.11
68300.0,27.952366,-26.265881,1690.1,1.08
68350.0,27.952752,-26.265594,1692.0,1.05
68400.0,27.953149,-26.265319,1693.7,1.01
68450.0,27.953556,-26.265057,1695.9,0.98
68500.0,27.953969,-26.264801,1697.5,0.94
68550.0,27.954391,-26.26456,1698.5,0.9
68600.0,27.954816,-26.26432,1699.5,0.86
68650.0,27.955243,-26.264085,1700.4,0.83
68700.0,27.955671,-26.263851,1700.8,0.79
68750.0,27.9561,-26.263618,1701.2,0.75
68800.0,27.95653,-26.263386,1701.6,0.71
68850.0,27.956961,-26.263156,1701.4,0.68
68900.0,27.957378,-26.262907,1700.6,0.65
68950.0,27.957793,-26.262655,1699.6,0.62
69000.0,27.958194,-26.262385,1698.6,0.59
69050.0,27.958592,-26.262111,1697.0,0.57
69100.0,27.958971,-26.261817,1695.8,0.54
69150.0,27.959345,-26.261518,1694.8,0.52
69200.0,27.959704,-26.261204,1693.3,0.51
69250.0,27.960051,-26.260879,1691.1,0.49
69300.0,27.960387,-26.260546,1688.7,0.48
69350.0,27.960708,-26.2602,1686.5,0.47
69400.0,27.961019,-26.259848,1684.3,0.46
69450.0,27.961316,-26.259485,1682.8,0.45
69500.0,27.961598,-26.259114,1682.0,0.44
69550.0,27.961874,-26.258739,1683.0,0.43
69600.0,27.96213,-26.258352,1685.0,0.43
69650.0,27.962367,-26.257956,1687.7,0.42
69700.0,27.962584,-26.257551,1691.1,0.41
69750.0,27.962796,-26.257143,1695.0,0.4
69800.0,27.962992,-26.256729,1698.4,0.38
69850.0,27.96317,-26.256309,1700.8,0.37
69900.0,27.963329,-26.255882,1702.5,0.35
69950.0,27.963477,-26.255453,1704.2,0.33
70000.0,27.963609,-26.255019,1706.1,0.31
70050.0,27.963722,-26.254581,1707.5,0.28
70100.0,27.963822,-26.25414,1708.9,0.26
70150.0,27.963904,-26.253697,1710.3,0.23
70200.0,27.963972,-26.253251,1711.0,0.19
70250.0,27.964025,-26.252804,1711.0,0.16
70300.0,27.964072,-26.252357,1711.2,0.12
70350.0,27.964103,-26.251908,1711.4,0.08
70400.0,27.96412,-26.251459,1711.2,0.04
70450.0,27.964125,-26.251009,1711.0,0.0
70500.0,27.964114,-26.250559,1710.8,-0.04
70550.0,27.964094,-26.25011,1710.4,-0.08
70600.0,27.964065,-26.249661,1709.4,-0.12
70650.0,27.964018,-26.249214,1708.6,-0.16
70700.0,27.96396,-26.248767,1707.8,-0.19
70750.0,27.963891,-26.248322,1706.2,-0.23
70800.0,27.963809,-26.247878,1704.6,-0.26
70850.0,27.963713,-26.247437,1703.4,-0.29
70900.0,27.963601,-26.246998,1702.4,-0.32
70950.0,27.963486,-26.246561,1701.4,-0.35
71000.0,27.963368,-26.246124,1701.2,-0.37
71050.0,27.963235,-26.24569,1701.0,-0.38
71100.0,27.963091,-26.24526,1701.0,-0.4
71150.0,27.962952,-26.244828,1700.8,-0.41
71200.0,27.962816,-26.244395,1700.6,-0.41
71250.0,27.962679,-26.243962,1699.8,-0.42
71300.0,27.962541,-26.24353,1699.0,-0.41
71350.0,27.962402,-26.243098,1697.7,-0.41
71400.0,27.962262,-26.242666,1696.1,-0.4
71450.0,27.96213,-26.242232,1694.1,-0.39
71500.0,27.961999,-26.241798,1692.7,-0.37
71550.0,27.961868,-26.241364,1690.9,-0.35
71600.0,27.961737,-26.24093,1689.6,-0.33
71650.0,27.961606,-26.240496,1688.8,-0.31
71700.0,27.961475,-26.240062,1688.4,-0.29
71750.0,27.961344,-26.239628,1688.0,-0.27
71800.0,27.961213,-26.239194,1687.6,-0.24
71850.0,27.961082,-26.23876,1687.2,-0.22
71900.0,27.960963,-26.238323,1686.6,-0.2
71950.0,27.960861,-26.237883,1686.0,-0.17
72000.0,27.960759,-26.237443,1685.4,-0.15
72050.0,27.960641,-26.237006,1685.2,-0.13
72100.0,27.960536,-26.236566,1685.6,-0.12
72150.0,27.960451,-26.236123,1686.2,-0.1
72200.0,27.960389,-26.235677,1687.2,-0.09
72250.0,27.960342,-26.23523,1688.2,-0.09
72300.0,27.960303,-26.234781,1689.4,-0.08
72350.0,27.96028,-26.234333,1690.0,-0.09
72400.0,27.960282,-26.233883,1691.2,-0.09
72450.0,27.960285,-26.233433,1692.0,-0.1
72500.0,27.960336,-26.232986,1693.5,-0.11
72550.0,27.960388,-26.232539,1695.4,-0.13
72600.0,27.960446,-26.232092,1698.0,-0.15
72650.0,27.960508,-26.231646,1700.0,-0.18
72700.0,27.96057,-26.2312,1702.0,-0.21
72750.0,27.960662,-26.230758,1703.3,-0.24
72800.0,27.960757,-26.230316,1704.0,-0.27
72850.0,27.960853,-26.229875,1703.4,-0.31
72900.0,27.960949,-26.229433,1702.8,-0.35
72950.0,27.961045,-26.228992,1701.4,-0.39
73000.0,27.961142,-26.228551,1700.0,-0.43
73050.0,27.96124,-26.22811,1698.6,-0.48
73100.0,27.961314,-26.227666,1697.8,-0.52
73150.0,27.961358,-26.227218,1696.8,-0.56
73200.0,27.961392,-26.226769,1696.6,-0.6
73250.0,27.961406,-26.22632,1696.2,-0.64
73300.0,27.961413,-26.22587,1695.4,-0.68
73350.0,27.961408,-26.225421,1694.6,-0.71
73400.0,27.961381,-26.224972,1693.2,-0.75
73450.0,27.96133,-26.224525,1691.8,-0.77
73500.0,27.961251,-26.224081,1689.8,-0.8
73550.0,27.961159,-26.223639,1688.2,-0.82
73600.0,27.961052,-26.2232,1686.0,-0.84
73650.0,27.960944,-26.222761,1684.4,-0.85
73700.0,27.960837,-26.222321,1682.6,-0.86
73750.0,27.96073,-26.221882,1681.6,-0.86
73800.0,27.960606,-26.221447,1679.8,-0.86
73850.0,27.960476,-26.221012,1678.6,-0.85
73900.0,27.960346,-26.220578,1677.6,-0.84
73950.0,27.960216,-26.220144,1676.4,-0.82
74000.0,27.960086,-26.219709,1675.2,-0.8
74050.0,27.959956,-26.219275,1674.8,-0.78
74100.0,27.959827,-26.218841,1673.9,-0.75
74150.0,27.959697,-26.218406,1672.5,-0.72
74200.0,27.959567,-26.217972,1671.5,-0.69
74250.0,27.959437,-26.217538,1669.7,-0.65
74300.0,27.959307,-26.217103,1667.9,-0.61
74350.0,27.959177,-26.216669,1665.8,-0.57
74400.0,27.959047,-26.216235,1664.2,-0.53
74450.0,27.958916,-26.215801,1662.4,-0.49
74500.0,27.958783,-26.215367,1661.4,-0.46
74550.0,27.958652,-26.214933,1660.0,-0.42
74600.0,27.958521,-26.214499,1659.4,-0.38
74650.0,27.958387,-26.214066,1658.8,-0.34
74700.0,27.958252,-26.213633,1658.4,-0.31
74750.0,27.958118,-26.2132,1658.2,-0.28
74800.0,27.957984,-26.212766,1658.4,-0.26
74850.0,27.957862,-26.21233,1659.3,-0.23
74900.0,27.957741,-26.211894,1660.9,-0.21
74950.0,27.957623,-26.211457,1663.4,-0.2
75000.0,27.957503,-26.21102,1666.6,-0.19
75050.0,27.957374,-26.210586,1670.6,-0.18
75100.0,27.957245,-26.210151,1673.9,-0.17
75150.0,27.957116,-26.209717,1676.7,-0.17
75200.0,27.956984,-26.209283,1678.6,-0.18
75250.0,27.956853,-26.208849,1679.4,-0.18
75300.0,27.956721,-26.208415,1679.4,-0.19
75350.0,27.956587,-26.207982,1679.2,-0.2
75400.0,27.956453,-26.207549,1678.8,-0.22
75450.0,27.956319,-26.207115,1678.4,-0.23
75500.0,27.956185,-26.206682,1678.2,-0.25
75550.0,27.956051,-26.206249,1677.6,-0.27
75600.0,27.955915,-26.205816,1676.7,-0.29
75650.0,27.955763,-26.205387,1675.3,-0.3
75700.0,27.955612,-26.204959,1673.5,-0.32
75750.0,27.955449,-26.204534,1671.7,-0.34
75800.0,27.955274,-26.204112,1670.1,-0.35
75850.0,27.9551,-26.203691,1669.0,-0.36
75900.0,27.954913,-26.203273,1667.8,-0.37
75950.0,27.954725,-26.202857,1667.0,-0.37
76000.0,27.954536,-26.20244,1665.6,-0.38
76050.0,27.954339,-26.202027,1664.4,-0.38
76100.0,27.954136,-26.201616,1662.6,-0.37
76150.0,27.953933,-26.201204,1661.4,-0.36
76200.0,27.953728,-26.200794,1659.6,-0.35
76250.0,27.953519,-26.200386,1658.4,-0.34
76300.0,27.953309,-26.199977,1657.0,-0.32
76350.0,27.9531,-26.199569,1656.2,-0.3
76400.0,27.952891,-26.19916,1655.4,-0.27
76450.0,27.952681,-26.198751,1655.2,-0.24
76500.0,27.952472,-26.198343,1655.0,-0.2
76550.0,27.952262,-26.197935,1655.0,-0.17
76600.0,27.952052,-26.197526,1655.0,-0.13
76650.0,27.951842,-26.197118,1655.4,-0.08
76700.0,27.951632,-26.19671,1655.8,-0.04
76750.0,27.951423,-26.196301,1656.2,0.01
76800.0,27.951213,-26.195893,1656.8,0.06
76850.0,27.951003,-26.195485,1657.6,0.12
76900.0,27.950793,-26.195076,1658.0,0.18
76950.0,27.950584,-26.194668,1658.6,0.23
77000.0,27.950374,-26.194259,1659.2,0.3
77050.0,27.950167,-26.19385,1659.6,0.36
77100.0,27.949961,-26.19344,1659.8,0.42
77150.0,27.949752,-26.193031,1660.0,0.49
77200.0,27.949538,-26.192625,1659.8,0.56
77250.0,27.949326,-26.192217,1659.4,0.63
77300.0,27.949116,-26.191809,1659.0,0.7
77350.0,27.948906,-26.191401,1658.6,0.77
77400.0,27.948696,-26.190992,1658.2,0.85
77450.0,27.948494,-26.190581,1658.0,0.92
77500.0,27.9483,-26.190167,1657.8,0.99
77550.0,27.948092,-26.189757,1657.6,1.07
77600.0,27.947884,-26.189348,1657.4,1.14
77650.0,27.947676,-26.188939,1657.6,1.22
77700.0,27.947468,-26.18853,1657.8,1.29
77750.0,27.947259,-26.188121,1659.1,1.36
77800.0,27.947051,-26.187712,1661.3,1.43
77850.0,27.946841,-26.187304,1664.1,1.5
77900.0,27.946632,-26.186895,1666.5,1.56
77950.0,27.946422,-26.186487,1668.9,1.63
78000.0,27.946213,-26.186078,1670.8,1.68
78050.0,27.946006,-26.185669,1672.6,1.74
78100.0,27.945815,-26.185253,1674.6,1.79
78150.0,27.945646,-26.18483,1677.4,1.84
78200.0,27.945505,-26.184399,1680.2,1.88
78250.0,27.945393,-26.183961,1683.0,1.91
78300.0,27.945311,-26.183517,1685.0,1.94
78350.0,27.945246,-26.183072,1686.4,1.97
78400.0,27.945218,-26.182623,1687.0,1.98
78450.0,27.94521,-26.182173,1688.7,1.99
78500.0,27.94521,-26.181724,1691.1,1.99
78550.0,27.945213,-26.181275,1693.5,1.99
78600.0,27.94525,-26.180826,1696.3,1.97
78650.0,27.945287,-26.180378,1699.7,1.95
78700.0,27.945314,-26.179929,1702.7,1.92
78750.0,27.945341,-26.17948,1705.3,1.89
78800.0,27.945328,-26.179031,1708.4,1.84
78850.0,27.945292,-26.178582,1711.4,1.79
78900.0,27.945228,-26.178136,1714.2,1.73
78950.0,27.945153,-26.177692,1717.6,1.66
79000.0,27.945056,-26.177251,1721.6,1.58
79050.0,27.944934,-26.176815,1725.1,1.5
79100.0,27.944805,-26.17638,1728.3,1.41
79150.0,27.944656,-26.175951,1731.1,1.32
79200.0,27.944503,-26.175523,1733.1,1.21
79250.0,27.94435,-26.175095,1734.3,1.11
79300.0,27.944197,-26.174667,1735.7,1.0
79350.0,27.944042,-26.174239,1736.9,0.88
79400.0,27.943887,-26.173811,1738.7,0.77
79450.0,27.943737,-26.173382,1740.0,0.65
79500.0,27.943587,-26.172953,1740.8,0.52
79550.0,27.943434,-26.172525,1741.4,0.4
79600.0,27.94328,-26.172097,1742.0,0.27
79650.0,27.943127,-26.171669,1741.6,0.15
79700.0,27.942974,-26.171241,1741.2,0.03
79750.0,27.942826,-26.170811,1740.2,-0.1
79800.0,27.94268,-26.170381,1739.0,-0.22
79850.0,27.942537,-26.16995,1737.6,-0.34
79900.0,27.942395,-26.169519,1736.6,-0.45
79950.0,27.942218,-26.169098,1735.1,-0.57
80000.0,27.942034,-26.16868,1733.7,-0.68
80050.0,27.941814,-26.168277,1732.5,-0.78
80100.0,27.941562,-26.167888,1730.7,-0.88
80150.0,27.941286,-26.167513,1728.7,-0.98
80200.0,27.940995,-26.167147,1726.8,-1.07
80250.0,27.940671,-26.166804,1725.0,-1.15
80300.0,27.940346,-26.166462,1723.2,-1.23
80350.0,27.939993,-26.166143,1721.6,-1.31
80400.0,27.939618,-26.165845,1719.6,-1.38
80450.0,27.939225,-26.165567,1718.0,-1.44
80500.0,27.938822,-26.1653,1716.3,-1.5
80550.0,27.938419,-26.165032,1714.1,-1.56
80600.0,27.938016,-26.164765,1712.3,-1.61
80650.0,27.937613,-26.164498,1710.5,-1.65
80700.0,27.93721,-26.164231,1708.1,-1.69
80750.0,27.936807,-26.163963,1706.2,-1.73
80800.0,27.936405,-26.163696,1704.4,-1.76
80850.0,27.936002,-26.163428,1702.4,-1.79
80900.0,27.935601,-26.163159,1701.0,-1.81
80950.0,27.9352,-26.162889,1699.7,-1.84
81000.0,27.934799,-26.162619,1697.9,-1.85
81050.0,27.934398,-26.16235,1696.1,-1.87
81100.0,27.933997,-26.16208,1694.2,-1.88
81150.0,27.933596,-26.161811,1691.8,-1.89
81200.0,27.933195,-26.161541,1689.5,-1.9
81250.0,27.932795,-26.161271,1687.5,-1.91
81300.0,27.932394,-26.161002,1685.1,-1.92
81350.0,27.931993,-26.160732,1683.2,-1.92
81400.0,27.931592,-26.160462,1681.6,-1.92
81450.0,27.931191,-26.160192,1680.4,-1.93
81500.0,27.93079,-26.159923,1679.4,-1.93
81550.0,27.930393,-26.159649,1678.4,-1.93
81600.0,27.930001,-26.159369,1677.0,-1.93
81650.0,27.929609,-26.159088,1675.8,-1.93
81700.0,27.929229,-26.158796,1674.4,-1.93
81750.0,27.928881,-26.158474,1672.6,-1.93
81800.0,27.928557,-26.158131,1671.2,-1.93
81850.0,27.928263,-26.157768,1670.2,-1.93
81900.0,27.928011,-26.157379,1669.2,-1.93
81950.0,27.927784,-26.156979,1667.2,-1.93
82000.0,27.927586,-26.156566,1664.4,-1.94
82050.0,27.927396,-26.15615,1662.0,-1.94
82100.0,27.927228,-26.155727,1659.4,-1.94
82150.0,27.927107,-26.15529,1656.8,-1.94
82200.0,27.927023,-26.154848,1655.2,-1.94
82250.0,27.926981,-26.1544,1654.8,-1.94
82300.0,27.926948,-26.153951,1653.8,-1.93
82350.0,27.926959,-26.153501,1653.0,-1.93
82400.0,27.926981,-26.153052,1652.0,-1.93
82450.0,27.92704,-26.152606,1650.7,-1.92
82500.0,27.927151,-26.152168,1648.9,-1.92
82550.0,27.927279,-26.151733,1647.1,-1.91
82600.0,27.927438,-26.151307,1645.3,-1.9
82650.0,27.92764,-26.150896,1643.3,-1.89
82700.0,27.927843,-26.150485,1641.6,-1.88
82750.0,27.928045,-26.150073,1639.8,-1.87
82800.0,27.928248,-26.149662,1637.8,-1.85
82850.0,27.928451,-26.149251,1635.8,-1.83
82900.0,27.928653,-26.14884,1633.8,-1.81
82950.0,27.928856,-26.148429,1631.2,-1.79
83000.0,27.92906,-26.148018,1628.8,-1.76
83050.0,27.929265,-26.147608,1626.8,-1.74
83100.0,27.92947,-26.147197,1624.8,-1.71
83150.0,27.929674,-26.146787,1622.6,-1.67
83200.0,27.929879,-26.146376,1620.4,-1.64
83250.0,27.930083,-26.145966,1618.6,-1.6
83300.0,27.93029,-26.145556,1616.6,-1.56
83350.0,27.930498,-26.145147,1614.0,-1.52
83400.0,27.930706,-26.144738,1611.4,-1.48
83450.0,27.930913,-26.144329,1609.6,-1.44
83500.0,27.93112,-26.143919,1607.6,-1.39
83550.0,27.931327,-26.14351,1606.2,-1.35
83600.0,27.931533,-26.1431,1605.0,-1.3
83650.0,27.931731,-26.142687,1604.4,-1.26
83700.0,27.931929,-26.142274,1603.8,-1.21
83750.0,27.932127,-26.141861,1603.4,-1.17
83800.0,27.932341,-26.141454,1603.0,-1.12
83850.0,27.932559,-26.14105,1603.0,-1.08
83900.0,27.932767,-26.140641,1602.6,-1.03
83950.0,27.932974,-26.140231,1602.2,-0.99
84000.0,27.933194,-26.139827,1601.6,-0.95
84050.0,27.933413,-26.139423,1601.0,-0.92
84100.0,27.933632,-26.139018,1599.8,-0.88
84150.0,27.933851,-26.138614,1599.0,-0.85
84200.0,27.934077,-26.138213,1598.2,-0.82
84250.0,27.934303,-26.137811,1597.6,-0.79
84300.0,27.934537,-26.137414,1597.4,-0.76
84350.0,27.934789,-26.137025,1597.8,-0.74
84400.0,27.935047,-26.13664,1598.2,-0.72
84450.0,27.935306,-26.136255,1598.6,-0.71
84500.0,27.935565,-26.13587,1599.0,-0.69
84550.0,27.935788,-26.135468,1598.8,-0.68
84600.0,27.93602,-26.13507,1598.6,-0.68
84650.0,27.936276,-26.134684,1598.4,-0.67
84700.0,27.936533,-26.134297,1598.2,-0.67
84750.0,27.936789,-26.133911,1597.8,-0.68
84800.0,27.937045,-26.133524,1597.4,-0.68
84850.0,27.937299,-26.133137,1597.0,-0.69
84900.0,27.937554,-26.13275,1596.6,-0.71
84950.0,27.937809,-26.132363,1596.0,-0.72
85000.0,27.938064,-26.131976,1595.4,-0.74
85050.0,27.938318,-26.131589,1594.8,-0.76
85100.0,27.938572,-26.131201,1594.2,-0.78
85150.0,27.938827,-26.130814,1593.6,-0.8
85200.0,27.939081,-26.130426,1593.0,-0.83
85250.0,27.939336,-26.130039,1592.6,-0.86
85300.0,27.939591,-26.129652,1592.2,-0.89
85350.0,27.939845,-26.129265,1591.8,-0.92
85400.0,27.9401,-26.128878,1591.0,-0.95
85450.0,27.940355,-26.12849,1590.2,-0.99
85500.0,27.940609,-26.128103,1589.2,-1.02
85550.0,27.940864,-26.127716,1588.4,-1.05
85600.0,27.941118,-26.127329,1587.6,-1.09
85650.0,27.941373,-26.126942,1587.2,-1.12
85700.0,27.941628,-26.126554,1586.6,-1.16
85750.0,27.941882,-26.126167,1585.8,-1.19
85800.0,27.942151,-26.125788,1585.0,-1.22
85850.0,27.942422,-26.12541,1584.2,-1.25
85900.0,27.942706,-26.125039,1583.4,-1.28
85950.0,27.942997,-26.124674,1582.4,-1.3
86000.0,27.943312,-26.124324,1581.8,-1.33
86050.0,27.94363,-26.123976,1580.7,-1.35
86100.0,27.943968,-26.123645,1579.1,-1.36
86150.0,27.944307,-26.123314,1577.3,-1.38
86200.0,27.944659,-26.122994,1575.5,-1.38
86250.0,27.945012,-26.122675,1573.1,-1.39
86300.0,27.945364,-26.122356,1571.2,-1.39
86350.0,27.945717,-26.122036,1569.0,-1.39
86400.0,27.946069,-26.121717,1566.6,-1.38
86450.0,27.946424,-26.121399,1564.8,-1.37
86500.0,27.946779,-26.121082,1563.4,-1.35
86550.0,27.947134,-26.120765,1562.0,-1.33
86600.0,27.947492,-26.12045,1560.7,-1.3
86650.0,27.947854,-26.12014,1559.1,-1.27
86700.0,27.948216,-26.119829,1557.5,-1.24
86750.0,27.948579,-26.119519,1554.9,-1.2
86800.0,27.94894,-26.119208,1551.1,-1.16
86850.0,27.949295,-26.11889,1547.0,-1.12
86900.0,27.94965,-26.118573,1542.6,-1.07
86950.0,27.950005,-26.118256,1538.2,-1.03
87000.0,27.95036,-26.117939,1535.0,-0.98
87050.0,27.950715,-26.117622,1533.0,-0.93
87100.0,27.951068,-26.117303,1533.0,-0.89
87150.0,27.95142,-26.116983,1535.0,-0.84
87200.0,27.951773,-26.116664,1537.0,-0.8
87250.0,27.952125,-26.116345,1539.0,-0.76
87300.0,27.952478,-26.116025,1541.0,-0.72
87350.0,27.95283,-26.115706,1541.8,-0.68
87400.0,27.953183,-26.115386,1541.2,-0.65
87450.0,27.953536,-26.115068,1540.6,-0.62
87500.0,27.95389,-26.114749,1540.0,-0.59
87550.0,27.954244,-26.114431,1539.4,-0.58
87600.0,27.954598,-26.114113,1539.0,-0.56
87650.0,27.954951,-26.113795,1539.8,-0.55
87700.0,27.955305,-26.113477,1541.2,-0.55
87750.0,27.955641,-26.113143,1543.0,-0.55
87800.0,27.955967,-26.112802,1545.4,-0.56
87850.0,27.956281,-26.112451,1548.4,-0.57
87900.0,27.956592,-26.112099,1550.6,-0.59
87950.0,27.95688,-26.111731,1552.2,-0.61
88000.0,27.957173,-26.111366,1552.6,-0.63
88050.0,27.957445,-26.110989,1552.4,-0.66
88100.0,27.957703,-26.110604,1551.6,-0.69
88150.0,27.957954,-26.110214,1550.8,-0.72
88200.0,27.958203,-26.109824,1549.6,-0.75
88250.0,27.958438,-26.109427,1549.2,-0.78
88300.0,27.958667,-26.109027,1548.6,-0.82
88350.0,27.958895,-26.108627,1547.4,-0.85
88400.0,27.959123,-26.108227,1545.6,-0.89
88450.0,27.959351,-26.107826,1544.2,-0.92
88500.0,27.959578,-26.107426,1542.3,-0.95
88550.0,27.959806,-26.107026,1540.1,-0.97
88600.0,27.960034,-26.106625,1537.9,-1.0
88650.0,27.960265,-26.106226,1536.3,-1.02
88700.0,27.960498,-26.105828,1534.1,-1.03
88750.0,27.96073,-26.10543,1531.8,-1.05
88800.0,27.960963,-26.105032,1530.0,-1.05
88850.0,27.961196,-26.104633,1528.2,-1.06
88900.0,27.961427,-26.104235,1526.2,-1.06
88950.0,27.961656,-26.103835,1524.3,-1.06
89000.0,27.961886,-26.103435,1522.5,-1.05
89050.0,27.962116,-26.103036,1520.0,-1.04
89100.0,27.962346,-26.102637,1517.4,-1.02
89150.0,27.962576,-26.102237,1514.5,-1.0
89200.0,27.962809,-26.101839,1511.6,-0.98
89250.0,27.963041,-26.101441,1509.2,-0.96
89300.0,27.963272,-26.101042,1507.5,-0.94
89350.0,27.963507,-26.100645,1506.5,-0.91
89400.0,27.963743,-26.100248,1506.2,-0.88
89450.0,27.963978,-26.099851,1506.8,-0.85
89500.0,27.964213,-26.099454,1507.4,-0.83
89550.0,27.964448,-26.099057,1508.2,-0.8
89600.0,27.964684,-26.09866,1509.5,-0.77
89650.0,27.96491,-26.098259,1511.1,-0.74
89700.0,27.965139,-26.097859,1512.3,-0.71
89750.0,27.965371,-26.097461,1513.5,-0.69
89800.0,27.965603,-26.097062,1514.5,-0.66
89850.0,27.965832,-26.096662,1515.0,-0.64
89900.0,27.966051,-26.096258,1514.8,-0.62
89950.0,27.966256,-26.095848,1514.6,-0.6
90000.0,27.96644,-26.09543,1513.6,-0.59
90050.0,27.966616,-26.095009,1512.6,-0.57
90100.0,27.966782,-26.094584,1511.6,-0.56
90150.0,27.966929,-26.094155,1510.6,-0.55
90200.0,27.967064,-26.093722,1509.6,-0.55
90250.0,27.967186,-26.093286,1509.4,-0.54
90300.0,27.967302,-26.092848,1508.8,-0.54
90350.0,27.967412,-26.09241,1507.8,-0.54
90400.0,27.967522,-26.091971,1507.0,-0.55
90450.0,27.967632,-26.091532,1505.7,-0.55
90500.0,27.967742,-26.091094,1503.9,-0.56
90550.0,27.967852,-26.090655,1502.5,-0.57
90600.0,27.967964,-26.090217,1501.5,-0.58
90650.0,27.968077,-26.089779,1500.5,-0.59
90700.0,27.96819,-26.08934,1500.2,-0.61
90750.0,27.968302,-26.088902,1501.2,-0.63
90800.0,27.968414,-26.088464,1502.2,-0.65
90850.0,27.968526,-26.088026,1503.4,-0.67
90900.0,27.968639,-26.087588,1504.6,-0.69
90950.0,27.968751,-26.087149,1505.6,-0.71
91000.0,27.968864,-26.086711,1505.8,-0.74
91050.0,27.968977,-26.086273,1505.6,-0.76
91100.0,27.969083,-26.085834,1505.0,-0.79
91150.0,27.969189,-26.085394,1504.4,-0.81
91200.0,27.969295,-26.084955,1503.6,-0.84
91250.0,27.969403,-26.084516,1502.8,-0.86
91300.0,27.969511,-26.084077,1502.4,-0.88
91350.0,27.969619,-26.083638,1502.2,-0.91
91400.0,27.969727,-26.083199,1501.4,-0.93
91450.0,27.969836,-26.08276,1500.2,-0.95
91500.0,27.969946,-26.082321,1499.0,-0.96
91550.0,27.970056,-26.081882,1497.6,-0.98
91600.0,27.970165,-26.081444,1496.0,-0.99
91650.0,27.970275,-26.081005,1495.0,-1.0
91700.0,27.970384,-26.080566,1494.1,-1.0
91750.0,27.970495,-26.080127,1492.7,-1.0
91800.0,27.970606,-26.079689,1490.6,-0.99
91850.0,27.970723,-26.079252,1487.8,-0.98
91900.0,27.970838,-26.078814,1485.0,-0.97
91950.0,27.97094,-26.078374,1482.7,-0.95
92000.0,27.971041,-26.077934,1480.9,-0.92
92050.0,27.971149,-26.077495,1479.8,-0.89
92100.0,27.971263,-26.077057,1479.6,-0.85
92150.0,27.971376,-26.076619,1479.4,-0.81
92200.0,27.971494,-26.076182,1478.5,-0.76
92250.0,27.971637,-26.075751,1477.0,-0.7
92300.0,27.971786,-26.075321,1475.0,-0.64
92350.0,27.971937,-26.074893,1472.4,-0.57
92400.0,27.972084,-26.074463,1469.8,-0.5
92450.0,27.97223,-26.074033,1467.5,-0.43
92500.0,27.972378,-26.073603,1465.8,-0.34
92550.0,27.97253,-26.073175,1465.0,-0.26
92600.0,27.972637,-26.072736,1464.8,-0.17
92650.0,27.97268,-26.072288,1464.6,-0.08
92700.0,27.972769,-26.071848,1464.8,0.02
92750.0,27.973081,-26.071504,1465.0,0.12
92800.0,27.973127,-26.071083,1465.0,0.22
92850.0,27.97298,-26.070655,1464.2,0.32
92900.0,27.972759,-26.070251,1463.4,0.43
92950.0,27.972474,-26.069886,1462.6,0.53
93000.0,27.972112,-26.069575,1461.8,0.63
93050.0,27.97171,-26.069311,1461.8,0.73
93100.0,27.971266,-26.069106,1463.4,0.83
93150.0,27.970791,-26.068966,1465.6,0.93
93200.0,27.970295,-26.068903,1467.8,1.03
93250.0,27.969798,-26.068855,1470.6,1.12
93300.0,27.9693,-26.068809,1473.0,1.21
93350.0,27.968802,-26.068763,1474.6,1.29
93400.0,27.968303,-26.068724,1476.0,1.37
93450.0,27.967806,-26.06867,1477.4,1.44
93500.0,27.96731,-26.068614,1478.8,1.51
93550.0,27.966813,-26.068561,1480.4,1.57
93600.0,27.966317,-26.0685,1482.7,1.62
93650.0,27.965823,-26.068428,1485.4,1.67
93700.0,27.965334,-26.068331,1488.8,1.7
93750.0,27.964855,-26.068201,1492.2,1.73
93800.0,27.964378,-26.068065,1495.0,1.75
93850.0,27.9639,-26.067931,1497.3,1.77
93900.0,27.963422,-26.067797,1499.6,1.77
93950.0,27.962962,-26.067625,1501.4,1.77
94000.0,27.962537,-26.067388,1502.6,1.76
94050.0,27.962132,-26.067124,1504.7,1.74
94100.0,27.961739,-26.066845,1507.5,1.71
94150.0,27.961348,-26.066565,1510.3,1.67
94200.0,27.960977,-26.066263,1513.4,1.63
94250.0,27.960599,-26.065968,1517.0,1.58
94300.0,27.960213,-26.065682,1519.7,1.52
94350.0,27.959826,-26.065396,1522.1,1.45
94400.0,27.95944,-26.065111,1524.3,1.38
94450.0,27.959041,-26.064839,1526.2,1.3
94500.0,27.958658,-26.06455,1528.1,1.21
94550.0,27.958281,-26.064254,1530.5,1.12
94600.0,27.957904,-26.063958,1532.8,1.03
94650.0,27.957545,-26.063645,1535.0,0.93
94700.0,27.957191,-26.063327,1537.0,0.83
94750.0,27.956858,-26.062992,1538.7,0.73
94800.0,27.956557,-26.062632,1539.9,0.62
94850.0,27.956301,-26.062246,1540.6,0.52
94900.0,27.956046,-26.061859,1540.8,0.41
94950.0,27.955788,-26.061474,1541.0,0.3
95000.0,27.955541,-26.061083,1541.0,0.2
95050.0,27.955287,-26.060696,1540.5,0.09
95100.0,27.955045,-26.060303,1539.5,-0.01
95150.0,27.954856,-26.059887,1537.9,-0.11
95200.0,27.954731,-26.059452,1536.3,-0.21
95250.0,27.95468,-26.059005,1534.5,-0.3
95300.0,27.954681,-26.058556,1533.2,-0.39
95350.0,27.954749,-26.058111,1532.0,-0.48
95400.0,27.954831,-26.057667,1531.4,-0.56
95450.0,27.954913,-26.057224,1529.9,-0.64
95500.0,27.954996,-26.05678,1527.7,-0.72
95550.0,27.95508,-26.056337,1525.5,-0.79
95600.0,27.955154,-26.055892,1523.7,-0.85
95650.0,27.955242,-26.05545,1521.5,-0.91
95700.0,27.95532,-26.055006,1520.2,-0.97
95750.0,27.955407,-26.054563,1519.8,-1.02
95800.0,27.95549,-26.054119,1518.8,-1.06
95850.0,27.955578,-26.053677,1517.8,-1.11
95900.0,27.955664,-26.053234,1516.6,-1.15
95950.0,27.95575,-26.052791,1514.8,-1.18
96000.0,27.955836,-26.052348,1512.6,-1.22
96050.0,27.955922,-26.051905,1511.0,-1.25
96100.0,27.956007,-26.051462,1509.0,-1.28
96150.0,27.956091,-26.051018,1507.6,-1.3
96200.0,27.956175,-26.050575,1506.6,-1.33
96250.0,27.956259,-26.050132,1506.0,-1.35
96300.0,27.956343,-26.049688,1505.2,-1.37
96350.0,27.956428,-26.049245,1504.8,-1.39
96400.0,27.956516,-26.048803,1503.6,-1.41
96450.0,27.956589,-26.048358,1501.8,-1.42
96500.0,27.956677,-26.047915,1500.0,-1.44
96550.0,27.956759,-26.047472,1498.4,-1.46
96600.0,27.956835,-26.047027,1496.8,-1.47
96650.0,27.95685,-26.046579,1496.6,-1.49
96700.0,27.956782,-26.046134,1497.2,-1.5
96750.0,27.956624,-26.045709,1497.8,-1.51
96800.0,27.956415,-26.0453,1498.4,-1.52
96850.0,27.956146,-26.044922,1499.0,-1.53
96900.0,27.955856,-26.044555,1498.6,-1.53
96950.0,27.955567,-26.044188,1498.0,-1.54
97000.0,27.955278,-26.043821,1496.6,-1.54
97050.0,27.95499,-26.043453,1495.2,-1.54
97100.0,27.954696,-26.043089,1493.1,-1.53
97150.0,27.954403,-26.042725,1490.7,-1.52
97200.0,27.954119,-26.042355,1487.7,-1.51
97250.0,27.953826,-26.04199,1484.7,-1.49
97300.0,27.953531,-26.041627,1481.7,-1.47
97350.0,27.953201,-26.04129,1478.9,-1.45
97400.0,27.952824,-26.040995,1476.3,-1.42
97450.0,27.952428,-26.04072,1473.9,-1.39
97500.0,27.95202,-26.040459,1471.6,-1.35
97550.0,27.951608,-26.040204,1468.6,-1.31
97600.0,27.951196,-26.039949,1466.1,-1.26
97650.0,27.950784,-26.039694,1464.1,-1.21
97700.0,27.950372,-26.039439,1462.1,-1.16
97750.0,27.949966,-26.039177,1460.2,-1.1
97800.0,27.949575,-26.038895,1458.1,-1.05
97850.0,27.949218,-26.03858,1455.1,-0.99
97900.0,27.948898,-26.038235,1451.5,-0.92
97950.0,27.948611,-26.037867,1448.5,-0.86
98000.0,27.948352,-26.037483,1446.1,-0.8
98050.0,27.948128,-26.037081,1444.6,-0.74
98100.0,27.947935,-26.036667,1444.8,-0.67
98150.0,27.947793,-26.036236,1445.6,-0.61
98200.0,27.947683,-26.035797,1447.5,-0.56
98250.0,27.947578,-26.035358,1450.5,-0.5
98300.0,27.947472,-26.034918,1453.7,-0.45
98350.0,27.947367,-26.034478,1456.1,-0.4
98400.0,27.947264,-26.034038,1458.7,-0.35
98450.0,27.947159,-26.033599,1460.2,-0.31
98500.0,27.947051,-26.03316,1460.6,-0.28
98550.0,27.946951,-26.032719,1460.8,-0.25
98600.0,27.946851,-26.032279,1461.0,-0.22
98650.0,27.946739,-26.03184,1461.0,-0.21
98700.0,27.94663,-26.031401,1461.0,-0.19
98750.0,27.946523,-26.030962,1461.0,-0.18
98800.0,27.946408,-26.030525,1461.0,-0.18
98850.0,27.946253,-26.030098,1461.0,-0.18
98900.0,27.946068,-26.02968,1461.6,-0.19
98950.0,27.94588,-26.029263,1462.2,-0.2
99000.0,27.945682,-26.02885,1463.0,-0.22
99050.0,27.945477,-26.02844,1463.8,-0.24
99100.0,27.945278,-26.028028,1464.4,-0.27
99150.0,27.945084,-26.027613,1464.4,-0.3
99200.0,27.944887,-26.0272,1464.4,-0.34
99250.0,27.944676,-26.026792,1464.2,-0.37
99300.0,27.944462,-26.026386,1464.0,-0.41
99350.0,27.94425,-26.025978,1464.0,-0.46
99400.0,27.944038,-26.025571,1463.4,-0.5
99450.0,27.943824,-26.025165,1462.8,-0.55
99500.0,27.943615,-26.024756,1462.0,-0.6
99550.0,27.943411,-26.024346,1461.2,-0.65
99600.0,27.943214,-26.023932,1460.0,-0.7
99650.0,27.943018,-26.023519,1459.4,-0.75
99700.0,27.942822,-26.023105,1458.8,-0.79
99750.0,27.942628,-26.02269,1458.4,-0.84
99800.0,27.942434,-26.022276,1457.4,-0.89
99850.0,27.942236,-26.021863,1456.8,-0.93
99900.0,27.942039,-26.02145,1455.8,-0.98
99950.0,27.941841,-26.021036,1454.8,-1.01
100000.0,27.94164,-26.020625,1453.4,-1.05
100050.0,27.941445,-26.020211,1452.6,-1.08
100100.0,27.941251,-26.019796,1451.8,-1.11
100150.0,27.941056,-26.019382,1451.4,-1.13
100200.0,27.940857,-26.01897,1451.0,-1.15
100250.0,27.940664,-26.018555,1450.4,-1.16
100300.0,27.940474,-26.018139,1449.6,-1.16
100350.0,27.940274,-26.017727,1448.2,-1.16
100400.0,27.940081,-26.017312,1446.0,-1.15
100450.0,27.939886,-26.016898,1443.8,-1.14
100500.0,27.939689,-26.016485,1441.7,-1.11
100550.0,27.939494,-26.01607,1439.3,-1.08
100600.0,27.939295,-26.015658,1436.7,-1.05
100650.0,27.939096,-26.015246,1434.9,-1.0
100700.0,27.938893,-26.014834,1432.3,-0.95
100750.0,27.938685,-26.014426,1429.8,-0.89
100800.0,27.938477,-26.014017,1427.3,-0.82
100850.0,27.938257,-26.013613,1425.1,-0.75
100900.0,27.938016,-26.013218,1422.0,-0.67
100950.0,27.937767,-26.012829,1418.8,-0.58
101000.0,27.937496,-26.012451,1416.0,-0.49
101050.0,27.937226,-26.012072,1413.2,-0.39
101100.0,27.93695,-26.011698,1410.4,-0.29
101150.0,27.936647,-26.01134,1408.5,-0.19
101200.0,27.936344,-26.010982,1407.5,-0.09
101250.0,27.93604,-26.010624,1406.5,0.01
101300.0,27.935728,-26.010273,1406.0,0.12
101350.0,27.935396,-26.009937,1406.0,0.22
101400.0,27.935063,-26.009601,1406.8,0.32
101450.0,27.934731,-26.009265,1408.0,0.42
101500.0,27.934396,-26.008931,1410.0,0.52
101550.0,27.934042,-26.008614,1412.8,0.61
101600.0,27.933688,-26.008296,1415.6,0.69
101650.0,27.933333,-26.007979,1418.4,0.77
101700.0,27.932979,-26.007661,1421.6,0.84
101750.0,27.932625,-26.007344,1424.0,0.9
101800.0,27.93227,-26.007026,1426.3,0.95
101850.0,27.931916,-26.006709,1429.3,0.99
101900.0,27.931566,-26.006387,1432.2,1.02
101950.0,27.931224,-26.00606,1435.0,1.05
102000.0,27.930879,-26.005733,1437.8,1.06
102050.0,27.930534,-26.005408,1440.7,1.06
102100.0,27.93019,-26.005081,1442.9,1.05
102150.0,27.92985,-26.004752,1445.0,1.03
102200.0,27.929515,-26.004418,1447.0,1.0
102250.0,27.929197,-26.00407,1449.4,0.97
102300.0,27.928893,-26.003713,1451.6,0.92
102350.0,27.928607,-26.003345,1453.8,0.86
102400.0,27.928322,-26.002975,1456.0,0.8
102450.0,27.928067,-26.002588,1458.2,0.72
102500.0,27.927821,-26.002197,1460.8,0.64
102550.0,27.927587,-26.001799,1462.8,0.56
102600.0,27.927369,-26.001395,1465.0,0.47
102650.0,27.927163,-26.000985,1466.6,0.37
102700.0,27.926972,-26.000569,1467.6,0.27
102750.0,27.926795,-26.000149,1467.8,0.17
102800.0,27.926635,-25.999723,1468.0,0.07
102850.0,27.926488,-25.999293,1468.0,-0.03
102900.0,27.926359,-25.998858,1467.2,-0.14
102950.0,27.92623,-25.998424,1466.4,-0.24
103000.0,27.9261,-25.99799,1465.4,-0.34
103050.0,27.925971,-25.997555,1463.7,-0.44
103100.0,27.925845,-25.99712,1461.3,-0.54
103150.0,27.925719,-25.996685,1459.1,-0.63
103200.0,27.925593,-25.99625,1456.9,-0.72
103250.0,27.925463,-25.995816,1454.3,-0.8
103300.0,27.925334,-25.995381,1452.4,-0.88
103350.0,27.925206,-25.994946,1450.2,-0.95
103400.0,27.92508,-25.994511,1447.6,-1.02
103450.0,27.924955,-25.994076,1445.0,-1.08
103500.0,27.924829,-25.993641,1443.0,-1.14
103550.0,27.924718,-25.993202,1441.0,-1.19
103600.0,27.924627,-25.992761,1440.0,-1.23
103650.0,27.924556,-25.992315,1439.4,-1.27
103700.0,27.924507,-25.991868,1438.2,-1.3
103750.0,27.924474,-25.991419,1436.8,-1.33
103800.0,27.924473,-25.99097,1435.4,-1.35
103850.0,27.924487,-25.99052,1433.8,-1.37
103900.0,27.924517,-25.990072,1432.8,-1.38
103950.0,27.924556,-25.989623,1431.6,-1.38
104000.0,27.924605,-25.989176,1429.8,-1.39
104050.0,27.924654,-25.988728,1428.0,-1.38
104100.0,27.924703,-25.988281,1425.9,-1.38
104150.0,27.924752,-25.987833,1423.3,-1.37
104200.0,27.924801,-25.987386,1421.3,-1.36
104250.0,27.92485,-25.986938,1420.1,-1.35
104300.0,27.924899,-25.986491,1418.5,-1.33
104350.0,27.924949,-25.986043,1417.4,-1.32
104400.0,27.925003,-25.985596,1416.2,-1.3
104450.0,27.925062,-25.98515,1415.2,-1.28
104500.0,27.925112,-25.984703,1413.4,-1.26
104550.0,27.925152,-25.984254,1412.0,-1.25
104600.0,27.925202,-25.983807,1410.6,-1.23
104650.0,27.925257,-25.98336,1409.2,-1.21
104700.0,27.92531,-25.982913,1407.8,-1.2
104750.0,27.925356,-25.982465,1407.2,-1.18
104800.0,27.925402,-25.982017,1406.6,-1.17
104850.0,27.92545,-25.98157,1406.2,-1.16
104900.0,27.925487,-25.981122,1406.4,-1.15
104950.0,27.925508,-25.980672,1407.0,-1.15
105000.0,27.925503,-25.980223,1407.6,-1.14
105050.0,27.925464,-25.979775,1408.2,-1.14
105100.0,27.925408,-25.979328,1408.6,-1.14
105150.0,27.925322,-25.978885,1409.0,-1.14
105200.0,27.925214,-25.978446,1408.2,-1.15
105250.0,27.925087,-25.978011,1407.4,-1.15
105300.0,27.924956,-25.977577,1406.6,-1.16
105350.0,27.924824,-25.977143,1405.4,-1.17
105400.0,27.924694,-25.976709,1404.2,-1.18
105450.0,27.924565,-25.976275,1403.6,-1.19
105500.0,27.924435,-25.97584,1402.8,-1.2
105550.0,27.924305,-25.975406,1401.8,-1.21
105600.0,27.924174,-25.974972,1400.6,-1.22
105650.0,27.92404,-25.974539,1399.4,-1.22
105700.0,27.923904,-25.974106,1397.8,-1.23
105750.0,27.923768,-25.973674,1396.4,-1.24
105800.0,27.923631,-25.973241,1394.8,-1.25
105850.0,27.923483,-25.972812,1393.3,-1.25
105900.0,27.923334,-25.972382,1391.3,-1.25
105950.0,27.923186,-25.971953,1389.9,-1.26
106000.0,27.923037,-25.971524,1388.1,-1.25
106050.0,27.922889,-25.971094,1386.7,-1.25
106100.0,27.922732,-25.970667,1385.2,-1.24
106150.0,27.922564,-25.970244,1383.6,-1.23
106200.0,27.922394,-25.969821,1381.4,-1.22
106250.0,27.922221,-25.969399,1379.6,-1.21
106300.0,27.922043,-25.968979,1377.2,-1.19
106350.0,27.921868,-25.968558,1374.6,-1.17
106400.0,27.921695,-25.968136,1372.2,-1.15
106450.0,27.921519,-25.967715,1370.4,-1.12
106500.0,27.921342,-25.967294,1368.6,-1.09
106550.0,27.921166,-25.966873,1367.4,-1.07
106600.0,27.920989,-25.966453,1367.4,-1.03
106650.0,27.920813,-25.966032,1367.8,-1.0
106700.0,27.920637,-25.965611,1368.6,-0.96
106750.0,27.92046,-25.96519,1369.4,-0.93
106800.0,27.920284,-25.96477,1370.2,-0.89
106850.0,27.920098,-25.964352,1370.6,-0.85
106900.0,27.919906,-25.963937,1370.4,-0.81
106950.0,27.919714,-25.963522,1369.2,-0.77
107000.0,27.919506,-25.963113,1367.4,-0.73
107050.0,27.919297,-25.962704,1365.0,-0.7
107100.0,27.919078,-25.9623,1362.4,-0.66
107150.0,27.918845,-25.961902,1359.8,-0.62
107200.0,27.918592,-25.961515,1357.2,-0.58
107250.0,27.918333,-25.96113,1355.2,-0.55
107300.0,27.918066,-25.960749,1353.8,-0.51
107350.0,27.917788,-25.960376,1353.0,-0.48
107400.0,27.917509,-25.960003,1352.8,-0.45
107450.0,27.917222,-25.959634,1353.8,-0.43
107500.0,27.916936,-25.959266,1355.4,-0.4
107550.0,27.916652,-25.958895,1357.5,-0.38
107600.0,27.916371,-25.958524,1359.7,-0.36
107650.0,27.91609,-25.958152,1361.9,-0.35
107700.0,27.915807,-25.957781,1363.5,-0.34
107750.0,27.915522,-25.957411,1364.5,-0.33
107800.0,27.915237,-25.957042,1365.0,-0.32
107850.0,27.914952,-25.956672,1365.0,-0.32
107900.0,27.91467,-25.956301,1365.0,-0.32
107950.0,27.9144,-25.955922,1365.0,-0.33
108000.0,27.914142,-25.955537,1364.6,-0.34
108050.0,27.913888,-25.95515,1364.2,-0.35
108100.0,27.913656,-25.954751,1363.8,-0.36
108150.0,27.91344,-25.954346,1363.4,-0.38
108200.0,27.913257,-25.953928,1363.0,-0.4
108250.0,27.913075,-25.953509,1363.0,-0.43
108300.0,27.912895,-25.95309,1363.0,-0.46
108350.0,27.912717,-25.95267,1362.2,-0.49
108400.0,27.912548,-25.952246,1361.4,-0.52
108450.0,27.912377,-25.951824,1360.6,-0.55
108500.0,27.912203,-25.951402,1359.2,-0.59
108550.0,27.912031,-25.95098,1357.8,-0.63
108600.0,27.911861,-25.950557,1357.4,-0.67
108650.0,27.91169,-25.950134,1357.0,-0.72
108700.0,27.911519,-25.949712,1356.4,-0.77
108750.0,27.911348,-25.949289,1356.4,-0.81
108800.0,27.91118,-25.948866,1356.4,-0.86
108850.0,27.911008,-25.948443,1356.2,-0.91
108900.0,27.910831,-25.948023,1356.0,-0.96
108950.0,27.910656,-25.947602,1356.0,-1.01
109000.0,27.910485,-25.947179,1356.0,-1.06
109050.0,27.910313,-25.946757,1356.0,-1.12
109100.0,27.910141,-25.946335,1355.4,-1.17
109150.0,27.909968,-25.945913,1354.8,-1.22
109200.0,27.909795,-25.945491,1354.0,-1.26
109250.0,27.909622,-25.945069,1353.2,-1.31
109300.0,27.90945,-25.944647,1351.8,-1.35
109350.0,27.909277,-25.944225,1351.0,-1.4
109400.0,27.909102,-25.943804,1349.8,-1.43
109450.0,27.908926,-25.943383,1348.8,-1.47
109500.0,27.908756,-25.94296,1347.8,-1.5
109550.0,27.908591,-25.942535,1346.6,-1.52
109600.0,27.908426,-25.942111,1344.8,-1.54
109650.0,27.908264,-25.941686,1342.9,-1.56
109700.0,27.908109,-25.941258,1340.5,-1.56
109750.0,27.907953,-25.940831,1337.3,-1.57
109800.0,27.907798,-25.940403,1334.5,-1.56
109850.0,27.907642,-25.939976,1331.8,-1.55
109900.0,27.907487,-25.939549,1329.1,-1.53
109950.0,27.907329,-25.939122,1326.4,-1.51
110000.0,27.907171,-25.938695,1324.0,-1.47
110050.0,27.907014,-25.938269,1321.1,-1.44
110100.0,27.906854,-25.937842,1317.8,-1.39
110150.0,27.906686,-25.937419,1314.5,-1.34
110200.0,27.90653,-25.936992,1311.2,-1.28
110250.0,27.906386,-25.936561,1307.8,-1.22
110300.0,27.906226,-25.936136,1305.3,-1.15
110350.0,27.906053,-25.935713,1302.7,-1.08
110400.0,27.905881,-25.935292,1299.6,-1.0
110450.0,27.905707,-25.93487,1297.0,-0.93
110500.0,27.905534,-25.934448,1295.0,-0.85
110550.0,27.90536,-25.934026,1293.0,-0.76
110600.0,27.905187,-25.933605,1292.0,-0.68
110650.0,27.905012,-25.933183,1292.4,-0.6
110700.0,27.90484,-25.932761,1292.8,-0.52
110750.0,27.90467,-25.932338,1293.7,-0.45
110800.0,27.904499,-25.931915,1295.1,-0.37
110850.0,27.904329,-25.931493,1296.5,-0.3
110900.0,27.904158,-25.93107,1298.1,-0.24
110950.0,27.903987,-25.930648,1299.7,-0.18
111000.0,27.903816,-25.930225,1300.8,-0.12
111050.0,27.903641,-25.929804,1302.0,-0.07
111100.0,27.903452,-25.929388,1303.2,-0.03
111150.0,27.90324,-25.928981,1304.6,0.01
111200.0,27.902996,-25.928589,1306.0,0.03
111250.0,27.902773,-25.928187,1308.2,0.06
111300.0,27.902553,-25.927783,1310.6,0.07
111350.0,27.902332,-25.92738,1313.2,0.08
111400.0,27.902119,-25.926973,1315.0,0.08
111450.0,27.901927,-25.926558,1317.6,0.08
111500.0,27.901709,-25.926155,1319.4,0.07
111550.0,27.901475,-25.925757,1320.6,0.05
111600.0,27.901242,-25.92536,1321.6,0.03
111650.0,27.901009,-25.924962,1322.6,0.01
111700.0,27.900775,-25.924564,1322.8,-0.01
111750.0,27.900554,-25.924161,1323.0,-0.04
111800.0,27.900338,-25.923756,1322.2,-0.07
111850.0,27.900121,-25.92335,1321.4,-0.1
111900.0,27.899905,-25.922945,1320.4,-0.14
111950.0,27.899689,-25.922539,1319.4,-0.17
112000.0,27.899471,-25.922135,1317.6,-0.19
112050.0,27.899247,-25.921733,1316.6,-0.22
112100.0,27.899025,-25.92133,1315.4,-0.25
112150.0,27.898804,-25.920926,1314.4,-0.27
112200.0,27.898585,-25.920522,1313.2,-0.29
112250.0,27.898383,-25.920111,1312.8,-0.3
112300.0,27.898196,-25.919694,1312.0,-0.31
112350.0,27.89802,-25.919273,1311.4,-0.32
112400.0,27.897846,-25.918852,1310.2,-0.32
112450.0,27.897673,-25.91843,1309.0,-0.31
112500.0,27.8975,-25.918008,1307.2,-0.31
112550.0,27.897327,-25.917586,1305.8,-0.29
112600.0,27.897155,-25.917164,1303.6,-0.28
112650.0,27.896982,-25.916742,1301.8,-0.25
112700.0,27.896808,-25.91632,1299.6,-0.23
112750.0,27.896633,-25.915899,1298.0,-0.2
112800.0,27.896462,-25.915477,1295.7,-0.17
112850.0,27.896292,-25.915054,1293.5,-0.14
112900.0,27.896115,-25.914633,1291.5,-0.1
112950.0,27.895943,-25.914211,1290.1,-0.06
113000.0,27.895771,-25.913789,1288.9,-0.02
113050.0,27.895598,-25.913367,1288.4,0.02
113100.0,27.895426,-25.912945,1289.4,0.06
113150.0,27.895254,-25.912523,1291.2,0.11
113200.0,27.895082,-25.9121,1293.6,0.15
113250.0,27.894909,-25.911679,1296.4,0.19
113300.0,27.894732,-25.911258,1299.8,0.24
113350.0,27.894555,-25.910837,1303.0,0.28
113400.0,27.894379,-25.910417,1306.4,0.33
113450.0,27.894202,-25.909996,1310.2,0.37
113500.0,27.894026,-25.909575,1313.4,0.42
113550.0,27.893849,-25.909155,1316.2,0.47
113600.0,27.893672,-25.908734,1318.4,0.52
113650.0,27.8935,-25.908312,1319.6,0.57
113700.0,27.89333,-25.907889,1319.8,0.62
113750.0,27.893159,-25.907466,1319.4,0.67
113800.0,27.892988,-25.907044,1318.2,0.73
113850.0,27.892818,-25.906621,1316.5,0.78
113900.0,27.892647,-25.906199,1314.3,0.84
113950.0,27.892476,-25.905776,1311.5,0.9
114000.0,27.892296,-25.905357,1308.7,0.96
114050.0,27.892116,-25.904937,1306.1,1.03
114100.0,27.891936,-25.904517,1303.2,1.09
114150.0,27.891759,-25.904097,1300.6,1.16
114200.0,27.891583,-25.903676,1298.6,1.23
114250.0,27.891407,-25.903255,1297.2,1.3
114300.0,27.891231,-25.902834,1296.2,1.36
114350.0,27.891058,-25.902413,1296.9,1.43
114400.0,27.890888,-25.90199,1298.7,1.5
114450.0,27.890718,-25.901567,1301.1,1.57
114500.0,27.890548,-25.901144,1304.1,1.63
114550.0,27.890378,-25.900721,1308.0,1.69
114600.0,27.890208,-25.900298,1312.0,1.74
114650.0,27.89004,-25.899875,1316.0,1.79
114700.0,27.889875,-25.89945,1319.4,1.84
114750.0,27.88971,-25.899026,1323.0,1.88
114800.0,27.889497,-25.898619,1326.5,1.91
114850.0,27.889284,-25.898212,1329.8,1.94
114900.0,27.889072,-25.897805,1332.2,1.96
114950.0,27.888859,-25.897398,1335.2,1.97
115000.0,27.888646,-25.896992,1339.1,1.98
115050.0,27.888431,-25.896585,1343.9,1.98
115100.0,27.888217,-25.896179,1347.9,1.97
115150.0,27.888002,-25.895773,1352.7,1.95
115200.0,27.887789,-25.895366,1357.3,1.92
115250.0,27.887579,-25.894958,1360.2,1.89
115300.0,27.887345,-25.894562,1362.0,1.85
115350.0,27.887089,-25.894175,1364.4,1.8
115400.0,27.886829,-25.893791,1366.6,1.75
115450.0,27.886561,-25.893412,1368.4,1.69
115500.0,27.886292,-25.893033,1370.6,1.63
115550.0,27.886026,-25.892652,1372.2,1.56
115600.0,27.885783,-25.892259,1373.2,1.49
115650.0,27.885534,-25.891869,1373.6,1.42
115700.0,27.885288,-25.891479,1374.2,1.34
115750.0,27.885083,-25.891069,1374.4,1.27
115800.0,27.884899,-25.890651,1374.6,1.19
115850.0,27.884721,-25.89023,1375.0,1.11
115900.0,27.884556,-25.889806,1375.4,1.04
115950.0,27.884391,-25.889381,1376.2,0.97
116000.0,27.884226,-25.888957,1377.2,0.9
116050.0,27.884061,-25.888533,1378.2,0.84
116100.0,27.883896,-25.888108,1379.0,0.77
116150.0,27.883731,-25.887684,1379.8,0.72
116200.0,27.883566,-25.887259,1379.8,0.67
116250.0,27.883401,-25.886835,1379.6,0.62
116300.0,27.883237,-25.88641,1379.4,0.59
116350.0,27.883074,-25.885985,1379.2,0.56
116400.0,27.882911,-25.88556,1379.0,0.53
116450.0,27.882748,-25.885135,1378.6,0.51
116500.0,27.882585,-25.88471,1378.2,0.5
116550.0,27.882423,-25.884284,1377.4,0.5
116600.0,27.882263,-25.883858,1376.4,0.51
116650.0,27.882104,-25.883432,1375.4,0.52
116700.0,27.881943,-25.883006,1374.6,0.54
116750.0,27.881777,-25.882582,1373.8,0.56
116800.0,27.881612,-25.882158,1372.6,0.6
116850.0,27.881446,-25.881734,1370.8,0.63
116900.0,27.88128,-25.881309,1368.5,0.67
116950.0,27.881115,-25.880885,1365.9,0.72
117000.0,27.880949,-25.880461,1363.3,0.77
117050.0,27.880783,-25.880037,1361.5,0.82
117100.0,27.880618,-25.879612,1361.3,0.88
117150.0,27.880454,-25.879188,1361.6,0.93
117200.0,27.88028,-25.878766,1363.3,0.99
117250.0,27.88012,-25.87834,1365.9,1.04
117300.0,27.879978,-25.877909,1368.5,1.1
117350.0,27.879885,-25.877468,1370.7,1.15
117400.0,27.879832,-25.87702,1372.9,1.2
117450.0,27.879796,-25.876572,1375.0,1.24
117500.0,27.87975,-25.876124,1377.0,1.28
117550.0,27.879682,-25.875679,1379.8,1.31
117600.0,27.879572,-25.87524,1382.2,1.33
117650.0,27.879459,-25.874802,1385.2,1.35
117700.0,27.879346,-25.874364,1388.0,1.36
117750.0,27.87923,-25.873927,1390.6,1.36
117800.0,27.879109,-25.873491,1393.0,1.35
117850.0,27.878989,-25.873054,1396.0,1.34
117900.0,27.878873,-25.872617,1399.0,1.31
117950.0,27.878768,-25.872177,1401.9,1.28
118000.0,27.878685,-25.871735,1404.7,1.23
118050.0,27.878654,-25.871286,1407.9,1.18
118100.0,27.878659,-25.870837,1411.5,1.12
118150.0,27.878683,-25.870388,1414.5,1.05
118200.0,27.87877,-25.869945,1417.2,0.97
118250.0,27.878881,-25.869507,1420.0,0.89
118300.0,27.87903,-25.869078,1421.8,0.79
118350.0,27.879238,-25.868669,1422.8,0.69
118400.0,27.879454,-25.868264,1423.8,0.59
118450.0,27.87967,-25.867858,1425.0,0.48
118500.0,27.879886,-25.867453,1425.2,0.36
118550.0,27.880103,-25.867048,1425.4,0.25
118600.0,27.880319,-25.866642,1425.4,0.13
118650.0,27.880535,-25.866237,1425.4,0.01
118700.0,27.880746,-25.865829,1425.0,-0.12
118750.0,27.880955,-25.865421,1425.0,-0.24
118800.0,27.881167,-25.865014,1425.0,-0.36
118850.0,27.881388,-25.86461,1424.4,-0.48
118900.0,27.881606,-25.864206,1423.8,-0.59
118950.0,27.881821,-25.8638,1423.0,-0.71
119000.0,27.882035,-25.863393,1422.2,-0.82
119050.0,27.882249,-25.862987,1420.7,-0.92
119100.0,27.882459,-25.862579,1419.1,-1.02
119150.0,27.882666,-25.86217,1416.9,-1.11
119200.0,27.882857,-25.861755,1414.9,-1.2
119250.0,27.883016,-25.861328,1412.1,-1.28
119300.0,27.883153,-25.860896,1409.2,-1.36
119350.0,27.883262,-25.860457,1406.0,-1.42
119400.0,27.883335,-25.860013,1402.4,-1.48
119450.0,27.883387,-25.859566,1398.8,-1.53
119500.0,27.883438,-25.859118,1395.2,-1.57
119550.0,27.883483,-25.858671,1392.4,-1.61
119600.0,27.883524,-25.858223,1390.2,-1.64
119650.0,27.883564,-25.857774,1389.0,-1.66
119700.0,27.883604,-25.857326,1387.2,-1.67
119750.0,27.883647,-25.856878,1386.2,-1.68
119800.0,27.883689,-25.85643,1384.4,-1.68
119850.0,27.883731,-25.855982,1383.0,-1.67
119900.0,27.883749,-25.855533,1381.0,-1.66
119950.0,27.883791,-25.855085,1379.0,-1.65
120000.0,27.883833,-25.854637,1376.4,-1.62
120050.0,27.883874,-25.854189,1374.1,-1.6
120100.0,27.883933,-25.853742,1371.3,-1.57
120150.0,27.883991,-25.853295,1368.5,-1.54
120200.0,27.884031,-25.852847,1366.3,-1.51
120250.0,27.884076,-25.852399,1363.9,-1.48
120300.0,27.884106,-25.851951,1362.0,-1.44
120350.0,27.884118,-25.851501,1360.1,-1.41
120400.0,27.884103,-25.851052,1358.3,-1.37
120450.0,27.88409,-25.850602,1356.5,-1.34
120500.0,27.88404,-25.850155,1355.5,-1.31
120550.0,27.883975,-25.84971,1355.0,-1.28
120600.0,27.883877,-25.849269,1355.5,-1.25
120650.0,27.883776,-25.848828,1356.5,-1.23
120700.0,27.883691,-25.848385,1357.5,-1.21
120750.0,27.883607,-25.847942,1358.5,-1.2
120800.0,27.883501,-25.847503,1359.2,-1.19
120850.0,27.883392,-25.847064,1359.4,-1.18
120900.0,27.883291,-25.846624,1360.0,-1.18
120950.0,27.883225,-25.846178,1360.6,-1.18
121000.0,27.883201,-25.84573,1361.2,-1.19
121050.0,27.883242,-25.845282,1361.6,-1.2
121100.0,27.883293,-25.844835,1362.0,-1.21
121150.0,27.883356,-25.844389,1362.0,-1.24
121200.0,27.883419,-25.843943,1361.2,-1.26
121250.0,27.883482,-25.843497,1360.4,-1.29
121300.0,27.883545,-25.843051,1359.0,-1.32
121350.0,27.883608,-25.842605,1357.0,-1.36
121400.0,27.883672,-25.842159,1354.4,-1.4
121450.0,27.883736,-25.841713,1352.6,-1.44
121500.0,27.8838,-25.841267,1350.8,-1.48
121550.0,27.883873,-25.840822,1349.6,-1.53
121600.0,27.883947,-25.840377,1349.0,-1.58
121650.0,27.88402,-25.839932,1348.5,-1.63
121700.0,27.884105,-25.839489,1347.5,-1.68
121750.0,27.884212,-25.83905,1345.9,-1.73
121800.0,27.884319,-25.838611,1343.7,-1.78
121850.0,27.884427,-25.838172,1341.5,-1.84
121900.0,27.884519,-25.83773,1339.2,-1.89
121950.0,27.884627,-25.837291,1337.4,-1.94
122000.0,27.884737,-25.836852,1335.8,-1.99
122050.0,27.884877,-25.836422,1334.4,-2.04
122100.0,27.88505,-25.836,1333.0,-2.09
122150.0,27.885262,-25.835593,1331.4,-2.14
122200.0,27.885501,-25.835198,1329.1,-2.19
122250.0,27.88578,-25.834825,1326.5,-2.24
122300.0,27.886057,-25.834451,1324.3,-2.28
122350.0,27.886327,-25.834073,1321.4,-2.32
122400.0,27.886598,-25.833695,1318.6,-2.37
122450.0,27.886874,-25.83332,1316.5,-2.4
122500.0,27.887151,-25.832946,1314.9,-2.44
122550.0,27.887429,-25.832572,1312.6,-2.47
122600.0,27.887706,-25.832198,1310.3,-2.51
122650.0,27.887996,-25.831832,1308.0,-2.54
122700.0,27.888266,-25.831454,1305.0,-2.56
122750.0,27.888546,-25.831081,1302.2,-2.59
122800.0,27.888835,-25.830715,1299.3,-2.61
122850.0,27.889118,-25.830345,1297.1,-2.63
122900.0,27.889397,-25.829971,1295.6,-2.64
122950.0,27.889656,-25.829587,1294.4,-2.66
123000.0,27.889911,-25.8292,1293.2,-2.67
123050.0,27.890165,-25.828813,1291.8,-2.67
123100.0,27.89042,-25.828427,1289.4,-2.68
123150.0,27.890615,-25.828014,1286.3,-2.68
123200.0,27.890796,-25.827594,1282.9,-2.68
123250.0,27.890935,-25.827164,1278.7,-2.67
123300.0,27.89104,-25.826724,1275.5,-2.66
123350.0,27.891132,-25.826282,1272.3,-2.65
123400.0,27.891213,-25.825839,1268.8,-2.64
123450.0,27.891294,-25.825395,1265.0,-2.63
123500.0,27.891375,-25.824951,1261.0,-2.61
123550.0,27.891449,-25.824507,1256.0,-2.59
123600.0,27.891509,-25.82406,1251.6,-2.57
123650.0,27.891578,-25.823615,1248.2,-2.54
123700.0,27.891662,-25.823172,1245.8,-2.52
123750.0,27.891745,-25.822729,1243.8,-2.49
123800.0,27.891848,-25.822289,1242.8,-2.46
123850.0,27.891977,-25.821855,1242.2,-2.43
123900.0,27.892176,-25.821442,1241.6,-2.39
123950.0,27.892428,-25.821056,1240.8,-2.35
124000.0,27.892697,-25.820676,1240.6,-2.32
124050.0,27.892966,-25.820297,1240.4,-2.28
124100.0,27.893236,-25.819919,1240.2,-2.23
124150.0,27.893506,-25.819541,1239.4,-2.19
124200.0,27.893725,-25.819138,1238.8,-2.14
124250.0,27.89391,-25.818721,1238.2,-2.09
124300.0,27.894028,-25.818284,1236.1,-2.04
124350.0,27.894142,-25.817847,1232.5,-1.98
124400.0,27.894237,-25.817405,1229.3,-1.92
124450.0,27.894333,-25.816964,1226.1,-1.86
124500.0,27.894429,-25.816523,1222.3,-1.8
124550.0,27.894524,-25.816081,1220.0,-1.73
124600.0,27.894614,-25.815639,1218.4,-1.66
124650.0,27.89461,-25.81519,1216.2,-1.59
124700.0,27.894566,-25.814743,1213.3,-1.51
124750.0,27.894464,-25.814304,1210.3,-1.44
124800.0,27.894302,-25.813879,1206.9,-1.36
124850.0,27.894109,-25.813467,1204.3,-1.28
124900.0,27.893858,-25.813078,1201.9,-1.2
124950.0,27.893607,-25.812689,1200.0,-1.12
125000.0,27.893369,-25.812294,1198.0,-1.04
125050.0,27.893132,-25.811898,1196.4,-0.96
125100.0,27.892894,-25.811502,1194.3,-0.89
125150.0,27.892657,-25.811107,1192.3,-0.81
125200.0,27.892461,-25.810695,1190.5,-0.74
125250.0,27.892305,-25.810268,1189.5,-0.67
125300.0,27.892195,-25.809829,1188.5,-0.6
125350.0,27.892111,-25.809386,1188.0,-0.53
125400.0,27.892035,-25.808942,1188.6,-0.47
125450.0,27.891951,-25.808499,1189.8,-0.42
125500.0,27.891878,-25.808054,1191.9,-0.37
125550.0,27.891811,-25.807608,1194.9,-0.33
125600.0,27.891781,-25.80716,1198.5,-0.29
125650.0,27.891802,-25.806712,1202.1,-0.25
125700.0,27.891879,-25.806268,1205.9,-0.22
125750.0,27.892018,-25.805837,1209.6,-0.19
125800.0,27.892212,-25.805423,1213.2,-0.17
125850.0,27.892439,-25.805023,1216.2,-0.16
125900.0,27.89271,-25.804648,1218.8,-0.14
125950.0,27.893026,-25.8043,1220.6,-0.13
126000.0,27.893342,-25.803951,1221.4,-0.13
126050.0,27.893658,-25.803603,1221.4,-0.12
126100.0,27.893908,-25.803214,1219.9,-0.12
126150.0,27.8941,-25.802799,1216.7,-0.11
126200.0,27.894238,-25.802367,1213.5,-0.11
126250.0,27.894323,-25.801925,1210.5,-0.1
126300.0,27.894311,-25.801476,1207.5,-0.1
126350.0,27.894225,-25.801033,1206.0,-0.09
126400.0,27.894083,-25.800602,1205.6,-0.08
126450.0,27.893869,-25.800197,1204.6,-0.07
126500.0,27.893607,-25.799814,1203.1,-0.05
126550.0,27.893323,-25.799445,1201.1,-0.03
126600.0,27.893043,-25.799072,1198.5,-0.01
126650.0,27.892806,-25.798677,1195.9,0.02
126700.0,27.892605,-25.798266,1193.9,0.05
126750.0,27.892428,-25.797845,1192.4,0.08
126800.0,27.892252,-25.797425,1191.6,0.12
126850.0,27.892075,-25.797004,1191.4,0.16
126900.0,27.891678,-25.796958,1191.8,0.2
126950.0,27.891192,-25.797062,1192.2,0.25
127000.0,27.890706,-25.797164,1192.8,0.3
127050.0,27.890219,-25.797267,1193.2,0.35
127100.0,27.889732,-25.797366,1194.2,0.4
127150.0,27.889245,-25.797464,1195.6,0.45
127200.0,27.888757,-25.797562,1197.2,0.51
127250.0,27.88827,-25.797661,1198.8,0.56
127300.0,27.887783,-25.797761,1200.4,0.62
127350.0,27.887297,-25.797863,1201.4,0.67
127400.0,27.88681,-25.797964,1201.8,0.72
127450.0,27.886324,-25.798066,1202.0,0.77
127500.0,27.88584,-25.798179,1202.6,0.82
127550.0,27.885365,-25.798316,1203.8,0.87
127600.0,27.884889,-25.798454,1205.0,0.91
127650.0,27.884414,-25.798593,1206.2,0.96
127700.0,27.883939,-25.798732,1207.6,1.0
127750.0,27.883463,-25.798868,1208.4,1.03
127800.0,27.882988,-25.799006,1209.5,1.06
127850.0,27.882515,-25.799152,1211.5,1.09
127900.0,27.882041,-25.799291,1213.5,1.12
127950.0,27.881564,-25.799426,1215.5,1.14
128000.0,27.881088,-25.799562,1217.5,1.16
128050.0,27.880612,-25.799697,1218.6,1.17
128100.0,27.880136,-25.799833,1219.6,1.18
128150.0,27.879661,-25.799971,1221.4,1.19
128200.0,27.879192,-25.800126,1223.0,1.19
128250.0,27.878747,-25.800331,1224.8,1.19
128300.0,27.878332,-25.80058,1226.4,1.19
128350.0,27.877954,-25.800873,1227.6,1.18
128400.0,27.877618,-25.801205,1228.0,1.17
128450.0,27.877294,-25.801548,1228.8,1.15
128500.0,27.876974,-25.801893,1229.4,1.13
128550.0,27.876654,-25.802237,1230.8,1.11
128600.0,27.87632,-25.802572,1231.8,1.09
128650.0,27.875965,-25.802887,1232.8,1.06
128700.0,27.875579,-25.80317,1233.4,1.03
128750.0,27.875144,-25.803391,1234.2,1.0
128800.0,27.874674,-25.803542,1234.4,0.96
128850.0,27.874189,-25.803645,1235.2,0.92
128900.0,27.873694,-25.803691,1236.6,0.88
128950.0,27.873195,-25.803692,1238.7,0.83
129000.0,27.872695,-25.803686,1241.3,0.78
129050.0,27.872196,-25.803676,1244.3,0.73
129100.0,27.871697,-25.803667,1246.7,0.68
129150.0,27.871197,-25.803657,1248.5,0.63
129200.0,27.870698,-25.803647,1249.6,0.57
129250.0,27.870199,-25.803637,1250.0,0.51
129300.0,27.869699,-25.803627,1249.4,0.45
129350.0,27.8692,-25.803614,1248.4,0.38
129400.0,27.868701,-25.8036,1247.4,0.32
129450.0,27.868202,-25.803587,1246.4,0.25
129500.0,27.867702,-25.803573,1245.4,0.19
129550.0,27.867203,-25.803559,1245.0,0.12
129600.0,27.866704,-25.803546,1245.6,0.05
129650.0,27.866205,-25.803532,1246.2,-0.02
129700.0,27.865705,-25.803519,1247.4,-0.08
129750.0,27.865206,-25.803506,1248.6,-0.15
129800.0,27.864707,-25.803493,1250.2,-0.22
129850.0,27.864208,-25.803479,1251.2,-0.29
129900.0,27.863708,-25.803466,1252.2,-0.35
129950.0,27.863209,-25.803452,1252.6,-0.41
130000.0,27.862711,-25.803428,1252.8,-0.47
130050.0,27.862222,-25.803338,1252.6,-0.53
130100.0,27.861748,-25.803203,1251.8,-0.59
130150.0,27.861308,-25.802991,1250.5,-0.64
130200.0,27.860898,-25.802736,1248.7,-0.69
130250.0,27.860553,-25.802412,1246.4,-0.74
130300.0,27.86025,-25.802055,1243.4,-0.78
130350.0,27.860014,-25.80166,1240.6,-0.82
130400.0,27.859839,-25.801238,1238.3,-0.85
130450.0,27.85968,-25.800812,1235.9,-0.88
130500.0,27.859521,-25.800386,1234.2,-0.91
130550.0,27.859366,-25.799959,1232.6,-0.93
130600.0,27.859213,-25.79953,1231.4,-0.94
130650.0,27.859061,-25.799102,1229.8,-0.95
130700.0,27.858908,-25.798674,1228.6,-0.96
130750.0,27.858755,-25.798246,1227.4,-0.95
130800.0,27.858608,-25.797816,1226.8,-0.95
130850.0,27.85846,-25.797387,1226.2,-0.94
130900.0,27.858312,-25.796958,1226.0,-0.92
130950.0,27.858156,-25.79653,1225.8,-0.9
131000.0,27.858001,-25.796103,1225.6,-0.88
131050.0,27.857845,-25.795676,1225.0,-0.85
131100.0,27.85769,-25.795248,1224.0,-0.81
131150.0,27.857548,-25.794817,1222.6,-0.78
131200.0,27.857417,-25.794383,1221.4,-0.74
131250.0,27.857292,-25.793948,1219.6,-0.69
131300.0,27.857173,-25.793511,1218.2,-0.65
131350.0,27.857079,-25.79307,1216.4,-0.61
131400.0,27.85702,-25.792624,1214.2,-0.56
131450.0,27.856991,-25.792175,1211.4,-0.51
131500.0,27.856972,-25.791726,1208.6,-0.47
131550.0,27.856956,-25.791276,1205.8,-0.42
131600.0,27.856944,-25.790827,1203.8,-0.38
131650.0,27.856931,-25.790377,1202.6,-0.34
131700.0,27.856927,-25.789928,1202.0,-0.3
131750.0,27.856926,-25.789478,1202.0,-0.27
131800.0,27.856923,-25.789028,1202.6,-0.24
131850.0,27.856919,-25.788579,1203.2,-0.22
131900.0,27.856901,-25.788129,1204.3,-0.2
131950.0,27.856884,-25.78768,1205.9,-0.19
132000.0,27.856867,-25.78723,1208.3,-0.18
132050.0,27.856848,-25.786781,1210.1,-0.18
132100.0,27.856801,-25.786334,1213.2,-0.19
132150.0,27.856701,-25.785894,1217.1,-0.2
132200.0,27.856582,-25.785457,1221.3,-0.22
132250.0,27.856456,-25.785022,1224.9,-0.24
132300.0,27.856327,-25.784588,1228.5,-0.27
132350.0,27.856199,-25.784153,1231.0,-0.3
132400.0,27.856092,-25.783714,1232.2,-0.34
132450.0,27.856049,-25.783268,1232.8,-0.38
132500.0,27.856064,-25.782819,1233.2,-0.42
132550.0,27.85612,-25.782372,1233.6,-0.47
132600.0,27.856178,-25.781925,1233.8,-0.52
132650.0,27.856238,-25.781479,1233.4,-0.57
132700.0,27.856301,-25.781033,1232.2,-0.62
132750.0,27.856364,-25.780587,1230.4,-0.67
132800.0,27.856427,-25.780141,1228.0,-0.71
132850.0,27.85649,-25.779695,1224.8,-0.76
132900.0,27.856553,-25.779249,1221.4,-0.8
132950.0,27.856616,-25.778803,1217.8,-0.84
133000.0,27.856679,-25.778356,1214.0,-0.87
133050.0,27.856738,-25.77791,1210.8,-0.9
133100.0,27.856793,-25.777463,1208.0,-0.92
133150.0,27.856846,-25.777016,1206.0,-0.94
133200.0,27.856869,-25.776567,1204.0,-0.95
133250.0,27.856921,-25.77612,1202.8,-0.95
133300.0,27.856982,-25.775673,1200.9,-0.95
133350.0,27.857054,-25.775229,1198.7,-0.94
133400.0,27.857182,-25.7748,1195.9,-0.93
133450.0,27.857224,-25.774352,1193.9,-0.91
133500.0,27.857233,-25.773903,1191.5,-0.89
133550.0,27.857095,-25.773474,1189.8,-0.86
133600.0,27.856816,-25.773104,1188.8,-0.83
133650.0,27.85642,-25.772834,1188.4,-0.79
133700.0,27.855947,-25.772697,1188.0,-0.75
133750.0,27.855448,-25.772691,1188.0,-0.71
133800.0,27.854949,-25.772706,1188.0,-0.66
133850.0,27.854451,-25.772728,1188.2,-0.61
133900.0,27.853952,-25.772749,1188.4,-0.56
133950.0,27.853453,-25.772771,1188.6,-0.51
134000.0,27.852954,-25.772785,1188.8,-0.46
134050.0,27.852455,-25.772797,1189.0,-0.41
134100.0,27.851956,-25.772811,1189.0,-0.36
134150.0,27.851457,-25.772827,1188.6,-0.31
134200.0,27.85096,-25.772865,1188.0,-0.26
134250.0,27.850465,-25.772927,1187.4,-0.21
134300.0,27.849972,-25.772998,1186.8,-0.17
134350.0,27.849479,-25.773068,1186.2,-0.12
134400.0,27.848986,-25.77314,1186.4,-0.08
134450.0,27.848493,-25.773214,1187.2,-0.05
134500.0,27.848004,-25.773303,1188.0,-0.02
134550.0,27.847517,-25.773402,1188.8,0.01
134600.0,27.847031,-25.773505,1190.0,0.04
134650.0,27.846546,-25.773611,1191.0,0.06
134700.0,27.84606,-25.773716,1191.6,0.08
134750.0,27.845575,-25.773822,1192.6,0.1
134800.0,27.84509,-25.773928,1193.6,0.11
134850.0,27.844604,-25.774034,1194.4,0.12
134900.0,27.844119,-25.77414,1195.0,0.13
134950.0,27.843634,-25.774246,1195.6,0.13
135000.0,27.843149,-25.774353,1195.8,0.13
135050.0,27.842664,-25.77446,1196.0,0.13
135100.0,27.842179,-25.774568,1196.0,0.12
135150.0,27.841694,-25.774676,1196.0,0.11
135200.0,27.841209,-25.774782,1196.0,0.1
135250.0,27.840724,-25.774887,1196.4,0.09
135300.0,27.840238,-25.774991,1196.8,0.07
135350.0,27.839753,-25.7751,1197.2,0.05
135400.0,27.839269,-25.775208,1197.6,0.03
135450.0,27.838784,-25.775316,1198.0,0.01
135500.0,27.838299,-25.775425,1198.0,-0.01
135550.0,27.837814,-25.77553,1198.0,-0.04
135600.0,27.837329,-25.775636,1197.8,-0.06
135650.0,27.836843,-25.775742,1197.6,-0.09
135700.0,27.836358,-25.775847,1197.4,-0.12
135750.0,27.835873,-25.775953,1197.2,-0.14
135800.0,27.835387,-25.776059,1197.0,-0.17
135850.0,27.834902,-25.776165,1197.0,-0.2
135900.0,27.834417,-25.77627,1197.0,-0.23
135950.0,27.833932,-25.776378,1196.8,-0.25
136000.0,27.833449,-25.776492,1196.6,-0.28
136050.0,27.832967,-25.77661,1196.2,-0.31
136100.0,27.832492,-25.776749,1195.8,-0.33
136150.0,27.832017,-25.776888,1195.6,-0.36
136200.0,27.831548,-25.777041,1195.4,-0.38
136250.0,27.831081,-25.7772,1195.2,-0.4
136300.0,27.830613,-25.777358,1195.2,-0.42
136350.0,27.830146,-25.777517,1195.2,-0.44
136400.0,27.829706,-25.777608,1195.0,-0.46
136450.0,27.829473,-25.777211,1194.4,-0.47
136500.0,27.829243,-25.776812,1193.8,-0.48
136550.0,27.829013,-25.776413,1192.8,-0.5
136600.0,27.828783,-25.776013,1191.4,-0.51
136650.0,27.828553,-25.775614,1189.6,-0.51
136700.0,27.828323,-25.775215,1188.4,-0.52
136750.0,27.828093,-25.774816,1186.8,-0.52
136800.0,27.827867,-25.774415,1185.6,-0.52
136850.0,27.827626,-25.774022,1184.6,-0.53
136900.0,27.827328,-25.773663,1183.8,-0.52
136950.0,27.826987,-25.773335,1183.0,-0.52
137000.0,27.826583,-25.773072,1182.6,-0.52
137050.0,27.826146,-25.772855,1182.0,-0.51
137100.0,27.825697,-25.772658,1181.6,-0.5
137150.0,27.825248,-25.772461,1181.2,-0.5
137200.0,27.824799,-25.772264,1180.8,-0.49
137250.0,27.824351,-25.772067,1180.4,-0.48
137300.0,27.823902,-25.771869,1180.2,-0.47
137350.0,27.823451,-25.771676,1180.0,-0.46
137400.0,27.823,-25.771484,1180.0,-0.45
137450.0,27.822548,-25.771293,1180.0,-0.43
137500.0,27.822093,-25.771107,1179.8,-0.42
137550.0,27.821635,-25.770929,1179.6,-0.41
137600.0,27.821176,-25.770751,1179.2,-0.4
137650.0,27.820716,-25.770575,1178.8,-0.39
137700.0,27.820259,-25.770395,1178.4,-0.38
137750.0,27.819796,-25.770227,1178.0,-0.37
137800.0,27.819333,-25.770059,1177.6,-0.36
137850.0,27.818869,-25.769891,1177.4,-0.36
137900.0,27.818406,-25.769723,1177.2,-0.35
137950.0,27.817943,-25.769555,1177.0,-0.34
138000.0,27.81748,-25.769387,1177.0,-0.34
138050.0,27.817018,-25.769216,1177.0,-0.33
138100.0,27.816556,-25.769045,1177.0,-0.32
138150.0,27.816094,-25.768875,1177.0,-0.32
138200.0,27.815637,-25.768695,1176.8,-0.31
138250.0,27.815188,-25.768499,1176.6,-0.31
138300.0,27.814738,-25.768302,1176.4,-0.3
138350.0,27.814289,-25.768106,1176.2,-0.29
138400.0,27.81384,-25.76791,1176.4,-0.28
138450.0,27.813408,-25.767685,1176.8,-0.27
138500.0,27.81298,-25.767453,1177.2,-0.26
138550.0,27.812553,-25.767221,1177.6,-0.25
138600.0,27.812125,-25.766988,1177.8,-0.24
138650.0,27.811698,-25.766756,1177.6,-0.22
138700.0,27.81128,-25.76651,1177.2,-0.2
138750.0,27.810874,-25.766248,1176.8,-0.18
138800.0,27.810469,-25.765986,1175.8,-0.16
138850.0,27.810063,-25.765724,1175.0,-0.13
138900.0,27.809657,-25.765462,1173.8,-0.11
138950.0,27.809263,-25.765186,1172.8,-0.08
139000.0,27.808883,-25.764894,1171.6,-0.04
139050.0,27.808504,-25.764601,1170.5,-0.0
139100.0,27.808125,-25.764309,1168.9,0.03
139150.0,27.807746,-25.764016,1167.5,0.08
139200.0,27.807383,-25.763708,1166.1,0.12
139250.0,27.807025,-25.763394,1164.9,0.17
139300.0,27.806679,-25.76307,1164.2,0.22
139350.0,27.806333,-25.762746,1164.0,0.27
139400.0,27.805987,-25.762421,1164.0,0.32
139450.0,27.805641,-25.762097,1164.0,0.38
139500.0,27.805312,-25.76176,1164.0,0.43
139550.0,27.804992,-25.761415,1164.0,0.49
139600.0,27.804674,-25.761068,1164.7,0.55
139650.0,27.804359,-25.760719,1166.1,0.61
139700.0,27.804053,-25.760364,1167.5,0.67
139750.0,27.803759,-25.76,1169.3,0.73
139800.0,27.80347,-25.759633,1171.3,0.79
139850.0,27.803198,-25.759256,1172.6,0.84
139900.0,27.802926,-25.75888,1173.8,0.9
139950.0,27.802653,-25.758503,1175.0,0.96
140000.0,27.802391,-25.758121,1176.0,1.02
140050.0,27.802135,-25.757734,1177.2,1.07
140100.0,27.801889,-25.757343,1178.8,1.13
140150.0,27.801647,-25.75695,1179.8,1.18
140200.0,27.801405,-25.756556,1181.2,1.24
140250.0,27.80118,-25.756155,1182.6,1.29
140300.0,27.800962,-25.755751,1184.2,1.34
140350.0,27.800743,-25.755347,1185.4,1.39
140400.0,27.80055,-25.754932,1187.0,1.44
140450.0,27.80036,-25.754516,1188.8,1.49
140500.0,27.80017,-25.7541,1190.4,1.54
140550.0,27.799984,-25.753683,1191.4,1.59
140600.0,27.799805,-25.753263,1192.4,1.64
140650.0,27.799631,-25.752842,1193.0,1.69
140700.0,27.799476,-25.752415,1193.6,1.74
140750.0,27.799329,-25.751985,1195.0,1.79
140800.0,27.799182,-25.751555,1196.8,1.84
140850.0,27.799035,-25.751125,1198.6,1.89
140900.0,27.7989,-25.750692,1200.4,1.94
140950.0,27.798767,-25.750259,1201.6,1.98
141000.0,27.798634,-25.749826,1202.4,2.03
141050.0,27.798501,-25.749392,1203.4,2.07
141100.0,27.798368,-25.748959,1204.8,2.12
141150.0,27.798236,-25.748525,1206.2,2.16
141200.0,27.798103,-25.748092,1208.2,2.2
141250.0,27.79797,-25.747658,1209.8,2.23
141300.0,27.797837,-25.747225,1211.0,2.27
141350.0,27.797702,-25.746792,1212.2,2.29
141400.0,27.797566,-25.746359,1214.2,2.32
141450.0,27.79743,-25.745927,1215.6,2.33
141500.0,27.797302,-25.745492,1217.8,2.34
141550.0,27.797161,-25.745061,1220.6,2.35
141600.0,27.797012,-25.744632,1223.8,2.34
141650.0,27.796866,-25.744202,1226.8,2.33
141700.0,27.796727,-25.74377,1230.4,2.31
141750.0,27.796588,-25.743338,1233.7,2.27
141800.0,27.79645,-25.742906,1236.7,2.23
141850.0,27.796311,-25.742474,1239.6,2.17
141900.0,27.796172,-25.742042,1242.6,2.11
141950.0,27.796043,-25.741608,1245.6,2.03
142000.0,27.795919,-25.741172,1248.7,1.94
142050.0,27.79581,-25.740733,1251.7,1.84
142100.0,27.795706,-25.740294,1254.0,1.73
142150.0,27.795607,-25.739853,1256.4,1.6
142200.0,27.795509,-25.739412,1259.0,1.47
142250.0,27.795412,-25.738971,1262.4,1.32
142300.0,27.795335,-25.738527,1266.8,1.17
142350.0,27.795258,-25.738082,1272.7,1.0
142400.0,27.795183,-25.737638,1279.3,0.83
142450.0,27.79511,-25.737193,1286.7,0.65
142500.0,27.795037,-25.736748,1294.3,0.47
142550.0,27.794977,-25.736302,1300.5,0.28
142600.0,27.794937,-25.735854,1305.2,0.09
142650.0,27.794904,-25.735405,1308.4,-0.11
142700.0,27.794899,-25.734956,1309.1,-0.3
142750.0,27.794894,-25.734506,1307.3,-0.49
142800.0,27.794903,-25.734056,1304.4,-0.67
142850.0,27.794912,-25.733607,1300.4,-0.85
142900.0,27.794921,-25.733157,1295.3,-1.03
142950.0,27.794929,-25.732708,1290.0,-1.2
143000.0,27.794932,-25.732258,1284.2,-1.35
143050.0,27.794934,-25.731808,1278.1,-1.5
143100.0,27.794937,-25.731359,1271.5,-1.64
143150.0,27.79494,-25.730909,1264.4,-1.76
143200.0,27.794943,-25.730459,1257.1,-1.88
143250.0,27.794927,-25.73001,1250.0,-1.98
143300.0,27.794912,-25.72956,1243.0,-2.06
143350.0,27.794888,-25.729111,1237.4,-2.13
143400.0,27.794827,-25.728665,1233.4,-2.19
143450.0,27.794765,-25.728219,1230.2,-2.24
143500.0,27.794681,-25.727776,1227.7,-2.27
143550.0,27.794597,-25.727333,1225.9,-2.29
143600.0,27.794497,-25.726892,1223.7,-2.3
143650.0,27.794379,-25.726455,1220.7,-2.3
143700.0,27.794261,-25.726019,1218.2,-2.29
143750.0,27.794134,-25.725584,1215.8,-2.26
143800.0,27.794005,-25.725149,1214.0,-2.23
143850.0,27.793843,-25.724724,1212.2,-2.19
143900.0,27.793667,-25.724303,1211.2,-2.15
143950.0,27.793474,-25.723889,1209.6,-2.09
144000.0,27.793279,-25.723475,1208.4,-2.03
144050.0,27.793073,-25.723065,1206.6,-1.97
144100.0,27.792838,-25.722669,1205.4,-1.91
144150.0,27.792596,-25.722275,1203.8,-1.84
144200.0,27.792347,-25.721886,1202.8,-1.77
144250.0,27.79209,-25.7215,1201.8,-1.7
144300.0,27.791827,-25.721118,1201.2,-1.63
144350.0,27.791543,-25.720749,1200.6,-1.56
144400.0,27.791258,-25.720379,1200.0,-1.49
144450.0,27.790973,-25.72001,1199.4,-1.42
144500.0,27.790682,-25.719645,1198.2,-1.35
144550.0,27.79037,-25.719295,1197.0,-1.28
144600.0,27.790042,-25.718956,1195.8,-1.22
144650.0,27.789712,-25.718618,1195.0,-1.15
144700.0,27.789366,-25.718294,1193.8,-1.09
144750.0,27.789011,-25.717979,1193.0,-1.04
144800.0,27.788646,-25.717672,1192.4,-0.98
144850.0,27.788281,-25.717366,1191.8,-0.93
144900.0,27.787915,-25.717059,1191.0,-0.88
144950.0,27.787522,-25.716782,1190.4,-0.83
145000.0,27.787126,-25.716509,1190.0,-0.79
145050.0,27.78673,-25.716235,1189.6,-0.75
145100.0,27.786324,-25.715974,1188.8,-0.71
145150.0,27.78591,-25.715723,1188.2,-0.67
145200.0,27.785492,-25.715478,1187.8,-0.64
145250.0,27.785059,-25.715254,1187.4,-0.61
145300.0,27.784623,-25.715035,1187.0,-0.58
145350.0,27.784185,-25.71482,1187.0,-0.55
145400.0,27.783736,-25.714623,1187.0,-0.53
145450.0,27.783285,-25.714431,1187.2,-0.51
145500.0,27.782824,-25.714259,1187.4,-0.48
145550.0,27.782359,-25.714096,1187.6,-0.46
145600.0,27.781892,-25.713937,1187.6,-0.45
145650.0,27.781425,-25.713779,1187.6,-0.43
145700.0,27.780953,-25.713634,1187.4,-0.41
145750.0,27.780478,-25.713495,1187.2,-0.4
145800.0,27.779996,-25.713377,1187.0,-0.38
145850.0,27.779515,-25.713259,1187.0,-0.36
145900.0,27.779033,-25.713141,1187.0,-0.35
145950.0,27.778552,-25.713023,1186.8,-0.33
146000.0,27.77807,-25.712905,1186.6,-0.32
146050.0,27.777592,-25.712775,1186.4,-0.3
146100.0,27.777114,-25.712646,1186.2,-0.29
146150.0,27.776636,-25.712516,1185.6,-0.27
146200.0,27.776158,-25.712387,1185.2,-0.25
146250.0,27.77568,-25.712257,1184.6,-0.24
146300.0,27.775203,-25.712128,1184.0,-0.22
146350.0,27.774725,-25.711998,1183.0,-0.2
146400.0,27.774247,-25.711868,1181.9,-0.18
146450.0,27.773769,-25.711739,1180.3,-0.16
146500.0,27.773291,-25.71161,1178.7,-0.14
146550.0,27.772812,-25.711482,1177.1,-0.12
146600.0,27.772336,-25.711348,1175.9,-0.1
146650.0,27.771855,-25.711227,1175.2,-0.08
146700.0,27.771374,-25.711107,1175.4,-0.06
146750.0,27.770894,-25.710986,1176.0,-0.04
146800.0,27.770413,-25.710865,1176.6,-0.02
146850.0,27.769932,-25.710745,1177.4,-0.0
146900.0,27.769451,-25.710624,1178.2,0.01
146950.0,27.76897,-25.710504,1178.8,0.03
147000.0,27.76849,-25.710383,1179.2,0.04
147050.0,27.768009,-25.710263,1180.0,0.06
147100.0,27.767528,-25.710142,1180.6,0.07
147150.0,27.767047,-25.710022,1181.2,0.08
147200.0,27.766567,-25.709899,1181.8,0.08
147250.0,27.76609,-25.709766,1182.4,0.09
147300.0,27.765613,-25.709634,1182.8,0.09
147350.0,27.765136,-25.709502,1183.2,0.09
147400.0,27.764658,-25.709373,1183.8,0.09
147450.0,27.76418,-25.709245,1184.2,0.08
147500.0,27.763701,-25.709117,1184.6,0.07
147550.0,27.763223,-25.708988,1185.0,0.06
147600.0,27.762745,-25.70886,1185.4,0.05
147650.0,27.762266,-25.708732,1185.8,0.04
147700.0,27.761787,-25.708607,1186.4,0.02
147750.0,27.761308,-25.708482,1187.2,0.0
147800.0,27.760827,-25.70836,1188.0,-0.02
147850.0,27.760346,-25.70824,1188.8,-0.04
147900.0,27.759865,-25.70812,1189.4,-0.06
147950.0,27.759387,-25.707991,1189.8,-0.08
148000.0,27.758911,-25.707858,1189.6,-0.1
148050.0,27.758434,-25.707725,1188.8,-0.13
148100.0,27.757957,-25.707591,1188.0,-0.15
148150.0,27.757481,-25.707458,1187.0,-0.18
148200.0,27.757004,-25.707325,1186.0,-0.2
148250.0,27.756527,-25.707192,1185.4,-0.22
148300.0,27.756068,-25.707016,1185.2,-0.25
148350.0,27.755609,-25.706839,1185.0,-0.27
148400.0,27.755151,-25.706662,1185.0,-0.29
148450.0,27.754692,-25.706485,1184.8,-0.31
148500.0,27.754238,-25.706298,1184.6,-0.33
148550.0,27.753799,-25.706084,1183.8,-0.34
148600.0,27.753369,-25.705857,1183.0,-0.36
148650.0,27.752939,-25.705629,1181.8,-0.37
148700.0,27.752508,-25.705401,1180.6,-0.38
148750.0,27.752078,-25.705174,1179.4,-0.39
148800.0,27.751648,-25.704946,1178.8,-0.4
148850.0,27.751239,-25.704689,1178.2,-0.41
148900.0,27.750833,-25.704427,1177.8,-0.41
148950.0,27.750428,-25.704165,1177.6,-0.41
149000.0,27.750023,-25.703901,1177.4,-0.42
149050.0,27.749645,-25.703608,1177.2,-0.41
149100.0,27.749267,-25.703315,1177.0,-0.41
149150.0,27.748887,-25.703023,1177.0,-0.4
149200.0,27.748522,-25.702717,1177.0,-0.4
149250.0,27.748157,-25.702409,1176.6,-0.39
149300.0,27.747804,-25.702092,1176.0,-0.38
149350.0,27.747451,-25.701774,1175.4,-0.37
149400.0,27.747108,-25.701448,1174.4,-0.35
149450.0,27.746767,-25.701119,1173.2,-0.34
149500.0,27.746416,-25.7008,1172.4,-0.32
149550.0,27.746062,-25.700483,1171.8,-0.3
149600.0,27.745708,-25.700166,1171.2,-0.28
149650.0,27.745353,-25.69985,1170.8,-0.26
149700.0,27.744994,-25.699537,1170.6,-0.24
149750.0,27.744637,-25.699223,1170.4,-0.21
149800.0,27.744287,-25.698903,1170.2,-0.19
149850.0,27.743951,-25.698571,1170.0,-0.16
149900.0,27.743653,-25.698211,1170.0,-0.14
149950.0,27.743373,-25.697838,1170.0,-0.11
150000.0,27.743093,-25.697466,1170.0,-0.08
150050.0,27.74282,-25.697089,1170.0,-0.06
150100.0,27.742551,-25.696711,1170.0,-0.03
150150.0,27.74226,-25.696346,1169.8,0.0
150200.0,27.741941,-25.696001,1169.6,0.03
150250.0,27.741582,-25.695689,1169.4,0.06
150300.0,27.741193,-25.695408,1169.2,0.09
150350.0,27.740778,-25.695158,1169.0,0.12
150400.0,27.740341,-25.694942,1169.0,0.15
150450.0,27.739885,-25.694761,1169.0,0.17
150500.0,27.739412,-25.694616,1169.0,0.2
150550.0,27.738926,-25.694515,1169.0,0.23
150600.0,27.738431,-25.694458,1169.4,0.25
150650.0,27.737933,-25.69444,1169.8,0.28
150700.0,27.737435,-25.694461,1170.4,0.31
150750.0,27.73694,-25.694521,1171.0,0.33
150800.0,27.736454,-25.694619,1171.8,0.35
150850.0,27.735984,-25.694769,1172.4,0.37
150900.0,27.73552,-25.694935,1173.2,0.39
150950.0,27.735056,-25.695101,1174.0,0.41
151000.0,27.734593,-25.695269,1174.8,0.43
151050.0,27.734131,-25.695438,1175.4,0.45
151100.0,27.733668,-25.695606,1175.8,0.46
151150.0,27.733206,-25.695775,1176.0,0.47
151200.0,27.732743,-25.695944,1176.2,0.49
151250.0,27.732289,-25.696129,1176.6,0.5
151300.0,27.73185,-25.696342,1177.2,0.51
151350.0,27.73141,-25.696555,1178.0,0.51
151400.0,27.730971,-25.696768,1179.0,0.52
151450.0,27.730532,-25.696983,1179.8,0.52
151500.0,27.730096,-25.697201,1180.4,0.53
151550.0,27.72966,-25.697419,1181.2,0.53
151600.0,27.729223,-25.697637,1182.0,0.53
151650.0,27.728787,-25.697855,1182.6,0.53
151700.0,27.728351,-25.698074,1183.2,0.53
151750.0,27.727916,-25.698294,1183.8,0.53
151800.0,27.727481,-25.698514,1184.2,0.53
151850.0,27.727046,-25.698734,1184.6,0.53
151900.0,27.72661,-25.698955,1185.0,0.53
151950.0,27.726175,-25.699175,1185.4,0.52
152000.0,27.72574,-25.699395,1185.8,0.52
152050.0,27.725305,-25.699615,1186.0,0.51
152100.0,27.72487,-25.699835,1186.0,0.51
152150.0,27.724435,-25.700056,1186.4,0.51
152200.0,27.723999,-25.700274,1186.8,0.5
152250.0,27.723563,-25.700493,1187.4,0.5
152300.0,27.723127,-25.700712,1188.2,0.49
152350.0,27.722691,-25.70093,1189.0,0.49
152400.0,27.722255,-25.701149,1189.6,0.48
152450.0,27.721819,-25.701368,1190.2,0.48
152500.0,27.721383,-25.701586,1190.6,0.48
152550.0,27.720947,-25.701805,1190.8,0.47
152600.0,27.720511,-25.702024,1191.0,0.47
152650.0,27.720075,-25.702242,1191.0,0.47
152700.0,27.719639,-25.702461,1191.0,0.47
152750.0,27.719203,-25.70268,1191.0,0.46
152800.0,27.718767,-25.702899,1191.2,0.46
152850.0,27.718331,-25.703119,1191.4,0.46
152900.0,27.717895,-25.703338,1191.8,0.46
152950.0,27.71746,-25.703557,1192.4,0.46
153000.0,27.717024,-25.703776,1193.0,0.46
153050.0,27.716588,-25.703995,1193.6,0.47
153100.0,27.716152,-25.704214,1194.2,0.47
153150.0,27.715716,-25.704433,1194.6,0.47
153200.0,27.71528,-25.704652,1194.8,0.47
153250.0,27.714845,-25.704871,1195.0,0.47
153300.0,27.71441,-25.705091,1195.0,0.48
153350.0,27.713975,-25.705312,1195.0,0.48
153400.0,27.713539,-25.705532,1195.4,0.48
153450.0,27.713104,-25.705752,1195.8,0.49
153500.0,27.712669,-25.705972,1196.2,0.49
153550.0,27.712234,-25.706192,1196.8,0.49
153600.0,27.711798,-25.706412,1197.4,0.49
153650.0,27.711363,-25.706632,1197.6,0.49
153700.0,27.710928,-25.706851,1198.0,0.49
153750.0,27.710492,-25.70707,1198.6,0.49
153800.0,27.710056,-25.707289,1199.0,0.49
153850.0,27.70962,-25.707508,1199.6,0.48
153900.0,27.709184,-25.707727,1200.2,0.48
153950.0,27.708748,-25.707946,1200.8,0.47
154000.0,27.708312,-25.708164,1201.2,0.46
154050.0,27.707876,-25.708383,1201.6,0.45
154100.0,27.70744,-25.708602,1201.8,0.44
154150.0,27.707004,-25.708821,1202.6,0.43
154200.0,27.706568,-25.709039,1203.4,0.41
154250.0,27.706132,-25.709258,1204.2,0.4
154300.0,27.705695,-25.709476,1205.0,0.38
154350.0,27.705259,-25.709695,1206.0,0.36
154400.0,27.704823,-25.709913,1206.6,0.34
154450.0,27.704387,-25.710131,1207.2,0.32
154500.0,27.703951,-25.71035,1207.8,0.3
154550.0,27.703515,-25.71057,1208.8,0.27
154600.0,27.70308,-25.71079,1209.6,0.25
154650.0,27.702645,-25.71101,1210.2,0.22
154700.0,27.702209,-25.71123,1211.0,0.2
154750.0,27.701774,-25.711449,1211.8,0.17
154800.0,27.701338,-25.711669,1212.2,0.15
154850.0,27.700903,-25.711889,1212.6,0.12
154900.0,27.700468,-25.712109,1213.0,0.09
154950.0,27.700032,-25.712329,1213.0,0.07
155000.0,27.699597,-25.712549,1212.8,0.05
155050.0,27.699162,-25.712769,1212.6,0.03
155100.0,27.698726,-25.712988,1212.2,0.0
155150.0,27.698291,-25.713208,1211.8,-0.01
155200.0,27.697856,-25.713428,1211.2,-0.03
155250.0,27.69742,-25.713647,1210.8,-0.05
155300.0,27.696983,-25.713865,1210.0,-0.06
155350.0,27.696547,-25.714084,1209.0,-0.07
155400.0,27.696111,-25.714303,1208.0,-0.08
155450.0,27.695675,-25.714521,1207.0,-0.08
155500.0,27.695239,-25.71474,1205.8,-0.08
155550.0,27.694803,-25.714959,1204.6,-0.08
155600.0,27.694367,-25.715178,1203.8,-0.08
155650.0,27.693931,-25.715396,1202.8,-0.08
155700.0,27.693495,-25.715615,1202.0,-0.07
155750.0,27.693059,-25.715834,1201.4,-0.06
155800.0,27.692623,-25.716053,1201.2,-0.05
155850.0,27.692187,-25.716272,1201.0,-0.04
155900.0,27.691752,-25.716493,1201.0,-0.03
155950.0,27.691317,-25.716713,1201.2,-0.01
156000.0,27.690882,-25.716933,1201.4,0.0
156050.0,27.690447,-25.717154,1201.8,0.02
156100.0,27.690012,-25.717374,1202.2,0.04
156150.0,27.689577,-25.717594,1202.8,0.05
156200.0,27.689142,-25.717814,1203.2,0.07
156250.0,27.688706,-25.718035,1203.6,0.09
156300.0,27.688269,-25.718252,1203.8,0.11
156350.0,27.687832,-25.718469,1204.2,0.12
156400.0,27.687395,-25.718686,1204.4,0.14
156450.0,27.686958,-25.718903,1204.8,0.16
156500.0,27.686522,-25.719122,1205.2,0.17
156550.0,27.686087,-25.719342,1205.6,0.19
156600.0,27.685651,-25.719561,1206.0,0.2
156650.0,27.685215,-25.71978,1206.6,0.22
156700.0,27.68478,-25.72,1207.0,0.23
156750.0,27.684343,-25.720218,1207.4,0.24
156800.0,27.683907,-25.720437,1207.8,0.25
156850.0,27.683471,-25.720655,1208.0,0.26
156900.0,27.683035,-25.720873,1208.4,0.27
156950.0,27.682598,-25.721092,1208.8,0.28
157000.0,27.682162,-25.72131,1209.2,0.28
157050.0,27.681726,-25.721529,1209.6,0.29
157100.0,27.68129,-25.721747,1210.0,0.3
157150.0,27.680853,-25.721966,1210.0,0.3
157200.0,27.680417,-25.722184,1210.0,0.3
157250.0,27.679981,-25.722403,1210.0,0.31
157300.0,27.679544,-25.722621,1210.0,0.31
157350.0,27.679108,-25.722839,1210.0,0.31
157400.0,27.678671,-25.723057,1210.0,0.32
157450.0,27.678235,-25.723276,1210.0,0.32
157500.0,27.677799,-25.723494,1210.0,0.32
157550.0,27.677363,-25.723713,1210.0,0.32
157600.0,27.676928,-25.723934,1210.6,0.32
157650.0,27.676493,-25.724154,1211.2,0.32
157700.0,27.676058,-25.724375,1211.8,0.32
157750.0,27.675623,-25.724596,1212.6,0.32
157800.0,27.675188,-25.724816,1213.4,0.33
157850.0,27.674752,-25.725034,1213.8,0.33
157900.0,27.674316,-25.725253,1214.2,0.33
157950.0,27.673879,-25.725471,1214.6,0.33
158000.0,27.673443,-25.72569,1214.8,0.33
158050.0,27.673008,-25.725909,1215.0,0.32
158100.0,27.672572,-25.726129,1215.2,0.32
158150.0,27.672136,-25.726348,1215.4,0.32
158200.0,27.671701,-25.726568,1215.6,0.32
158250.0,27.671265,-25.726788,1215.8,0.32
158300.0,27.670829,-25.727006,1216.0,0.32
158350.0,27.670391,-25.727221,1216.0,0.32
158400.0,27.669955,-25.727441,1216.0,0.32
158450.0,27.669521,-25.727663,1216.0,0.32
158500.0,27.669086,-25.727884,1216.4,0.33
158550.0,27.668652,-25.728105,1217.0,0.33
158600.0,27.668217,-25.728326,1217.6,0.33
158650.0,27.66778,-25.728544,1218.4,0.33
158700.0,27.667342,-25.728759,1219.2,0.33
158750.0,27.666904,-25.728975,1219.6,0.33
158800.0,27.666466,-25.729189,1220.0,0.34
158850.0,27.666025,-25.729401,1220.4,0.34
158900.0,27.665585,-25.729613,1220.4,0.34
158950.0,27.665145,-25.729825,1220.4,0.34
159000.0,27.664705,-25.730037,1220.4,0.35
159050.0,27.664264,-25.730248,1220.2,0.35
159100.0,27.663818,-25.73045,1220.0,0.35
159150.0,27.663368,-25.730645,1219.6,0.36
159200.0,27.66292,-25.730843,1219.2,0.36
159250.0,27.662471,-25.731039,1218.8,0.37
159300.0,27.662016,-25.731225,1218.4,0.37
159350.0,27.661562,-25.731411,1218.6,0.37
159400.0,27.661107,-25.731597,1219.2,0.37
159450.0,27.660653,-25.731783,1220.0,0.37
159500.0,27.660199,-25.731969,1220.8,0.38
159550.0,27.659736,-25.732137,1221.8,0.38
159600.0,27.659273,-25.732305,1222.2,0.37
159650.0,27.658808,-25.73247,1223.2,0.37
159700.0,27.658343,-25.732633,1224.0,0.37
159750.0,27.657878,-25.732796,1224.8,0.37
159800.0,27.657412,-25.732959,1225.4,0.36
159850.0,27.656944,-25.733114,1226.2,0.35
159900.0,27.656475,-25.733267,1226.6,0.35
159950.0,27.656006,-25.733421,1227.0,0.34
160000.0,27.655537,-25.733575,1227.6,0.33
160050.0,27.655067,-25.733728,1228.2,0.32
160100.0,27.654594,-25.733871,1228.6,0.3
160150.0,27.654118,-25.734005,1229.2,0.29
160200.0,27.653639,-25.734133,1229.8,0.28
160250.0,27.653161,-25.734262,1230.2,0.26
160300.0,27.652682,-25.73439,1230.8,0.25
160350.0,27.652204,-25.734517,1231.4,0.23
160400.0,27.651723,-25.73464,1231.6,0.21
160450.0,27.651243,-25.734762,1231.8,0.2
160500.0,27.650763,-25.734885,1232.0,0.18
160550.0,27.650282,-25.735007,1232.2,0.16
160600.0,27.649799,-25.735117,1232.4,0.14
160650.0,27.649313,-25.735221,1232.4,0.13
160700.0,27.648827,-25.735324,1232.4,0.11
160750.0,27.648341,-25.735428,1232.4,0.09
160800.0,27.647855,-25.735529,1232.2,0.08
160850.0,27.647367,-25.735623,1232.0,0.06
160900.0,27.646879,-25.735717,1231.8,0.05
160950.0,27.64639,-25.735811,1231.6,0.04
161000.0,27.645902,-25.735902,1231.4,0.02
161050.0,27.645411,-25.735986,1231.2,0.01
161100.0,27.64492,-25.736064,1230.6,0.0
161150.0,27.644428,-25.736142,1230.2,-0.01
161200.0,27.643936,-25.73622,1229.4,-0.02
161250.0,27.643445,-25.736297,1228.6,-0.03
161300.0,27.642951,-25.736365,1227.8,-0.03
161350.0,27.642458,-25.736432,1227.4,-0.04
161400.0,27.641964,-25.736499,1227.0,-0.05
161450.0,27.641468,-25.736553,1227.0,-0.05
161500.0,27.640972,-25.736603,1227.2,-0.06
161550.0,27.640476,-25.736654,1227.4,-0.07
161600.0,27.63998,-25.736705,1227.6,-0.07
161650.0,27.639484,-25.736755,1227.8,-0.08
161700.0,27.638988,-25.736806,1228.2,-0.09
161750.0,27.638492,-25.736856,1228.6,-0.09
161800.0,27.637996,-25.736907,1229.0,-0.1
161850.0,27.637499,-25.736944,1229.4,-0.11
161900.0,27.637001,-25.736977,1229.8,-0.12
161950.0,27.636502,-25.736992,1230.0,-0.13
162000.0,27.636003,-25.737,1230.0,-0.14
162050.0,27.635504,-25.737009,1230.0,-0.15
162100.0,27.635005,-25.737017,1230.0,-0.16
162150.0,27.634506,-25.737026,1230.0,-0.17
162200.0,27.634007,-25.737035,1230.0,-0.18
162250.0,27.633508,-25.737043,1230.0,-0.2
162300.0,27.633009,-25.737052,1230.0,-0.21
162350.0,27.63251,-25.737061,1230.0,-0.22
162400.0,27.632011,-25.737069,1230.0,-0.24
162450.0,27.631511,-25.737078,1230.0,-0.26
162500.0,27.631012,-25.737086,1230.0,-0.27
162550.0,27.630513,-25.737091,1229.6,-0.29
162600.0,27.630014,-25.737096,1229.2,-0.3
162650.0,27.629515,-25.737101,1228.8,-0.32
162700.0,27.629016,-25.737106,1228.2,-0.33
162750.0,27.628517,-25.737111,1227.6,-0.35
162800.0,27.628017,-25.737116,1227.2,-0.37
162850.0,27.627518,-25.737121,1226.8,-0.38
162900.0,27.627019,-25.737126,1226.4,-0.4
162950.0,27.62652,-25.737131,1225.8,-0.41
163000.0,27.626021,-25.737136,1225.2,-0.43
163050.0,27.625522,-25.737141,1224.6,-0.44
163100.0,27.625023,-25.737146,1223.8,-0.45
163150.0,27.624523,-25.73715,1223.0,-0.47
163200.0,27.624024,-25.737155,1222.6,-0.48
163250.0,27.623525,-25.737159,1222.0,-0.49
163300.0,27.623026,-25.737163,1221.6,-0.5
163350.0,27.622527,-25.737167,1221.4,-0.51
163400.0,27.622028,-25.737171,1221.2,-0.52
163450.0,27.621528,-25.737174,1220.6,-0.53
163500.0,27.621029,-25.737178,1220.2,-0.53
163550.0,27.62053,-25.737182,1219.8,-0.54
163600.0,27.620031,-25.737186,1219.4,-0.55
163650.0,27.619532,-25.737189,1219.0,-0.55
163700.0,27.619033,-25.737193,1218.8,-0.56
163750.0,27.618533,-25.737195,1218.6,-0.56
163800.0,27.618034,-25.737197,1218.0,-0.56
163850.0,27.617535,-25.7372,1217.4,-0.56
163900.0,27.617036,-25.737202,1216.8,-0.56
163950.0,27.616537,-25.737205,1216.0,-0.56
164000.0,27.616038,-25.737207,1215.2,-0.56
164050.0,27.615538,-25.737209,1214.6,-0.56
164100.0,27.615039,-25.737212,1213.8,-0.55
164150.0,27.61454,-25.737214,1213.0,-0.55
164200.0,27.614041,-25.737217,1212.2,-0.54
164250.0,27.613542,-25.737222,1211.4,-0.54
164300.0,27.613043,-25.737227,1210.8,-0.53
164350.0,27.612543,-25.737232,1210.2,-0.52
164400.0,27.612044,-25.737237,1209.6,-0.51
164450.0,27.611545,-25.737242,1209.0,-0.5
164500.0,27.611046,-25.737247,1208.4,-0.49
164550.0,27.610547,-25.737252,1207.8,-0.48
164600.0,27.610048,-25.737257,1207.2,-0.47
164650.0,27.609548,-25.737262,1206.6,-0.46
164700.0,27.609049,-25.737267,1206.4,-0.45
164750.0,27.60855,-25.737271,1206.2,-0.43
164800.0,27.608051,-25.737275,1205.8,-0.42
164850.0,27.607552,-25.737278,1205.6,-0.41
164900.0,27.607053,-25.737282,1205.2,-0.4
164950.0,27.606554,-25.737285,1204.8,-0.38
165000.0,27.606054,-25.737289,1204.2,-0.37
165050.0,27.605555,-25.737292,1203.8,-0.36
165100.0,27.605056,-25.737295,1203.4,-0.35
165150.0,27.604557,-25.737299,1203.2,-0.34
165200.0,27.604058,-25.737302,1202.8,-0.33
165250.0,27.603558,-25.737306,1202.6,-0.32
165300.0,27.603059,-25.737309,1202.4,-0.31
165350.0,27.60256,-25.737313,1202.2,-0.31
165400.0,27.602061,-25.737317,1202.0,-0.3
165450.0,27.601562,-25.737321,1202.0,-0.3
165500.0,27.601063,-25.737325,1202.0,-0.3
165550.0,27.600564,-25.737329,1202.2,-0.29
165600.0,27.600064,-25.737333,1202.6,-0.29
165650.0,27.599565,-25.737337,1203.0,-0.29
165700.0,27.599066,-25.737341,1203.4,-0.3
165750.0,27.598567,-25.737345,1203.8,-0.3
165800.0,27.598068,-25.737349,1203.8,-0.31
165850.0,27.597569,-25.737354,1203.6,-0.31
165900.0,27.597069,-25.737358,1203.4,-0.32
165950.0,27.59657,-25.737362,1203.0,-0.33
166000.0,27.596071,-25.737367,1202.6,-0.34
166050.0,27.595572,-25.737371,1202.4,-0.35
166100.0,27.595073,-25.737375,1202.0,-0.36
166150.0,27.594574,-25.737378,1201.6,-0.37
166200.0,27.594074,-25.737381,1201.2,-0.38
166250.0,27.593575,-25.737384,1200.8,-0.4
166300.0,27.593076,-25.737387,1200.4,-0.41
166350.0,27.592577,-25.737391,1200.2,-0.43
166400.0,27.592078,-25.737394,1199.8,-0.44
166450.0,27.591579,-25.737398,1199.6,-0.45
166500.0,27.591079,-25.737402,1199.4,-0.47
166550.0,27.59058,-25.737405,1199.2,-0.48
166600.0,27.590081,-25.737409,1199.0,-0.5
166650.0,27.589582,-25.737413,1198.8,-0.51
166700.0,27.589083,-25.737416,1198.6,-0.52
166750.0,27.588584,-25.73742,1198.4,-0.54
166800.0,27.588084,-25.737423,1197.8,-0.55
166850.0,27.587585,-25.737426,1196.8,-0.56
166900.0,27.587086,-25.737429,1196.0,-0.57
166950.0,27.586587,-25.737433,1194.8,-0.57
167000.0,27.586088,-25.737436,1193.6,-0.58
167050.0,27.585589,-25.737439,1192.8,-0.59
167100.0,27.585089,-25.737443,1191.8,-0.59
167150.0,27.58459,-25.737446,1190.8,-0.6
167200.0,27.584091,-25.737449,1190.0,-0.6
167250.0,27.583592,-25.737452,1189.2,-0.6
167300.0,27.583093,-25.737456,1188.2,-0.6
167350.0,27.582594,-25.737459,1187.6,-0.6
167400.0,27.582094,-25.737462,1187.0,-0.6
167450.0,27.581595,-25.737466,1186.6,-0.6
167500.0,27.581096,-25.737469,1186.2,-0.59
167550.0,27.580597,-25.737472,1185.8,-0.59
167600.0,27.580098,-25.737475,1185.6,-0.58
167650.0,27.579599,-25.737478,1185.4,-0.57
167700.0,27.579099,-25.737482,1184.8,-0.56
167750.0,27.5786,-25.737485,1184.2,-0.55
167800.0,27.578101,-25.737488,1183.8,-0.54
167850.0,27.577602,-25.737491,1183.2,-0.53
167900.0,27.577103,-25.737494,1182.4,-0.52
167950.0,27.576603,-25.737498,1182.0,-0.5
168000.0,27.576104,-25.737501,1181.6,-0.49
168050.0,27.575605,-25.737504,1181.0,-0.47
168100.0,27.575106,-25.737507,1180.2,-0.46
168150.0,27.574607,-25.737511,1179.6,-0.44
168200.0,27.574108,-25.737514,1179.0,-0.42
168250.0,27.573608,-25.737517,1178.4,-0.41
168300.0,27.573109,-25.73752,1177.8,-0.39
168350.0,27.57261,-25.737523,1177.6,-0.37
168400.0,27.572111,-25.737527,1177.4,-0.35
168450.0,27.571612,-25.73753,1177.2,-0.33
168500.0,27.571113,-25.737533,1177.0,-0.31
168550.0,27.570613,-25.737536,1177.0,-0.28
168600.0,27.570114,-25.737539,1177.0,-0.26
168650.0,27.569615,-25.737542,1177.0,-0.24
168700.0,27.569116,-25.737545,1176.6,-0.22
168750.0,27.568617,-25.737548,1176.2,-0.2
168800.0,27.568118,-25.737552,1175.8,-0.18
168850.0,27.567618,-25.737555,1175.2,-0.16
168900.0,27.567119,-25.737558,1174.6,-0.13
168950.0,27.56662,-25.737561,1174.0,-0.11
169000.0,27.566121,-25.737564,1173.4,-0.09
169050.0,27.565622,-25.737567,1172.8,-0.08
169100.0,27.565123,-25.73757,1172.4,-0.06
169150.0,27.564623,-25.737574,1172.0,-0.04
169200.0,27.564124,-25.737577,1172.2,-0.02
169250.0,27.563625,-25.737581,1172.6,-0.01
169300.0,27.563126,-25.737585,1173.0,0.0
169350.0,27.562627,-25.73759,1173.8,0.02
169400.0,27.562128,-25.737594,1174.6,0.03
169450.0,27.561628,-25.737599,1175.4,0.04
169500.0,27.561129,-25.737602,1176.0,0.05
169550.0,27.56063,-25.737606,1176.8,0.05
169600.0,27.560131,-25.737609,1177.4,0.06
169650.0,27.559632,-25.737613,1178.0,0.07
169700.0,27.559133,-25.737616,1178.6,0.07
169750.0,27.558633,-25.73762,1179.2,0.07
169800.0,27.558134,-25.737623,1179.8,0.07
169850.0,27.557635,-25.737627,1180.2,0.08
169900.0,27.557136,-25.737631,1180.6,0.08
169950.0,27.556637,-25.737635,1180.8,0.08
170000.0,27.556138,-25.737639,1181.0,0.08
170050.0,27.555638,-25.737643,1180.8,0.08
170100.0,27.555139,-25.737646,1180.6,0.08
170150.0,27.55464,-25.737648,1180.4,0.08
170200.0,27.554141,-25.737651,1180.0,0.08
170250.0,27.553642,-25.737654,1179.6,0.08
170300.0,27.553143,-25.737657,1179.4,0.09
170350.0,27.552643,-25.73766,1178.8,0.09
170400.0,27.552144,-25.737662,1178.2,0.1
170450.0,27.551645,-25.737665,1177.8,0.1
170500.0,27.551146,-25.737668,1177.4,0.11
170550.0,27.550647,-25.73767,1177.0,0.12
170600.0,27.550147,-25.737668,1176.8,0.13
170650.0,27.549648,-25.737671,1176.6,0.14
170700.0,27.549149,-25.737675,1176.4,0.15
170750.0,27.54865,-25.737679,1176.2,0.17
170800.0,27.548151,-25.737683,1176.0,0.19
170850.0,27.547652,-25.737687,1176.0,0.2
170900.0,27.547153,-25.737693,1176.0,0.22
170950.0,27.546653,-25.737696,1176.0,0.24
171000.0,27.546154,-25.737697,1176.0,0.26
171050.0,27.545655,-25.737702,1176.2,0.29
171100.0,27.545156,-25.737708,1176.6,0.31
171150.0,27.544657,-25.737713,1177.0,0.33
171200.0,27.544158,-25.737724,1177.6,0.36
171250.0,27.543661,-25.737764,1178.2,0.38
171300.0,27.543166,-25.737824,1178.6,0.4
171350.0,27.542673,-25.737892,1178.8,0.43
171400.0,27.542182,-25.737975,1179.0,0.45
171450.0,27.541696,-25.738079,1179.4,0.48
171500.0,27.541213,-25.738192,1179.8,0.5
171550.0,27.540736,-25.738323,1180.4,0.53
171600.0,27.540264,-25.738468,1181.0,0.55
171650.0,27.539797,-25.738629,1181.6,0.57
171700.0,27.539335,-25.738798,1182.0,0.59
171750.0,27.538882,-25.738988,1182.8,0.62
171800.0,27.538437,-25.739191,1183.4,0.64
171850.0,27.538002,-25.739411,1184.0,0.66
171900.0,27.537568,-25.739633,1185.4,0.67
171950.0,27.537148,-25.739877,1186.6,0.69
172000.0,27.536735,-25.740129,1187.4,0.71
172050.0,27.536328,-25.740389,1188.2,0.72
172100.0,27.535938,-25.74067,1189.2,0.74
172150.0,27.535557,-25.74096,1189.4,0.75
172200.0,27.535181,-25.741256,1190.0,0.76
172250.0,27.534807,-25.741554,1190.8,0.77
172300.0,27.534433,-25.741852,1191.6,0.78
172350.0,27.534055,-25.742145,1192.4,0.79
172400.0,27.533678,-25.74244,1193.2,0.8
172450.0,27.533301,-25.742735,1193.6,0.81
172500.0,27.532924,-25.74303,1194.4,0.81
172550.0,27.532552,-25.743329,1195.2,0.82
172600.0,27.532172,-25.74362,1196.0,0.82
172650.0,27.531781,-25.7439,1196.8,0.83
172700.0,27.531384,-25.744172,1197.8,0.83
172750.0,27.530979,-25.744436,1198.2,0.83
172800.0,27.530567,-25.74469,1199.0,0.83
172850.0,27.530148,-25.744934,1199.6,0.83
172900.0,27.529721,-25.745167,1200.4,0.83
172950.0,27.529286,-25.745388,1201.0,0.82
173000.0,27.528844,-25.745597,1202.2,0.82
173050.0,27.528396,-25.745795,1203.0,0.81
173100.0,27.527944,-25.745986,1203.8,0.81
173150.0,27.527485,-25.746162,1204.8,0.8
173200.0,27.527022,-25.74633,1205.8,0.79
173250.0,27.526552,-25.746482,1206.8,0.79
173300.0,27.526078,-25.746621,1207.8,0.78
173350.0,27.5256,-25.746751,1208.8,0.77
173400.0,27.525117,-25.746866,1209.6,0.76
173450.0,27.524633,-25.746975,1210.4,0.75
173500.0,27.524144,-25.747065,1210.8,0.73
173550.0,27.523653,-25.747147,1211.2,0.72
173600.0,27.52316,-25.747219,1212.0,0.71
173650.0,27.522665,-25.747278,1212.6,0.7
173700.0,27.522169,-25.747327,1213.4,0.68
173750.0,27.521671,-25.747361,1214.0,0.67
173800.0,27.521172,-25.747376,1214.8,0.65
173850.0,27.520673,-25.747384,1215.4,0.64
173900.0,27.520174,-25.747377,1216.0,0.62
173950.0,27.519675,-25.747359,1216.4,0.61
174000.0,27.519177,-25.74733,1216.8,0.59
174050.0,27.51868,-25.747288,1217.2,0.57
174100.0,27.518185,-25.747231,1217.4,0.56
174150.0,27.51769,-25.747171,1217.6,0.54
174200.0,27.517196,-25.747111,1217.8,0.53
174250.0,27.516701,-25.747053,1218.6,0.51
174300.0,27.516205,-25.746995,1219.2,0.49
174350.0,27.51571,-25.746942,1219.8,0.47
174400.0,27.515214,-25.746892,1220.6,0.46
174450.0,27.514715,-25.746866,1221.4,0.44
174500.0,27.514217,-25.74685,1221.8,0.42
174550.0,27.513717,-25.746846,1222.2,0.41
174600.0,27.513218,-25.746857,1222.6,0.39
174650.0,27.51272,-25.746886,1222.8,0.37
174700.0,27.512223,-25.746925,1222.8,0.35
174750.0,27.511727,-25.746976,1222.6,0.34
174800.0,27.511233,-25.747043,1222.4,0.32
174850.0,27.510743,-25.747126,1222.2,0.3
174900.0,27.510255,-25.74722,1222.0,0.28
174950.0,27.50977,-25.747328,1222.4,0.26
175000.0,27.509292,-25.747458,1222.8,0.24
175050.0,27.508817,-25.747595,1223.2,0.22
175100.0,27.508347,-25.747747,1223.8,0.2
175150.0,27.507881,-25.747909,1224.4,0.18
175200.0,27.507421,-25.748084,1224.8,0.16
175250.0,27.50697,-25.748275,1225.2,0.13
175300.0,27.506526,-25.748481,1225.6,0.11
175350.0,27.506087,-25.748695,1225.8,0.09
175400.0,27.505651,-25.748913,1226.2,0.06
175450.0,27.505215,-25.749133,1226.6,0.04
175500.0,27.504779,-25.749352,1227.0,0.02
175550.0,27.504343,-25.74957,1227.4,-0.01
175600.0,27.503906,-25.749789,1227.8,-0.03
175650.0,27.50347,-25.750007,1228.0,-0.05
175700.0,27.503033,-25.750225,1228.0,-0.08
175750.0,27.502595,-25.75044,1227.6,-0.1
175800.0,27.502152,-25.750648,1227.2,-0.12
175850.0,27.501701,-25.750841,1226.6,-0.15
175900.0,27.501245,-25.751022,1226.0,-0.17
175950.0,27.500777,-25.75118,1225.4,-0.19
176000.0,27.500303,-25.75132,1225.2,-0.2
176050.0,27.499823,-25.751444,1225.0,-0.22
176100.0,27.499338,-25.751552,1225.0,-0.24
176150.0,27.498849,-25.75164,1225.0,-0.25
176200.0,27.498356,-25.751711,1224.8,-0.26
176250.0,27.49786,-25.751764,1224.6,-0.27
176300.0,27.497363,-25.7518,1224.2,-0.27
176350.0,27.496864,-25.751818,1223.6,-0.28
176400.0,27.496365,-25.751833,1223.0,-0.28
176450.0,27.495866,-25.751844,1222.6,-0.27
176500.0,27.495367,-25.751853,1222.2,-0.27
176550.0,27.494868,-25.751863,1221.6,-0.26
176600.0,27.494369,-25.751874,1221.2,-0.24
176650.0,27.493869,-25.751885,1220.4,-0.23
176700.0,27.49337,-25.751897,1219.6,-0.2
176750.0,27.492871,-25.751906,1218.8,-0.18
176800.0,27.492372,-25.751916,1217.8,-0.15
176850.0,27.491873,-25.751925,1216.8,-0.12
176900.0,27.491374,-25.751936,1216.0,-0.09
176950.0,27.490875,-25.751947,1214.8,-0.05
177000.0,27.490376,-25.751958,1213.6,-0.01
177050.0,27.489877,-25.75197,1212.6,0.03
177100.0,27.489378,-25.751982,1211.6,0.08
177150.0,27.488879,-25.751998,1210.6,0.12
177200.0,27.48838,-25.752015,1210.0,0.17
177250.0,27.487881,-25.752035,1209.4,0.22
177300.0,27.487382,-25.752054,1209.2,0.27
177350.0,27.486883,-25.752072,1209.0,0.32
177400.0,27.486384,-25.752086,1209.4,0.37
177450.0,27.485885,-25.752087,1210.2,0.42
177500.0,27.485386,-25.752083,1211.0,0.47
177550.0,27.484887,-25.752086,1212.2,0.52
177600.0,27.484388,-25.752093,1213.4,0.57
177650.0,27.483889,-25.752102,1214.6,0.61
177700.0,27.483389,-25.75211,1216.0,0.65
177750.0,27.48289,-25.752106,1217.4,0.69
177800.0,27.482391,-25.752103,1218.8,0.72
177850.0,27.481892,-25.752099,1220.2,0.75
177900.0,27.481392,-25.752097,1221.4,0.78
177950.0,27.480893,-25.752094,1222.4,0.8
178000.0,27.480394,-25.752089,1223.4,0.82
178050.0,27.479896,-25.752066,1224.6,0.84
178100.0,27.4794,-25.752022,1225.8,0.85
178150.0,27.478902,-25.752003,1227.4,0.85
178200.0,27.478403,-25.751979,1229.4,0.85
178250.0,27.477905,-25.751956,1231.4,0.85
178300.0,27.477406,-25.751938,1233.4,0.85
178350.0,27.476907,-25.751918,1235.4,0.84
178400.0,27.476408,-25.751895,1237.4,0.82
178450.0,27.47591,-25.751871,1239.2,0.81
178500.0,27.475411,-25.751848,1241.0,0.79
178550.0,27.474912,-25.751831,1242.2,0.77
178600.0,27.474414,-25.751812,1243.4,0.75
178650.0,27.473915,-25.751789,1244.2,0.72
178700.0,27.473416,-25.751766,1244.6,0.7
178750.0,27.472917,-25.751749,1245.2,0.67
178800.0,27.472419,-25.751732,1245.8,0.64
178850.0,27.47192,-25.751709,1246.4,0.62
178900.0,27.471422,-25.751682,1246.6,0.59
178950.0,27.470923,-25.751654,1246.2,0.57
179000.0,27.470425,-25.751626,1245.6,0.55
179050.0,27.469927,-25.751601,1244.8,0.52
179100.0,27.469428,-25.751578,1244.0,0.5
179150.0,27.468929,-25.751556,1243.2,0.49
179200.0,27.468431,-25.751534,1242.8,0.47
179250.0,27.467932,-25.751512,1242.4,0.46
179300.0,27.467434,-25.75149,1242.2,0.45
179350.0,27.466935,-25.751468,1242.0,0.44
179400.0,27.466436,-25.751446,1241.8,0.43
179450.0,27.465938,-25.751423,1241.6,0.43
179500.0,27.465439,-25.751401,1241.4,0.42
179550.0,27.46494,-25.751378,1241.2,0.42
179600.0,27.464442,-25.751356,1241.0,0.42
179650.0,27.463943,-25.751334,1241.2,0.43
179700.0,27.463445,-25.751311,1241.4,0.43
179750.0,27.462946,-25.751282,1241.6,0.44
179800.0,27.462448,-25.751253,1242.0,0.44
179850.0,27.46195,-25.751225,1242.4,0.45
179900.0,27.461452,-25.751197,1242.8,0.45
179950.0,27.460953,-25.75117,1243.8,0.46
180000.0,27.460455,-25.751142,1244.8,0.46
180050.0,27.459957,-25.751116,1246.0,0.47
180100.0,27.459458,-25.751089,1247.2,0.47
180150.0,27.45896,-25.751063,1248.2,0.47
180200.0,27.458461,-25.751037,1248.6,0.47
180250.0,27.457963,-25.75101,1249.4,0.47
180300.0,27.457465,-25.750983,1249.8,0.46
180350.0,27.456966,-25.750956,1250.2,0.45
180400.0,27.456468,-25.750929,1250.8,0.44
180450.0,27.45597,-25.750902,1251.6,0.43
180500.0,27.455471,-25.750874,1252.4,0.42
180550.0,27.454973,-25.750845,1253.4,0.4
180600.0,27.454475,-25.750816,1254.4,0.38
180650.0,27.453977,-25.750787,1255.2,0.35
180700.0,27.453479,-25.750758,1256.6,0.33
180750.0,27.45298,-25.750729,1257.6,0.3
180800.0,27.452482,-25.7507,1258.4,0.27
180850.0,27.451984,-25.750671,1259.2,0.23
180900.0,27.451486,-25.750642,1260.2,0.2
180950.0,27.450988,-25.750613,1260.4,0.16
181000.0,27.450489,-25.750584,1260.6,0.12
181050.0,27.449994,-25.750532,1260.8,0.08
181100.0,27.449499,-25.750472,1261.0,0.04
181150.0,27.449004,-25.750413,1261.2,-0.01
181200.0,27.448509,-25.750353,1261.6,-0.05
181250.0,27.448015,-25.750293,1262.0,-0.09
181300.0,27.44752,-25.750233,1262.4,-0.14
181350.0,27.447025,-25.750174,1262.6,-0.18
181400.0,27.44653,-25.750114,1262.0,-0.22
181450.0,27.446035,-25.750054,1261.0,-0.26
181500.0,27.445541,-25.749994,1260.0,-0.3
181550.0,27.445046,-25.749934,1258.8,-0.34
181600.0,27.444551,-25.749875,1257.8,-0.38
181650.0,27.444055,-25.749823,1257.4,-0.42
181700.0,27.443559,-25.749772,1257.2,-0.45
181750.0,27.443063,-25.749722,1256.8,-0.48
181800.0,27.442567,-25.749671,1256.2,-0.51
181850.0,27.442071,-25.749621,1255.6,-0.54
181900.0,27.441575,-25.74957,1254.2,-0.56
181950.0,27.44108,-25.749513,1252.8,-0.58
182000.0,27.440584,-25.749455,1251.2,-0.6
182050.0,27.440089,-25.749398,1249.8,-0.62
182100.0,27.439594,-25.74934,1248.4,-0.64
182150.0,27.439099,-25.749283,1247.6,-0.65
182200.0,27.438604,-25.749225,1246.4,-0.66
182250.0,27.438109,-25.749168,1245.2,-0.66
182300.0,27.437614,-25.749111,1244.0,-0.67
182350.0,27.437118,-25.749053,1242.8,-0.67
182400.0,27.436623,-25.748996,1241.8,-0.67
182450.0,27.436128,-25.748938,1241.2,-0.67
182500.0,27.435633,-25.748881,1241.0,-0.67
182550.0,27.435138,-25.748823,1241.0,-0.67
182600.0,27.434643,-25.748766,1241.0,-0.66
182650.0,27.434148,-25.748708,1241.0,-0.65
182700.0,27.433653,-25.74865,1241.0,-0.65
182750.0,27.433157,-25.748593,1241.0,-0.64
182800.0,27.432662,-25.748535,1241.0,-0.63
182850.0,27.432167,-25.748477,1240.6,-0.61
182900.0,27.431672,-25.74842,1240.0,-0.6
182950.0,27.431177,-25.748362,1239.4,-0.58
183000.0,27.430682,-25.748305,1238.8,-0.57
183050.0,27.430187,-25.748247,1238.0,-0.55
183100.0,27.429692,-25.748189,1237.6,-0.53
183150.0,27.429197,-25.74813,1237.2,-0.51
183200.0,27.428702,-25.748071,1236.8,-0.49
183250.0,27.428207,-25.748013,1235.8,-0.47
183300.0,27.427712,-25.747954,1235.0,-0.45
183350.0,27.427217,-25.747896,1234.0,-0.43
183400.0,27.426722,-25.747838,1233.2,-0.4
183450.0,27.426227,-25.747779,1232.4,-0.38
183500.0,27.425732,-25.747721,1231.8,-0.35
183550.0,27.425237,-25.747663,1231.2,-0.33
183600.0,27.424742,-25.747605,1230.2,-0.3
183650.0,27.424247,-25.747546,1228.8,-0.27
183700.0,27.423752,-25.747488,1227.4,-0.25
183750.0,27.423257,-25.74743,1226.4,-0.22
183800.0,27.422762,-25.747372,1225.4,-0.19
183850.0,27.422267,-25.747314,1225.6,-0.16
183900.0,27.421772,-25.747255,1226.2,-0.14
183950.0,27.421277,-25.747197,1226.8,-0.11
184000.0,27.420782,-25.747139,1227.6,-0.09
184050.0,27.420287,-25.747081,1228.4,-0.06
184100.0,27.419792,-25.747022,1228.8,-0.04
184150.0,27.419297,-25.746964,1229.4,-0.02
184200.0,27.418801,-25.746906,1230.0,0.01
184250.0,27.418306,-25.746848,1230.4,0.02
184300.0,27.417812,-25.746789,1231.0,0.04
184350.0,27.417317,-25.746729,1231.4,0.06
184400.0,27.416822,-25.746669,1231.6,0.07
184450.0,27.416327,-25.74661,1231.8,0.09
184500.0,27.415832,-25.746554,1232.2,0.1
184550.0,27.415336,-25.746499,1232.4,0.11
184600.0,27.414841,-25.746441,1232.6,0.11
184650.0,27.414346,-25.746382,1232.8,0.12
184700.0,27.413851,-25.746328,1233.0,0.12
184750.0,27.413354,-25.74628,1233.0,0.12
184800.0,27.412857,-25.746239,1233.0,0.12
184850.0,27.412359,-25.746205,1233.4,0.12
184900.0,27.411862,-25.746171,1233.8,0.12
184950.0,27.411363,-25.746152,1234.2,0.11
185000.0,27.410864,-25.746135,1235.0,0.11
185050.0,27.410365,-25.74613,1235.8,0.1
185100.0,27.409866,-25.746141,1236.2,0.09
185150.0,27.409367,-25.746152,1236.6,0.08
185200.0,27.408868,-25.746164,1237.0,0.07
185250.0,27.40837,-25.746195,1236.8,0.06
185300.0,27.407872,-25.746228,1236.6,0.05
185350.0,27.407375,-25.746269,1236.4,0.04
185400.0,27.406878,-25.746315,1236.2,0.03
185450.0,27.406384,-25.746375,1236.0,0.01
185500.0,27.405889,-25.746435,1235.8,0.0
185550.0,27.405394,-25.746495,1235.6,-0.01
185600.0,27.404899,-25.746555,1235.4,-0.02
185650.0,27.404405,-25.746615,1235.2,-0.04
185700.0,27.40391,-25.746675,1235.0,-0.05
185750.0,27.403415,-25.746735,1235.0,-0.06
185800.0,27.40292,-25.746795,1235.0,-0.08
185850.0,27.402426,-25.746855,1234.8,-0.09
185900.0,27.401931,-25.746915,1234.6,-0.1
185950.0,27.401436,-25.746975,1234.4,-0.11
186000.0,27.400941,-25.747034,1234.2,-0.12
186050.0,27.400447,-25.747094,1234.0,-0.14
186100.0,27.399952,-25.747154,1234.0,-0.15
186150.0,27.399457,-25.747214,1234.0,-0.16
186200.0,27.398962,-25.747274,1233.8,-0.17
186250.0,27.398467,-25.74733,1233.6,-0.18
186300.0,27.397971,-25.747386,1233.4,-0.19
186350.0,27.397476,-25.747441,1233.2,-0.21
186400.0,27.396981,-25.747499,1233.0,-0.22
186450.0,27.396486,-25.747558,1233.0,-0.23
186500.0,27.395992,-25.74762,1233.0,-0.24
186550.0,27.395498,-25.747689,1232.8,-0.25
186600.0,27.395005,-25.747759,1232.4,-0.26
186650.0,27.39451,-25.747819,1232.0,-0.27
186700.0,27.394016,-25.747878,1231.6,-0.29
186750.0,27.393521,-25.747937,1231.2,-0.3
186800.0,27.393026,-25.747997,1231.0,-0.31
186850.0,27.392531,-25.748056,1231.4,-0.32
186900.0,27.392036,-25.748114,1231.8,-0.33
186950.0,27.391541,-25.748172,1232.2,-0.35
187000.0,27.391046,-25.74823,1232.6,-0.36
187050.0,27.390551,-25.748287,1232.4,-0.37
187100.0,27.390056,-25.748349,1231.8,-0.38
187150.0,27.389562,-25.748411,1231.0,-0.39
187200.0,27.389067,-25.748474,1230.0,-0.41
187250.0,27.388573,-25.748536,1229.0,-0.42
187300.0,27.388079,-25.748599,1228.4,-0.43
187350.0,27.387584,-25.748661,1227.8,-0.44
187400.0,27.38709,-25.748723,1227.4,-0.45
187450.0,27.386596,-25.748792,1227.0,-0.47
187500.0,27.386104,-25.748868,1226.6,-0.48
187550.0,27.385616,-25.748962,1226.4,-0.49
187600.0,27.385129,-25.749061,1226.2,-0.5
187650.0,27.384644,-25.749167,1226.0,-0.51
187700.0,27.384163,-25.749288,1225.8,-0.52
187750.0,27.383683,-25.749411,1225.6,-0.53
187800.0,27.383203,-25.749535,1224.8,-0.54
187850.0,27.382724,-25.749662,1224.0,-0.55
187900.0,27.382246,-25.749791,1223.2,-0.56
187950.0,27.381768,-25.74992,1222.0,-0.56
188000.0,27.38129,-25.750049,1220.8,-0.57
188050.0,27.380811,-25.750178,1220.2,-0.58
188100.0,27.380332,-25.750303,1219.6,-0.59
188150.0,27.379849,-25.750418,1219.0,-0.6
188200.0,27.379365,-25.750527,1219.0,-0.61
188250.0,27.378879,-25.750631,1218.8,-0.61
188300.0,27.378393,-25.750734,1218.4,-0.62
188350.0,27.377906,-25.750832,1218.0,-0.63
188400.0,27.377417,-25.750923,1217.6,-0.63
188450.0,27.376927,-25.751008,1217.2,-0.64
188500.0,27.376436,-25.75109,1217.0,-0.65
188550.0,27.375944,-25.751164,1217.0,-0.65
188600.0,27.37545,-25.751232,1217.0,-0.66
188650.0,27.374955,-25.751292,1216.6,-0.66
188700.0,27.37446,-25.751349,1216.2,-0.66
188750.0,27.373965,-25.751405,1215.4,-0.67
188800.0,27.373469,-25.75146,1214.6,-0.67
188850.0,27.372973,-25.751512,1213.4,-0.67
188900.0,27.372477,-25.751559,1212.6,-0.67
188950.0,27.371979,-25.751594,1211.8,-0.67
189000.0,27.371481,-25.751621,1211.2,-0.67
189050.0,27.370982,-25.751644,1210.0,-0.67
189100.0,27.370484,-25.751663,1209.2,-0.67
189150.0,27.369985,-25.751682,1208.2,-0.67
189200.0,27.369486,-25.751697,1206.8,-0.66
189250.0,27.368987,-25.7517,1205.6,-0.66
189300.0,27.368487,-25.751704,1205.0,-0.65
189350.0,27.367988,-25.751702,1204.4,-0.64
189400.0,27.367489,-25.751691,1203.8,-0.63
189450.0,27.36699,-25.75168,1203.6,-0.62
189500.0,27.366491,-25.751658,1203.2,-0.61
189550.0,27.365993,-25.751633,1202.6,-0.6
189600.0,27.365495,-25.751605,1202.0,-0.59
189650.0,27.364997,-25.751569,1201.2,-0.58
189700.0,27.364499,-25.751532,1200.4,-0.57
189750.0,27.364003,-25.751489,1199.8,-0.56
189800.0,27.363506,-25.751439,1199.4,-0.54
189850.0,27.363011,-25.751384,1198.8,-0.53
189900.0,27.362516,-25.751324,1198.4,-0.52
189950.0,27.362022,-25.751258,1198.0,-0.51
190000.0,27.36153,-25.751184,1197.4,-0.5
190050.0,27.361037,-25.751111,1196.8,-0.48
190100.0,27.360545,-25.751034,1196.2,-0.47
190150.0,27.360054,-25.750955,1195.8,-0.46
190200.0,27.359565,-25.750865,1195.4,-0.45
190250.0,27.359077,-25.75077,1195.2,-0.44
190300.0,27.358589,-25.750677,1195.0,-0.44
190350.0,27.358104,-25.750568,1195.0,-0.43
190400.0,27.35762,-25.75046,1195.0,-0.42
190450.0,27.357136,-25.750348,1195.0,-0.42
190500.0,27.356655,-25.750227,1195.0,-0.42
190550.0,27.356175,-25.750104,1195.0,-0.41
190600.0,27.355695,-25.749979,1195.0,-0.41
190650.0,27.355219,-25.749844,1195.0,-0.41
190700.0,27.354744,-25.749707,1195.0,-0.41
190750.0,27.354272,-25.749559,1195.0,-0.42
190800.0,27.353801,-25.749411,1194.8,-0.42
190850.0,27.35333,-25.749261,1194.6,-0.42
190900.0,27.352862,-25.749106,1194.4,-0.43
190950.0,27.352396,-25.748945,1194.2,-0.43
191000.0,27.35193,-25.748783,1194.0,-0.44
191050.0,27.351469,-25.748611,1194.0,-0.44
191100.0,27.351011,-25.748432,1194.0,-0.45
191150.0,27.350553,-25.748253,1193.8,-0.45
191200.0,27.350095,-25.748074,1193.6,-0.46
191250.0,27.349642,-25.747884,1193.4,-0.47
191300.0,27.349195,-25.747685,1192.8,-0.47
191350.0,27.348748,-25.747485,1192.2,-0.48
191400.0,27.348301,-25.747285,1191.6,-0.48
191450.0,27.347853,-25.747086,1190.2,-0.49
191500.0,27.347406,-25.746886,1188.8,-0.49
191550.0,27.346971,-25.746666,1187.8,-0.5
191600.0,27.346539,-25.746441,1186.2,-0.5
191650.0,27.346107,-25.746215,1184.6,-0.5
191700.0,27.345675,-25.74599,1183.8,-0.5
191750.0,27.34525,-25.745753,1183.0,-0.51
191800.0,27.344829,-25.745512,1182.2,-0.51
191850.0,27.344407,-25.745272,1182.0,-0.51
191900.0,27.343985,-25.745031,1182.0,-0.51
191950.0,27.343573,-25.744778,1182.0,-0.51
192000.0,27.343165,-25.744519,1182.0,-0.51
192050.0,27.342759,-25.744257,1182.0,-0.51
192100.0,27.342356,-25.743991,1182.0,-0.5
192150.0,27.341954,-25.743725,1182.0,-0.5
192200.0,27.341551,-25.743459,1182.0,-0.5
192250.0,27.341153,-25.743189,1182.0,-0.5
192300.0,27.340759,-25.742912,1182.0,-0.5
192350.0,27.340366,-25.742635,1182.0,-0.49
192400.0,27.339976,-25.742355,1182.0,-0.49
192450.0,27.33959,-25.74207,1181.8,-0.49
192500.0,27.339203,-25.741785,1181.6,-0.48
192550.0,27.338807,-25.741512,1180.6,-0.48
192600.0,27.338409,-25.741241,1179.4,-0.48
192650.0,27.338016,-25.740963,1178.2,-0.47
192700.0,27.337624,-25.740685,1177.2,-0.47
192750.0,27.337242,-25.740395,1176.2,-0.47
192800.0,27.336849,-25.740118,1176.0,-0.46
192850.0,27.336453,-25.739844,1175.6,-0.46
192900.0,27.336058,-25.739569,1174.8,-0.46
192950.0,27.335667,-25.73929,1174.0,-0.45
193000.0,27.335274,-25.739013,1173.2,-0.45
193050.0,27.334873,-25.738745,1172.4,-0.45
193100.0,27.334467,-25.738483,1172.0,-0.44
193150.0,27.334059,-25.738225,1172.0,-0.44
193200.0,27.333644,-25.737974,1172.0,-0.44
193250.0,27.333228,-25.737726,1172.0,-0.43
193300.0,27.332806,-25.737486,1172.0,-0.43
193350.0,27.332377,-25.737256,1171.8,-0.43
193400.0,27.331945,-25.737031,1171.6,-0.43
193450.0,27.331511,-25.736809,1171.4,-0.43
193500.0,27.331072,-25.736594,1171.2,-0.43
193550.0,27.330634,-25.736379,1171.0,-0.43
193600.0,27.330183,-25.736186,1170.8,-0.43
193650.0,27.329729,-25.735999,1170.6,-0.43
193700.0,27.329275,-25.735812,1170.4,-0.43
193750.0,27.328822,-25.735624,1170.2,-0.43
193800.0,27.328373,-25.735428,1169.8,-0.43
193850.0,27.327924,-25.735231,1169.6,-0.43
193900.0,27.327459,-25.735068,1169.4,-0.43
193950.0,27.326989,-25.734918,1169.2,-0.43
194000.0,27.326515,-25.734776,1169.0,-0.44
194050.0,27.326042,-25.734633,1169.0,-0.44
194100.0,27.325563,-25.734507,1168.6,-0.44
194150.0,27.325082,-25.734385,1168.2,-0.44
194200.0,27.324601,-25.734267,1167.4,-0.44
194250.0,27.324116,-25.73416,1166.6,-0.44
194300.0,27.323631,-25.734054,1165.8,-0.45
194350.0,27.323146,-25.733947,1165.2,-0.45
194400.0,27.32266,-25.733844,1164.6,-0.45
194450.0,27.322174,-25.733741,1164.0,-0.45
194500.0,27.321688,-25.733638,1163.4,-0.45
194550.0,27.321202,-25.733535,1162.8,-0.44
194600.0,27.320717,-25.733431,1162.2,-0.44
194650.0,27.320231,-25.733328,1161.6,-0.44
194700.0,27.319745,-25.733224,1161.4,-0.44
194750.0,27.31926,-25.733118,1161.2,-0.43
194800.0,27.318778,-25.733003,1161.0,-0.43
194850.0,27.318295,-25.732888,1160.8,-0.42
194900.0,27.317813,-25.732772,1160.6,-0.42
194950.0,27.31733,-25.732657,1160.2,-0.41
195000.0,27.316847,-25.732544,1159.8,-0.41
195050.0,27.316364,-25.732432,1159.2,-0.4
195100.0,27.31589,-25.732292,1158.6,-0.39
195150.0,27.315421,-25.732138,1158.0,-0.38
195200.0,27.314954,-25.731978,1157.2,-0.37
195250.0,27.314492,-25.731809,1156.4,-0.36
195300.0,27.314031,-25.731636,1155.8,-0.35
195350.0,27.313573,-25.731457,1155.4,-0.34
195400.0,27.313117,-25.731273,1155.0,-0.32
195450.0,27.312669,-25.731076,1155.0,-0.31
195500.0,27.312219,-25.73088,1155.0,-0.3
195550.0,27.311752,-25.730722,1155.0,-0.28
195600.0,27.311319,-25.7305,1155.0,-0.27
195650.0,27.310884,-25.73028,1155.0,-0.25
195700.0,27.310447,-25.730061,1155.0,-0.24
195750.0,27.310016,-25.729835,1155.0,-0.22
195800.0,27.309587,-25.729604,1154.8,-0.2
195850.0,27.309158,-25.729376,1154.6,-0.18
195900.0,27.308728,-25.729147,1154.2,-0.17
195950.0,27.308298,-25.728919,1153.8,-0.15
196000.0,27.307868,-25.72869,1153.4,-0.13
196050.0,27.307438,-25.728462,1153.2,-0.11
196100.0,27.307008,-25.728233,1153.0,-0.09
196150.0,27.306577,-25.728007,1152.8,-0.06
196200.0,27.306141,-25.727788,1152.6,-0.04
196250.0,27.305709,-25.727563,1152.2,-0.02
196300.0,27.305279,-25.727335,1151.8,0.0
196350.0,27.304849,-25.727106,1151.4,0.02
196400.0,27.304421,-25.726874,1151.2,0.04
196450.0,27.30399,-25.726648,1151.0,0.07
196500.0,27.303559,-25.726421,1151.0,0.09
196550.0,27.303128,-25.726194,1151.0,0.11
196600.0,27.302698,-25.725967,1151.0,0.13
196650.0,27.302267,-25.725739,1151.0,0.15
196700.0,27.301836,-25.725512,1151.0,0.17
196750.0,27.301405,-25.725285,1151.0,0.19
196800.0,27.300974,-25.725058,1151.0,0.21
196850.0,27.300544,-25.724831,1151.4,0.23
196900.0,27.300115,-25.724601,1152.0,0.24
196950.0,27.299682,-25.724376,1153.0,0.26
197000.0,27.299248,-25.724155,1154.0,0.27
197050.0,27.298813,-25.723934,1155.2,0.29
197100.0,27.298381,-25.72371,1156.0,0.3
197150.0,27.297949,-25.723485,1156.8,0.31
197200.0,27.297517,-25.723259,1157.4,0.32
197250.0,27.297085,-25.723034,1158.0,0.32
197300.0,27.296653,-25.722809,1158.6,0.33
197350.0,27.296221,-25.722583,1159.2,0.34
197400.0,27.295789,-25.722358,1159.6,0.34
197450.0,27.295357,-25.722133,1159.8,0.34
197500.0,27.294925,-25.721907,1160.0,0.34
197550.0,27.294493,-25.721682,1160.0,0.34
197600.0,27.294062,-25.721456,1160.0,0.34
197650.0,27.293631,-25.721229,1160.2,0.34
197700.0,27.293199,-25.721003,1160.4,0.33
197750.0,27.292768,-25.720776,1160.6,0.33
197800.0,27.292337,-25.72055,1160.8,0.32
197850.0,27.291906,-25.720323,1161.2,0.32
197900.0,27.291475,-25.720097,1161.6,0.31
197950.0,27.291044,-25.71987,1162.0,0.3
198000.0,27.290612,-25.719644,1162.4,0.29
198050.0,27.290181,-25.719417,1163.2,0.29
198100.0,27.28975,-25.719191,1163.8,0.28
198150.0,27.289319,-25.718965,1164.2,0.27
198200.0,27.288888,-25.718738,1164.8,0.26
198250.0,27.288456,-25.718512,1165.4,0.25
198300.0,27.288025,-25.718285,1165.4,0.24
198350.0,27.287594,-25.718059,1165.4,0.23
198400.0,27.287163,-25.717832,1165.4,0.23
198450.0,27.286732,-25.717606,1165.2,0.22
198500.0,27.286301,-25.717379,1165.0,0.21
198550.0,27.285869,-25.717153,1165.0,0.21
198600.0,27.285438,-25.716926,1165.2,0.2
198650.0,27.285007,-25.7167,1165.4,0.2
198700.0,27.284576,-25.716473,1165.6,0.19
198750.0,27.284145,-25.716247,1165.8,0.19
198800.0,27.283714,-25.71602,1166.0,0.19
198850.0,27.283282,-25.715794,1166.0,0.19
198900.0,27.282851,-25.715567,1166.0,0.19
198950.0,27.28242,-25.715341,1166.0,0.19
199000.0,27.281989,-25.715114,1166.0,0.19
199050.0,27.281558,-25.714888,1165.8,0.19
199100.0,27.281127,-25.714661,1165.6,0.2
199150.0,27.280696,-25.714435,1165.4,0.2
199200.0,27.280264,-25.714208,1165.2,0.21
199250.0,27.279833,-25.713982,1165.0,0.22
199300.0,27.279402,-25.713755,1165.0,0.22
199350.0,27.278971,-25.713529,1165.0,0.23
199400.0,27.27854,-25.713303,1165.0,0.24
199450.0,27.278109,-25.713076,1165.2,0.26
199500.0,27.277677,-25.71285,1165.4,0.27
199550.0,27.277246,-25.712623,1165.6,0.28
199600.0,27.276815,-25.712397,1165.8,0.29
199650.0,27.276383,-25.712172,1166.0,0.31
199700.0,27.275949,-25.71195,1166.0,0.32
199750.0,27.275516,-25.711725,1166.2,0.34
199800.0,27.275089,-25.711493,1166.4,0.35
199850.0,27.274662,-25.711261,1166.8,0.37
199900.0,27.27423,-25.711036,1167.2,0.38
199950.0,27.273798,-25.71081,1167.8,0.39
200000.0,27.273366,-25.710585,1168.2,0.41
200050.0,27.272934,-25.710359,1168.8,0.42
200100.0,27.272503,-25.710134,1169.8,0.44
200150.0,27.272071,-25.709908,1170.8,0.45
200200.0,27.271638,-25.709685,1171.6,0.47
200250.0,27.271204,-25.709463,1172.4,0.48
200300.0,27.270769,-25.709241,1173.0,0.49
200350.0,27.270337,-25.709016,1173.2,0.5
200400.0,27.269906,-25.70879,1173.4,0.52
200450.0,27.269476,-25.708562,1173.6,0.53
200500.0,27.269045,-25.708334,1173.8,0.54
200550.0,27.268615,-25.708107,1174.0,0.55
200600.0,27.268184,-25.70788,1174.0,0.56
200650.0,27.267753,-25.707654,1174.0,0.57
200700.0,27.267322,-25.707427,1174.0,0.58
200750.0,27.266894,-25.707195,1174.0,0.58
200800.0,27.266468,-25.706961,1174.6,0.59
200850.0,27.26604,-25.706731,1175.2,0.6
200900.0,27.265608,-25.706505,1176.4,0.61
200950.0,27.265177,-25.706278,1177.6,0.61
201000.0,27.264746,-25.706052,1179.0,0.62
201050.0,27.264315,-25.705826,1179.8,0.63
201100.0,27.263884,-25.705599,1181.0,0.63
201150.0,27.26345,-25.705376,1181.8,0.64
201200.0,27.263018,-25.705151,1182.6,0.65
201250.0,27.262587,-25.704924,1183.4,0.66
201300.0,27.262157,-25.704696,1184.4,0.67
201350.0,27.261727,-25.704468,1185.0,0.68
201400.0,27.261296,-25.704241,1185.8,0.69
201450.0,27.260867,-25.704011,1186.6,0.71
201500.0,27.260439,-25.70378,1187.2,0.73
201550.0,27.260008,-25.703554,1187.6,0.74
201600.0,27.259574,-25.703333,1188.2,0.76
201650.0,27.25914,-25.703111,1188.6,0.79
201700.0,27.258708,-25.702885,1189.0,0.81
201750.0,27.258277,-25.702659,1189.4,0.84
201800.0,27.257846,-25.702432,1189.6,0.87
201850.0,27.257415,-25.702204,1189.4,0.9
201900.0,27.256985,-25.701976,1189.0,0.94
201950.0,27.256555,-25.701749,1188.6,0.98
202000.0,27.256125,-25.701521,1188.2,1.02
202050.0,27.255695,-25.701292,1188.0,1.06
202100.0,27.255266,-25.701063,1188.0,1.1
202150.0,27.254835,-25.700836,1188.0,1.15
202200.0,27.254402,-25.700612,1188.0,1.19
202250.0,27.253969,-25.700389,1188.0,1.23
202300.0,27.253533,-25.70017,1188.0,1.28
202350.0,27.253098,-25.699949,1188.6,1.32
202400.0,27.252665,-25.699725,1189.2,1.37
202450.0,27.252234,-25.6995,1190.3,1.41
202500.0,27.251806,-25.699268,1191.9,1.45
202550.0,27.251376,-25.699041,1194.1,1.48
202600.0,27.250941,-25.698819,1195.7,1.51
202650.0,27.250511,-25.698592,1197.9,1.54
202700.0,27.250082,-25.698362,1199.6,1.56
202750.0,27.249648,-25.69814,1201.4,1.57
202800.0,27.249216,-25.697916,1202.8,1.58
202850.0,27.248785,-25.697689,1205.4,1.59
202900.0,27.248354,-25.697462,1208.6,1.58
202950.0,27.247924,-25.697234,1213.0,1.57
203000.0,27.247492,-25.697008,1216.8,1.55
203050.0,27.247061,-25.696783,1220.4,1.53
203100.0,27.246629,-25.696557,1223.3,1.49
203150.0,27.246197,-25.696332,1225.5,1.45
203200.0,27.245765,-25.696107,1227.0,1.4
203250.0,27.24533,-25.695886,1229.0,1.34
203300.0,27.244894,-25.695667,1231.5,1.28
203350.0,27.244459,-25.695448,1234.0,1.21
203400.0,27.244023,-25.695229,1237.1,1.13
203450.0,27.243579,-25.695024,1240.8,1.05
203500.0,27.243131,-25.694826,1244.6,0.97
203550.0,27.242683,-25.694628,1248.5,0.88
203600.0,27.242235,-25.694429,1251.9,0.78
203650.0,27.241787,-25.694231,1254.2,0.69
203700.0,27.241337,-25.694037,1255.4,0.59
203750.0,27.240881,-25.693854,1256.0,0.49
203800.0,27.240425,-25.693671,1255.3,0.4
203850.0,27.23997,-25.693488,1253.9,0.3
203900.0,27.239513,-25.693307,1252.5,0.21
203950.0,27.239054,-25.693131,1250.7,0.12
204000.0,27.238595,-25.692954,1248.9,0.03
204050.0,27.238136,-25.692778,1247.0,-0.05
204100.0,27.237672,-25.692613,1245.0,-0.13
204150.0,27.237202,-25.692461,1242.2,-0.2
204200.0,27.236732,-25.69231,1239.8,-0.27
204250.0,27.236263,-25.692158,1237.4,-0.33
204300.0,27.23579,-25.692015,1235.4,-0.38
204350.0,27.235313,-25.691881,1233.6,-0.43
204400.0,27.234837,-25.691747,1232.0,-0.47
204450.0,27.234361,-25.691613,1230.4,-0.51
204500.0,27.233882,-25.691486,1228.2,-0.54
204550.0,27.233403,-25.69136,1226.4,-0.56
204600.0,27.232924,-25.691235,1225.0,-0.57
204650.0,27.232445,-25.69111,1224.2,-0.58
204700.0,27.231965,-25.690984,1223.0,-0.59
204750.0,27.231485,-25.690864,1222.4,-0.59
204800.0,27.231,-25.690756,1221.8,-0.58
204850.0,27.230515,-25.690653,1221.0,-0.57
204900.0,27.230027,-25.690559,1220.2,-0.56
204950.0,27.229539,-25.690465,1219.8,-0.55
205000.0,27.229051,-25.690371,1219.4,-0.53
205050.0,27.228559,-25.690295,1219.0,-0.51
205100.0,27.228067,-25.690218,1219.0,-0.49
205150.0,27.227575,-25.690142,1219.0,-0.46
205200.0,27.227084,-25.690066,1219.0,-0.44
205250.0,27.226592,-25.689989,1219.2,-0.42
205300.0,27.226098,-25.689924,1219.4,-0.39
205350.0,27.225604,-25.689866,1219.6,-0.37
205400.0,27.225109,-25.689808,1219.8,-0.35
205450.0,27.224614,-25.68975,1220.0,-0.33
205500.0,27.224119,-25.689692,1220.0,-0.3
205550.0,27.223624,-25.689633,1220.0,-0.28
205600.0,27.22313,-25.689575,1220.4,-0.27
205650.0,27.222635,-25.689517,1221.2,-0.25
205700.0,27.22214,-25.689459,1222.0,-0.23
205750.0,27.221645,-25.689401,1222.8,-0.21
205800.0,27.22115,-25.689343,1223.6,-0.2
205850.0,27.220656,-25.689285,1224.0,-0.18
205900.0,27.220161,-25.689227,1223.6,-0.17
205950.0,27.219666,-25.689168,1223.0,-0.15
206000.0,27.219171,-25.689108,1222.0,-0.14
206050.0,27.218677,-25.689049,1221.0,-0.12
206100.0,27.218182,-25.688989,1220.0,-0.11
206150.0,27.217688,-25.688929,1219.4,-0.09
206200.0,27.217193,-25.688869,1219.0,-0.07
206250.0,27.2167,-25.688803,1218.8,-0.05
206300.0,27.216207,-25.688732,1218.6,-0.03
206350.0,27.215715,-25.68866,1218.2,-0.01
206400.0,27.215222,-25.688589,1217.8,0.02
206450.0,27.214729,-25.688517,1217.4,0.04
206500.0,27.214237,-25.688445,1217.2,0.07
206550.0,27.213744,-25.688375,1216.8,0.11
206600.0,27.213251,-25.688305,1216.6,0.14
206650.0,27.212759,-25.68823,1216.6,0.18
206700.0,27.21227,-25.688143,1216.6,0.22
206750.0,27.21178,-25.688056,1216.8,0.26
206800.0,27.211292,-25.687962,1217.2,0.31
206850.0,27.210807,-25.687857,1217.6,0.36
206900.0,27.210322,-25.687753,1217.8,0.41
206950.0,27.209839,-25.687637,1217.8,0.46
207000.0,27.209357,-25.687521,1217.6,0.51
207050.0,27.208875,-25.687404,1216.8,0.57
207100.0,27.208397,-25.687276,1215.8,0.63
207150.0,27.20792,-25.687144,1214.8,0.68
207200.0,27.207444,-25.687011,1213.8,0.74
207250.0,27.206971,-25.686868,1212.8,0.8
207300.0,27.206505,-25.686707,1212.4,0.86
207350.0,27.206039,-25.686546,1212.2,0.91
207400.0,27.205573,-25.686385,1212.8,0.97
207450.0,27.205107,-25.686224,1213.6,1.02
207500.0,27.204642,-25.686063,1215.4,1.08
207550.0,27.204187,-25.685878,1218.2,1.13
207600.0,27.203737,-25.685684,1221.0,1.18
207650.0,27.203287,-25.685489,1223.8,1.22
207700.0,27.202838,-25.685294,1226.8,1.27
207750.0,27.20239,-25.685095,1229.4,1.31
207800.0,27.201943,-25.684896,1231.0,1.34
207850.0,27.201496,-25.684695,1233.3,1.37
207900.0,27.20105,-25.684494,1235.5,1.4
207950.0,27.200608,-25.684285,1237.7,1.43
208000.0,27.200168,-25.684073,1239.3,1.45
208050.0,27.199733,-25.683853,1241.6,1.47
208100.0,27.199302,-25.683627,1243.9,1.48
208150.0,27.198876,-25.683392,1246.2,1.5
208200.0,27.198452,-25.683155,1249.0,1.5
208250.0,27.198035,-25.682909,1251.8,1.51
208300.0,27.197622,-25.682657,1253.9,1.51
208350.0,27.197211,-25.682401,1255.3,1.51
208400.0,27.196816,-25.682127,1256.0,1.51
208450.0,27.196421,-25.681853,1256.0,1.51
208500.0,27.196027,-25.681576,1256.0,1.5
208550.0,27.195637,-25.681296,1256.0,1.49
208600.0,27.19525,-25.681012,1256.0,1.48
208650.0,27.194863,-25.680729,1256.7,1.47
208700.0,27.194477,-25.680443,1258.1,1.46
208750.0,27.194098,-25.680151,1259.5,1.45
208800.0,27.193726,-25.679851,1261.1,1.44
208850.0,27.19336,-25.679546,1262.7,1.43
208900.0,27.192997,-25.679238,1264.2,1.42
208950.0,27.192636,-25.678927,1265.2,1.41
209000.0,27.19228,-25.678612,1266.4,1.4
209050.0,27.191923,-25.678298,1267.8,1.39
209100.0,27.191569,-25.677981,1269.2,1.38
209150.0,27.191226,-25.677654,1270.2,1.37
209200.0,27.190891,-25.677321,1271.0,1.37
209250.0,27.190558,-25.676987,1272.2,1.36
209300.0,27.190225,-25.676652,1273.0,1.36
209350.0,27.189901,-25.67631,1273.8,1.35
209400.0,27.189593,-25.675957,1275.2,1.35
209450.0,27.189263,-25.675619,1276.6,1.34
209500.0,27.188956,-25.675265,1277.4,1.34
209550.0,27.188655,-25.674906,1278.8,1.34
209600.0,27.188356,-25.674547,1280.4,1.34
209650.0,27.188058,-25.674185,1281.2,1.34
209700.0,27.187769,-25.673819,1282.0,1.33
209750.0,27.187479,-25.673453,1282.8,1.33
209800.0,27.187189,-25.673087,1283.6,1.33
209850.0,27.186899,-25.672722,1284.2,1.32
209900.0,27.186609,-25.672356,1284.8,1.32
209950.0,27.186319,-25.67199,1286.0,1.31
210000.0,27.186029,-25.671624,1287.6,1.31
210050.0,27.185739,-25.671258,1288.6,1.3
210100.0,27.185449,-25.670892,1289.8,1.29
210150.0,27.185159,-25.670526,1291.0,1.27
210200.0,27.184869,-25.67016,1291.6,1.26
210250.0,27.184579,-25.669794,1292.4,1.24
210300.0,27.184289,-25.669429,1293.8,1.22
210350.0,27.183999,-25.669063,1295.5,1.2
210400.0,27.183708,-25.668697,1297.7,1.17
210450.0,27.183418,-25.668332,1300.3,1.14
210500.0,27.183129,-25.667965,1302.3,1.11
210550.0,27.182841,-25.667598,1303.9,1.07
210600.0,27.182551,-25.667232,1305.8,1.03
210650.0,27.18226,-25.666867,1307.2,0.98
210700.0,27.18197,-25.666501,1308.2,0.93
210750.0,27.181679,-25.666135,1309.8,0.88
210800.0,27.181389,-25.66577,1311.2,0.83
210850.0,27.181098,-25.665404,1312.2,0.77
210900.0,27.180808,-25.665039,1313.2,0.7
210950.0,27.180517,-25.664673,1315.0,0.64
211000.0,27.180227,-25.664308,1316.2,0.57
211050.0,27.179936,-25.663942,1317.8,0.5
211100.0,27.179646,-25.663576,1319.2,0.43
211150.0,27.179355,-25.663211,1320.8,0.35
211200.0,27.179065,-25.662845,1321.6,0.28
211250.0,27.178774,-25.66248,1322.4,0.2
211300.0,27.178484,-25.662114,1322.8,0.12
211350.0,27.178193,-25.661749,1322.8,0.05
211400.0,27.177903,-25.661383,1322.0,-0.03
211450.0,27.177612,-25.661017,1321.2,-0.11
211500.0,27.177323,-25.660651,1320.4,-0.19
211550.0,27.177034,-25.660285,1319.4,-0.27
211600.0,27.176744,-25.659919,1318.6,-0.34
211650.0,27.176455,-25.659552,1318.0,-0.41
211700.0,27.176165,-25.659186,1317.0,-0.49
211750.0,27.175876,-25.65882,1316.0,-0.56
211800.0,27.175587,-25.658454,1315.2,-0.62
211850.0,27.175297,-25.658087,1313.8,-0.69
211900.0,27.175008,-25.657721,1312.8,-0.75
211950.0,27.174719,-25.657354,1311.4,-0.81
212000.0,27.174432,-25.656987,1310.0,-0.86
212050.0,27.174141,-25.656622,1308.6,-0.91
212100.0,27.17385,-25.656257,1307.4,-0.96
212150.0,27.173558,-25.655892,1306.2,-1.01
212200.0,27.173267,-25.655526,1305.2,-1.05
212250.0,27.172976,-25.655161,1304.0,-1.08
212300.0,27.172685,-25.654796,1302.8,-1.12
212350.0,27.172393,-25.654431,1302.0,-1.15
212400.0,27.172102,-25.654066,1300.6,-1.17
212450.0,27.171811,-25.653701,1299.4,-1.19
212500.0,27.17152,-25.653336,1298.4,-1.21
212550.0,27.171229,-25.652971,1296.8,-1.23
212600.0,27.170937,-25.652606,1294.6,-1.24
212650.0,27.170646,-25.652241,1292.8,-1.24
212700.0,27.170355,-25.651876,1291.2,-1.25
212750.0,27.170064,-25.65151,1289.6,-1.25
212800.0,27.169773,-25.651145,1288.4,-1.24
212850.0,27.169481,-25.65078,1287.8,-1.24
212900.0,27.16919,-25.650415,1286.8,-1.23
212950.0,27.168899,-25.65005,1285.8,-1.21
213000.0,27.168608,-25.649685,1284.2,-1.19
213050.0,27.168317,-25.64932,1282.8,-1.17
213100.0,27.168017,-25.64896,1280.8,-1.15
213150.0,27.167706,-25.648609,1279.4,-1.13
213200.0,27.167405,-25.648251,1278.2,-1.1
213250.0,27.167109,-25.647889,1277.1,-1.07
213300.0,27.166821,-25.647521,1275.5,-1.03
213350.0,27.166527,-25.647158,1274.3,-1.0
213400.0,27.166233,-25.646795,1272.5,-0.96
213450.0,27.165949,-25.646426,1270.5,-0.92
213500.0,27.165665,-25.646056,1269.0,-0.88
213550.0,27.165381,-25.645687,1267.8,-0.84
213600.0,27.165089,-25.645322,1266.8,-0.79
213650.0,27.164794,-25.64496,1266.4,-0.75
213700.0,27.164488,-25.644604,1266.2,-0.7
213750.0,27.164175,-25.644254,1266.0,-0.65
213800.0,27.163856,-25.643909,1266.0,-0.6
213850.0,27.163533,-25.643566,1266.0,-0.55
213900.0,27.163204,-25.643228,1266.0,-0.5
213950.0,27.16286,-25.642903,1265.8,-0.44
214000.0,27.162512,-25.64258,1265.6,-0.39
214050.0,27.162159,-25.642263,1265.4,-0.34
214100.0,27.161801,-25.641949,1265.2,-0.28
214150.0,27.161436,-25.641643,1265.0,-0.23
214200.0,27.16107,-25.641338,1264.6,-0.17
214250.0,27.160697,-25.641039,1264.2,-0.11
214300.0,27.160319,-25.640746,1263.8,-0.05
214350.0,27.159933,-25.640461,1263.4,0.0
214400.0,27.159543,-25.640181,1263.0,0.06
214450.0,27.159143,-25.639913,1263.0,0.12
214500.0,27.158738,-25.63965,1263.0,0.18
214550.0,27.158332,-25.639389,1263.0,0.24
214600.0,27.157917,-25.639139,1263.0,0.3
214650.0,27.157503,-25.638888,1263.0,0.37
214700.0,27.157091,-25.638635,1263.0,0.43
214750.0,27.15668,-25.63838,1263.4,0.49
214800.0,27.156269,-25.638125,1263.8,0.55
214850.0,27.155859,-25.63787,1264.8,0.62
214900.0,27.15545,-25.637612,1265.8,0.68
214950.0,27.155038,-25.637358,1266.8,0.75
215000.0,27.154624,-25.637108,1267.6,0.81
215050.0,27.15421,-25.636857,1268.4,0.87
215100.0,27.153796,-25.636606,1269.0,0.93
215150.0,27.153382,-25.636355,1269.6,0.99
215200.0,27.15297,-25.636102,1270.2,1.05
215250.0,27.152558,-25.635849,1271.2,1.11
215300.0,27.152146,-25.635595,1272.2,1.17
215350.0,27.151735,-25.635341,1272.8,1.22
215400.0,27.151323,-25.635087,1273.4,1.27
215450.0,27.150912,-25.634832,1274.0,1.31
215500.0,27.1505,-25.634578,1274.0,1.35
215550.0,27.15008,-25.634336,1274.0,1.38
215600.0,27.149665,-25.634087,1274.6,1.41
215650.0,27.149246,-25.633843,1275.2,1.43
215700.0,27.148818,-25.633612,1276.2,1.44
215750.0,27.148371,-25.633414,1277.8,1.45
215800.0,27.147911,-25.63324,1279.4,1.45
215850.0,27.147431,-25.633121,1281.0,1.44
215900.0,27.146942,-25.633033,1283.2,1.41
215950.0,27.146446,-25.632989,1285.8,1.38
216000.0,27.145947,-25.632997,1288.6,1.34
216050.0,27.14545,-25.633033,1292.2,1.3
216100.0,27.144962,-25.633121,1296.0,1.24
216150.0,27.14449,-25.633266,1300.0,1.17
216200.0,27.144027,-25.633434,1304.1,1.09
216250.0,27.143578,-25.63363,1308.3,1.0
216300.0,27.143125,-25.633816,1313.1,0.91
216350.0,27.142666,-25.633993,1318.5,0.81
216400.0,27.142194,-25.634136,1324.5,0.7
216450.0,27.14171,-25.634242,1330.2,0.59
216500.0,27.141218,-25.634317,1335.0,0.47
216550.0,27.140723,-25.634374,1338.4,0.35
216600.0,27.140229,-25.63443,1340.4,0.22
216650.0,27.139734,-25.634491,1341.0,0.1
216700.0,27.139239,-25.634543,1340.1,-0.03
216750.0,27.138743,-25.634594,1338.3,-0.16
216800.0,27.138248,-25.634645,1335.5,-0.28
216850.0,27.137752,-25.634696,1331.7,-0.4
216900.0,27.137257,-25.634748,1327.1,-0.52
216950.0,27.136761,-25.634799,1322.6,-0.63
217000.0,27.136266,-25.634851,1318.2,-0.74
217050.0,27.135772,-25.634912,1314.2,-0.84
217100.0,27.135277,-25.634971,1310.6,-0.93
217150.0,27.134783,-25.63503,1306.9,-1.02
217200.0,27.134288,-25.635088,1303.2,-1.09
217250.0,27.133794,-25.635146,1299.4,-1.16
217300.0,27.133299,-25.635201,1295.7,-1.22
217350.0,27.132804,-25.635256,1292.1,-1.28
217400.0,27.132318,-25.635353,1288.6,-1.33
217450.0,27.131832,-25.635456,1285.9,-1.36
217500.0,27.131357,-25.635591,1283.7,-1.4
217550.0,27.130895,-25.635759,1282.0,-1.42
217600.0,27.130445,-25.635954,1280.8,-1.44
217650.0,27.130012,-25.636176,1280.4,-1.45
217700.0,27.12959,-25.636416,1280.0,-1.46
217750.0,27.129193,-25.636688,1280.0,-1.47
217800.0,27.128806,-25.636971,1280.0,-1.47
217850.0,27.12842,-25.637255,1280.0,-1.47
217900.0,27.127997,-25.637493,1280.0,-1.46
217950.0,27.127567,-25.637721,1279.2,-1.46
218000.0,27.127115,-25.637904,1277.8,-1.45
218050.0,27.126655,-25.638074,1276.4,-1.44
218100.0,27.126186,-25.638227,1275.0,-1.43
218150.0,27.125709,-25.638356,1273.6,-1.43
218200.0,27.125221,-25.638452,1273.0,-1.42
218250.0,27.124728,-25.638518,1273.0,-1.41
218300.0,27.124232,-25.638563,1273.0,-1.41
218350.0,27.123734,-25.638576,1273.0,-1.4
218400.0,27.123235,-25.638569,1272.8,-1.4
218450.0,27.122738,-25.638538,1272.6,-1.39
218500.0,27.12224,-25.638508,1272.4,-1.39
218550.0,27.121742,-25.638478,1272.2,-1.39
218600.0,27.121245,-25.638447,1272.0,-1.38
218650.0,27.120747,-25.638417,1271.8,-1.38
218700.0,27.12025,-25.638387,1270.8,-1.38
218750.0,27.119752,-25.638357,1269.6,-1.38
218800.0,27.119254,-25.638328,1267.8,-1.37
218850.0,27.118756,-25.638299,1265.4,-1.37
218900.0,27.118259,-25.638266,1262.7,-1.36
218950.0,27.117762,-25.638231,1260.3,-1.35
219000.0,27.117265,-25.638196,1257.2,-1.35
219050.0,27.116767,-25.638164,1253.8,-1.34
219100.0,27.116269,-25.638133,1251.0,-1.32
219150.0,27.115772,-25.638104,1248.1,-1.31
219200.0,27.115274,-25.638081,1245.7,-1.3
219250.0,27.114775,-25.638065,1243.8,-1.28
219300.0,27.114277,-25.638049,1242.4,-1.26
219350.0,27.113778,-25.638037,1241.0,-1.24
219400.0,27.113279,-25.638027,1240.0,-1.23
219450.0,27.112781,-25.638024,1239.0,-1.2
219500.0,27.112282,-25.638022,1238.2,-1.18
219550.0,27.111783,-25.638019,1237.4,-1.16
219600.0,27.111284,-25.638017,1236.6,-1.14
219650.0,27.110786,-25.638016,1236.0,-1.12
219700.0,27.110287,-25.638016,1235.4,-1.1
219750.0,27.109788,-25.638015,1234.8,-1.08
219800.0,27.109289,-25.638015,1234.6,-1.06
219850.0,27.108791,-25.638016,1234.4,-1.05
219900.0,27.108292,-25.638016,1233.8,-1.03
219950.0,27.107793,-25.638017,1233.2,-1.02
220000.0,27.107294,-25.638018,1232.8,-1.0
220050.0,27.106796,-25.638017,1232.4,-0.99
220100.0,27.106297,-25.638017,1232.0,-0.99
220150.0,27.105798,-25.638016,1232.0,-0.98
220200.0,27.105299,-25.638015,1232.0,-0.97
220250.0,27.104801,-25.638015,1232.0,-0.97
220300.0,27.104302,-25.638014,1232.0,-0.97
220350.0,27.103803,-25.638013,1232.0,-0.97
220400.0,27.103304,-25.638013,1232.0,-0.97
220450.0,27.102805,-25.638013,1232.0,-0.97
220500.0,27.102307,-25.638013,1232.0,-0.97
220550.0,27.101808,-25.638013,1232.0,-0.97
220600.0,27.101309,-25.638013,1232.0,-0.97
220650.0,27.10081,-25.638013,1231.6,-0.97
220700.0,27.100312,-25.638013,1231.2,-0.97
220750.0,27.099813,-25.638013,1229.9,-0.97
220800.0,27.099314,-25.638013,1227.7,-0.96
220850.0,27.098815,-25.638013,1225.5,-0.96
220900.0,27.098317,-25.638013,1222.9,-0.95
220950.0,27.097818,-25.638013,1220.3,-0.94
221000.0,27.097319,-25.638013,1217.8,-0.93
221050.0,27.09682,-25.638013,1215.6,-0.92
221100.0,27.096321,-25.638013,1213.4,-0.9
221150.0,27.095823,-25.638011,1211.4,-0.89
221200.0,27.095324,-25.63801,1209.4,-0.87
221250.0,27.094825,-25.638009,1207.8,-0.84
221300.0,27.094326,-25.638007,1206.6,-0.82
221350.0,27.093828,-25.638006,1205.4,-0.79
221400.0,27.093329,-25.638005,1204.6,-0.77
221450.0,27.09283,-25.638005,1203.8,-0.74
221500.0,27.092331,-25.638004,1203.4,-0.71
221550.0,27.091833,-25.638004,1203.2,-0.68
221600.0,27.091334,-25.638003,1202.6,-0.65
221650.0,27.090835,-25.638003,1202.2,-0.63
221700.0,27.090336,-25.638002,1201.8,-0.6
221750.0,27.089838,-25.638004,1201.4,-0.57
221800.0,27.089339,-25.638003,1201.0,-0.55
221850.0,27.08884,-25.638002,1201.0,-0.53
221900.0,27.088341,-25.638001,1201.2,-0.51
221950.0,27.087842,-25.638,1201.4,-0.49
222000.0,27.087344,-25.637999,1201.8,-0.48
222050.0,27.086845,-25.637997,1202.2,-0.47
222100.0,27.086346,-25.637996,1203.0,-0.46
222150.0,27.085847,-25.637995,1203.6,-0.45
222200.0,27.085349,-25.637994,1204.4,-0.45
222250.0,27.08485,-25.637993,1205.2,-0.46
222300.0,27.084351,-25.637991,1206.0,-0.46
222350.0,27.083852,-25.63799,1206.6,-0.47
222400.0,27.083354,-25.637989,1207.2,-0.49
222450.0,27.082855,-25.637987,1207.6,-0.5
222500.0,27.082356,-25.637986,1207.8,-0.52
222550.0,27.081857,-25.637985,1208.0,-0.54
222600.0,27.081359,-25.637983,1207.6,-0.57
222650.0,27.08086,-25.637982,1206.8,-0.59
222700.0,27.080361,-25.63798,1206.0,-0.62
222750.0,27.079862,-25.637978,1205.2,-0.65
222800.0,27.079363,-25.637976,1204.4,-0.68
222850.0,27.078865,-25.637974,1204.0,-0.71
222900.0,27.078366,-25.637973,1203.8,-0.74
222950.0,27.077867,-25.637971,1203.6,-0.77
223000.0,27.077368,-25.637969,1202.8,-0.8
223050.0,27.07687,-25.637967,1202.0,-0.83
223100.0,27.076371,-25.637965,1200.6,-0.86
223150.0,27.075872,-25.637964,1199.0,-0.89
223200.0,27.075373,-25.637963,1197.4,-0.91
223250.0,27.074875,-25.637962,1196.0,-0.94
223300.0,27.074376,-25.637962,1194.6,-0.96
223350.0,27.073877,-25.637961,1193.4,-0.98
223400.0,27.073378,-25.637961,1192.1,-0.99
223450.0,27.07288,-25.637961,1190.3,-1.01
223500.0,27.072381,-25.637962,1188.9,-1.02
223550.0,27.071882,-25.637962,1187.5,-1.03
223600.0,27.071383,-25.637961,1185.7,-1.04
223650.0,27.070884,-25.637959,1184.0,-1.04
223700.0,27.070386,-25.637958,1182.8,-1.05
223750.0,27.069887,-25.637957,1181.2,-1.05
223800.0,27.069388,-25.637956,1179.6,-1.05
223850.0,27.068889,-25.637955,1178.6,-1.04
223900.0,27.068391,-25.637954,1177.6,-1.04
223950.0,27.067892,-25.637952,1176.6,-1.03
224000.0,27.067393,-25.637949,1175.8,-1.02
224050.0,27.066894,-25.637947,1175.0,-1.02
224100.0,27.066396,-25.637944,1174.4,-1.01
224150.0,27.065897,-25.637941,1174.0,-1.0
224200.0,27.065398,-25.637937,1173.6,-0.98
224250.0,27.064899,-25.637933,1172.8,-0.97
224300.0,27.064401,-25.637929,1172.0,-0.96
224350.0,27.063902,-25.637925,1171.0,-0.95
224400.0,27.063403,-25.637922,1169.8,-0.94
224450.0,27.062904,-25.637918,1168.6,-0.93
224500.0,27.062406,-25.637914,1168.0,-0.92
224550.0,27.061907,-25.63791,1167.4,-0.91
224600.0,27.061408,-25.637906,1167.0,-0.9
224650.0,27.060909,-25.637902,1167.0,-0.89
224700.0,27.060411,-25.637899,1167.0,-0.89
224750.0,27.059912,-25.637896,1167.0,-0.88
224800.0,27.059413,-25.637894,1167.0,-0.87
224850.0,27.058914,-25.637893,1166.6,-0.87
224900.0,27.058416,-25.637893,1166.0,-0.86
224950.0,27.057917,-25.637895,1165.4,-0.85
225000.0,27.057418,-25.637898,1164.6,-0.85
225050.0,27.056919,-25.637898,1163.8,-0.85
225100.0,27.056421,-25.637894,1163.4,-0.84
225150.0,27.055922,-25.637889,1162.8,-0.84
225200.0,27.055423,-25.637884,1162.2,-0.83
225250.0,27.054924,-25.637882,1161.2,-0.83
225300.0,27.054426,-25.637882,1160.2,-0.83
225350.0,27.053927,-25.637882,1158.5,-0.82
225400.0,27.053428,-25.637886,1156.5,-0.82
225450.0,27.052929,-25.637889,1154.5,-0.82
225500.0,27.052431,-25.637891,1152.9,-0.81
225550.0,27.051932,-25.637887,1151.3,-0.81
225600.0,27.051433,-25.637883,1150.4,-0.81
225650.0,27.050934,-25.637879,1150.2,-0.8
225700.0,27.050436,-25.637875,1150.0,-0.8
225750.0,27.04994,-25.637914,1149.8,-0.8
225800.0,27.049442,-25.637927,1149.6,-0.79
225850.0,27.048943,-25.637932,1149.4,-0.79
225900.0,27.048444,-25.637928,1149.2,-0.79
225950.0,27.047946,-25.637926,1148.8,-0.78
226000.0,27.047447,-25.637927,1148.6,-0.78
226050.0,27.046948,-25.637922,1148.2,-0.78
226100.0,27.046449,-25.637914,1147.8,-0.78
226150.0,27.045951,-25.637901,1147.2,-0.77
226200.0,27.045456,-25.637868,1146.8,-0.77
226250.0,27.044958,-25.637867,1146.0,-0.77
226300.0,27.044459,-25.637866,1145.4,-0.77
226350.0,27.04396,-25.637864,1144.8,-0.77
226400.0,27.043461,-25.637863,1144.0,-0.77
226450.0,27.042962,-25.637862,1143.2,-0.77
226500.0,27.042464,-25.637863,1142.4,-0.77
226550.0,27.041965,-25.637869,1141.6,-0.77
226600.0,27.041466,-25.637874,1140.6,-0.77
226650.0,27.040967,-25.637879,1140.0,-0.77
226700.0,27.040469,-25.637884,1139.4,-0.77
226750.0,27.03997,-25.637883,1138.8,-0.77
226800.0,27.039471,-25.63788,1138.2,-0.77
226850.0,27.038973,-25.637879,1137.4,-0.77
226900.0,27.038474,-25.637881,1136.4,-0.77
226950.0,27.037975,-25.637872,1135.4,-0.77
227000.0,27.037477,-25.637848,1134.6,-0.77
227050.0,27.03698,-25.637812,1133.8,-0.77
227100.0,27.036485,-25.637758,1133.4,-0.77
227150.0,27.035993,-25.637686,1133.0,-0.77
227200.0,27.035505,-25.637592,1132.4,-0.76
227250.0,27.035021,-25.637485,1132.0,-0.76
227300.0,27.034537,-25.637377,1131.6,-0.75
227350.0,27.034052,-25.63727,1131.2,-0.74
227400.0,27.033568,-25.637163,1131.0,-0.73
227450.0,27.033083,-25.637056,1130.8,-0.72
227500.0,27.032599,-25.636949,1130.4,-0.7
227550.0,27.032116,-25.636836,1129.8,-0.69
227600.0,27.031631,-25.636732,1129.2,-0.67
227650.0,27.031142,-25.636642,1128.6,-0.65
227700.0,27.03065,-25.636571,1127.4,-0.62
227750.0,27.030153,-25.636543,1125.8,-0.6
227800.0,27.029654,-25.636546,1124.4,-0.57
227850.0,27.029157,-25.636584,1122.2,-0.54
227900.0,27.028662,-25.636639,1120.0,-0.5
227950.0,27.02817,-25.63671,1118.0,-0.47
228000.0,27.027678,-25.636785,1116.6,-0.43
228050.0,27.027187,-25.636866,1115.2,-0.39
228100.0,27.026697,-25.636948,1114.6,-0.34
228150.0,27.026206,-25.637029,1114.0,-0.3
228200.0,27.025715,-25.637107,1114.2,-0.25
228250.0,27.025223,-25.637182,1114.4,-0.2
228300.0,27.02473,-25.637251,1114.6,-0.15
228350.0,27.024235,-25.637304,1114.8,-0.1
228400.0,27.023737,-25.637315,1115.0,-0.05
228450.0,27.02324,-25.637285,1115.0,0.0
228500.0,27.022748,-25.637213,1115.0,0.06
228550.0,27.022263,-25.63711,1115.0,0.11
228600.0,27.021781,-25.636994,1115.0,0.16
228650.0,27.021299,-25.636879,1115.0,0.21
228700.0,27.020817,-25.636763,1114.8,0.26
228750.0,27.020335,-25.636647,1114.6,0.31
228800.0,27.019853,-25.636532,1114.4,0.36
228850.0,27.01937,-25.636417,1114.2,0.41
228900.0,27.018888,-25.636302,1114.4,0.45
228950.0,27.018406,-25.636187,1115.3,0.49
229000.0,27.017924,-25.636072,1116.7,0.53
229050.0,27.017442,-25.635957,1118.3,0.56
229100.0,27.01696,-25.635842,1119.9,0.59
229150.0,27.016477,-25.635727,1121.7,0.62
229200.0,27.015995,-25.635612,1123.0,0.64
229250.0,27.015513,-25.635498,1124.4,0.66
229300.0,27.01503,-25.635383,1126.0,0.67
229350.0,27.014548,-25.635268,1127.6,0.68
229400.0,27.01406,-25.63519,1128.6,0.69
229450.0,27.013575,-25.635085,1129.6,0.69
229500.0,27.013093,-25.634968,1130.4,0.68
229550.0,27.012609,-25.634858,1131.2,0.67
229600.0,27.012126,-25.634749,1132.0,0.66
229650.0,27.011642,-25.634637,1133.0,0.64
229700.0,27.011161,-25.634521,1134.0,0.62
229750.0,27.010682,-25.634396,1135.0,0.6
229800.0,27.010202,-25.634271,1135.6,0.57
229850.0,27.009728,-25.634137,1136.6,0.53
229900.0,27.009254,-25.634005,1137.8,0.5
229950.0,27.008772,-25.633889,1139.0,0.46
230000.0,27.00829,-25.633772,1140.0,0.42
230050.0,27.007809,-25.633655,1141.0,0.37
230100.0,27.007327,-25.633539,1141.8,0.33
230150.0,27.006845,-25.633422,1142.2,0.28
230200.0,27.006364,-25.633305,1143.0,0.23
230250.0,27.005882,-25.633189,1144.1,0.19
230300.0,27.0054,-25.633072,1145.7,0.14
230350.0,27.004919,-25.632956,1147.3,0.09
230400.0,27.004437,-25.632839,1148.9,0.05
230450.0,27.003955,-25.632722,1150.1,0.01
230500.0,27.003474,-25.632606,1150.8,-0.03
230550.0,27.002992,-25.632489,1150.2,-0.07
230600.0,27.002509,-25.632376,1148.6,-0.11
230650.0,27.002027,-25.632263,1146.2,-0.14
230700.0,27.001544,-25.632149,1143.2,-0.17
230750.0,27.001061,-25.632036,1140.2,-0.19
230800.0,27.000579,-25.631923,1137.4,-0.21
230850.0,27.000096,-25.63181,1135.0,-0.22
230900.0,26.999613,-25.631696,1133.4,-0.23
230950.0,26.999131,-25.631583,1132.2,-0.24
231000.0,26.998648,-25.63147,1131.0,-0.24
231050.0,26.998166,-25.631354,1130.4,-0.24
231100.0,26.997684,-25.631238,1130.2,-0.23
231150.0,26.997203,-25.631121,1129.6,-0.22
231200.0,26.99672,-25.631009,1128.7,-0.2
231250.0,26.996236,-25.630899,1127.3,-0.19
231300.0,26.995748,-25.630807,1125.9,-0.16
231350.0,26.995259,-25.630717,1124.5,-0.14
231400.0,26.994769,-25.630632,1123.9,-0.11
231450.0,26.994279,-25.630552,1124.0,-0.08
231500.0,26.993786,-25.630481,1124.6,-0.05
231550.0,26.993293,-25.630413,1125.8,-0.02
231600.0,26.9928,-25.630346,1127.0,0.01
231650.0,26.992307,-25.630278,1127.8,0.04
231700.0,26.991814,-25.630211,1128.6,0.07
231750.0,26.991321,-25.630143,1129.4,0.11
231800.0,26.990828,-25.630076,1129.6,0.14
231850.0,26.990335,-25.630008,1129.8,0.17
231900.0,26.989842,-25.629941,1130.4,0.2
231950.0,26.989349,-25.629873,1130.8,0.23
232000.0,26.988855,-25.629808,1131.6,0.25
232050.0,26.988361,-25.62975,1132.6,0.28
232100.0,26.987866,-25.629693,1133.6,0.3
232150.0,26.98737,-25.629644,1134.4,0.32
232200.0,26.986873,-25.629605,1135.2,0.34
232250.0,26.986375,-25.629583,1135.8,0.36
232300.0,26.985877,-25.629566,1136.2,0.37
232350.0,26.985378,-25.629559,1136.6,0.39
232400.0,26.98488,-25.629552,1137.0,0.4
232450.0,26.984381,-25.629545,1137.4,0.41
232500.0,26.983882,-25.629538,1137.6,0.41
232550.0,26.983384,-25.629546,1137.6,0.42
232600.0,26.982885,-25.629555,1137.6,0.42
232650.0,26.982386,-25.629563,1137.6,0.42
232700.0,26.981889,-25.629589,1138.0,0.43
232750.0,26.981396,-25.62966,1138.4,0.43
232800.0,26.980909,-25.629756,1139.0,0.42
232850.0,26.980423,-25.629856,1140.0,0.42
232900.0,26.979936,-25.629955,1141.2,0.42
232950.0,26.97945,-25.630055,1142.0,0.42
233000.0,26.978966,-25.630164,1142.8,0.41
233050.0,26.978484,-25.630278,1143.6,0.41
233100.0,26.978002,-25.630393,1144.0,0.4
233150.0,26.977516,-25.630495,1144.0,0.4
233200.0,26.97703,-25.630597,1144.0,0.39
233250.0,26.976544,-25.630699,1144.0,0.39
233300.0,26.976059,-25.630801,1144.0,0.39
233350.0,26.975573,-25.630903,1144.0,0.39
233400.0,26.975083,-25.630984,1144.4,0.39
233450.0,26.974587,-25.631027,1144.8,0.39
233500.0,26.974089,-25.631048,1145.0,0.39
233550.0,26.973591,-25.631019,1145.2,0.39
233600.0,26.973094,-25.630984,1145.6,0.39
233650.0,26.972597,-25.630949,1145.6,0.4
233700.0,26.9721,-25.630914,1145.6,0.41
233750.0,26.971603,-25.630877,1145.8,0.41
233800.0,26.971106,-25.630839,1146.0,0.43
233850.0,26.970608,-25.630813,1146.0,0.44
233900.0,26.970111,-25.630842,1146.4,0.45
233950.0,26.969613,-25.630876,1146.8,0.47
234000.0,26.969117,-25.630915,1147.2,0.49
234050.0,26.968623,-25.630975,1147.6,0.51
234100.0,26.968127,-25.631022,1147.8,0.53
234150.0,26.967631,-25.631072,1147.6,0.55
234200.0,26.967134,-25.631107,1147.4,0.58
234250.0,26.966636,-25.631119,1147.2,0.6
234300.0,26.966137,-25.631115,1147.0,0.63
234350.0,26.96564,-25.631085,1147.0,0.66
234400.0,26.965147,-25.631017,1147.0,0.69
234450.0,26.964662,-25.630913,1147.0,0.71
234500.0,26.964183,-25.630787,1147.2,0.74
234550.0,26.963718,-25.630626,1147.4,0.77
234600.0,26.963263,-25.630443,1147.6,0.8
234650.0,26.962808,-25.630259,1147.8,0.83
234700.0,26.962352,-25.630076,1148.8,0.85
234750.0,26.961896,-25.629893,1149.6,0.88
234800.0,26.961434,-25.629726,1150.6,0.9
234850.0,26.960981,-25.629539,1152.0,0.92
234900.0,26.960527,-25.629352,1153.4,0.94
234950.0,26.960073,-25.629166,1154.8,0.96
235000.0,26.959619,-25.628978,1156.2,0.97
235050.0,26.959166,-25.628791,1158.0,0.99
235100.0,26.958713,-25.628603,1159.6,1.0
235150.0,26.958271,-25.628397,1161.8,1.01
235200.0,26.957825,-25.628197,1163.2,1.01
235250.0,26.957371,-25.62801,1165.3,1.01
235300.0,26.956917,-25.627823,1167.5,1.01
235350.0,26.956464,-25.627636,1169.9,1.01
235400.0,26.95601,-25.627449,1171.7,1.01
235450.0,26.955557,-25.627262,1173.9,1.0
235500.0,26.955104,-25.627074,1175.6,0.99
235550.0,26.954651,-25.626886,1176.6,0.98
235600.0,26.954198,-25.626698,1177.2,0.97
235650.0,26.953745,-25.626509,1178.2,0.96
235700.0,26.953293,-25.62632,1178.8,0.95
235750.0,26.95284,-25.626131,1179.4,0.94
235800.0,26.952387,-25.625943,1180.0,0.93
235850.0,26.951933,-25.625756,1180.6,0.91
235900.0,26.95148,-25.62557,1180.8,0.9
235950.0,26.951023,-25.625389,1181.0,0.89
236000.0,26.950565,-25.625212,1180.6,0.88
236050.0,26.950095,-25.625062,1180.2,0.88
236100.0,26.949616,-25.624937,1179.8,0.87
236150.0,26.949129,-25.624839,1179.4,0.87
236200.0,26.948637,-25.624769,1179.0,0.86
236250.0,26.948141,-25.624718,1179.4,0.86
236300.0,26.947643,-25.6247,1180.0,0.87
236350.0,26.947144,-25.624698,1180.6,0.87
236400.0,26.946647,-25.624723,1181.2,0.88
236450.0,26.946151,-25.62477,1181.8,0.89
236500.0,26.945659,-25.624842,1182.6,0.9
236550.0,26.945172,-25.624941,1183.2,0.91
236600.0,26.944693,-25.625065,1183.8,0.93
236650.0,26.944219,-25.625204,1184.6,0.95
236700.0,26.943745,-25.625344,1185.4,0.96
236750.0,26.943273,-25.625489,1185.6,0.99
236800.0,26.942801,-25.625635,1186.6,1.01
236850.0,26.942329,-25.62578,1187.6,1.03
236900.0,26.941856,-25.625922,1188.6,1.06
236950.0,26.941382,-25.626062,1189.6,1.09
237000.0,26.940908,-25.626203,1190.6,1.12
237050.0,26.940437,-25.62635,1190.8,1.15
237100.0,26.939965,-25.626496,1191.5,1.18
237150.0,26.939493,-25.62664,1192.5,1.21
237200.0,26.93902,-25.626784,1193.7,1.24
237250.0,26.938548,-25.626928,1195.1,1.27
237300.0,26.938075,-25.627072,1196.5,1.31
237350.0,26.937603,-25.627215,1198.0,1.34
237400.0,26.93713,-25.627359,1199.0,1.37
237450.0,26.936658,-25.627503,1200.4,1.41
237500.0,26.936185,-25.627647,1201.6,1.44
237550.0,26.935713,-25.627791,1203.0,1.48
237600.0,26.93524,-25.627936,1203.8,1.52
237650.0,26.934768,-25.62808,1205.3,1.55
237700.0,26.934295,-25.628223,1206.9,1.59
237750.0,26.933823,-25.628367,1209.1,1.62
237800.0,26.93335,-25.62851,1211.1,1.66
237850.0,26.932877,-25.628653,1213.3,1.69
237900.0,26.932403,-25.628793,1214.8,1.73
237950.0,26.931929,-25.628933,1215.6,1.76
238000.0,26.931456,-25.629074,1216.2,1.79
238050.0,26.930984,-25.629221,1217.0,1.82
238100.0,26.930513,-25.629367,1217.6,1.85
238150.0,26.93004,-25.62951,1218.4,1.88
238200.0,26.929572,-25.62966,1219.2,1.91
238250.0,26.929112,-25.629827,1220.1,1.93
238300.0,26.928642,-25.629979,1221.3,1.95
238350.0,26.928173,-25.630132,1223.1,1.97
238400.0,26.927702,-25.630278,1224.7,1.99
238450.0,26.927229,-25.630421,1227.1,2.0
238500.0,26.926756,-25.630564,1229.5,2.01
238550.0,26.926282,-25.630704,1231.9,2.01
238600.0,26.925807,-25.630842,1234.3,2.02
238650.0,26.925332,-25.630978,1237.3,2.01
238700.0,26.924856,-25.631113,1240.0,2.01
238750.0,26.924377,-25.631229,1242.7,1.99
238800.0,26.923902,-25.631369,1245.7,1.98
238850.0,26.923429,-25.63151,1248.8,1.96
238900.0,26.922955,-25.63165,1252.0,1.93
238950.0,26.922483,-25.631794,1255.2,1.91
239000.0,26.92201,-25.631938,1258.4,1.87
239050.0,26.921536,-25.632078,1261.4,1.84
239100.0,26.921063,-25.63222,1264.1,1.8
239150.0,26.92059,-25.632364,1266.9,1.76
239200.0,26.920118,-25.632509,1269.2,1.71
239250.0,26.919646,-25.632652,1271.6,1.67
239300.0,26.919173,-25.632796,1274.0,1.62
239350.0,26.9187,-25.632939,1276.0,1.57
239400.0,26.918227,-25.633081,1277.4,1.52
239450.0,26.917755,-25.633225,1278.8,1.47
239500.0,26.917284,-25.633373,1279.6,1.42
239550.0,26.916817,-25.633531,1279.8,1.37
239600.0,26.916356,-25.633704,1280.0,1.32
239650.0,26.915895,-25.633876,1280.0,1.27
239700.0,26.915432,-25.634042,1280.0,1.23
239750.0,26.914968,-25.634206,1280.0,1.19
239800.0,26.914503,-25.63437,1279.8,1.15
239850.0,26.91404,-25.634536,1279.6,1.11
239900.0,26.913589,-25.634725,1279.4,1.08
239950.0,26.913124,-25.634887,1279.2,1.06
240000.0,26.912656,-25.635044,1279.2,1.03
240050.0,26.912185,-25.63519,1279.6,1.01
240100.0,26.911708,-25.635322,1280.2,1.0
240150.0,26.911232,-25.635454,1280.8,0.99
240200.0,26.910754,-25.635584,1281.4,0.99
240250.0,26.910274,-25.635706,1281.8,0.99
240300.0,26.909791,-25.635817,1282.0,0.99
240350.0,26.909305,-25.635911,1281.8,1.0
240400.0,26.908824,-25.636031,1281.6,1.01
240450.0,26.908343,-25.63615,1281.4,1.03
240500.0,26.907862,-25.636269,1281.4,1.05
240550.0,26.907381,-25.636388,1281.4,1.08
240600.0,26.9069,-25.636506,1281.8,1.1
240650.0,26.906418,-25.636622,1282.6,1.14
240700.0,26.905936,-25.636737,1284.2,1.17
240750.0,26.905454,-25.636855,1285.6,1.21
240800.0,26.904974,-25.636976,1287.2,1.24
240850.0,26.904494,-25.637098,1288.6,1.28
240900.0,26.904013,-25.637216,1290.0,1.32
240950.0,26.903531,-25.637333,1290.8,1.36
241000.0,26.90305,-25.63745,1291.8,1.41
241050.0,26.902568,-25.637567,1293.2,1.45
241100.0,26.902087,-25.637685,1294.6,1.49
241150.0,26.901605,-25.637803,1296.2,1.53
241200.0,26.901119,-25.637902,1297.6,1.57
241250.0,26.900627,-25.637974,1298.8,1.6
241300.0,26.900132,-25.638028,1299.8,1.64
241350.0,26.899634,-25.638053,1300.8,1.67
241400.0,26.899135,-25.638071,1301.8,1.7
241450.0,26.898637,-25.638056,1302.8,1.73
241500.0,26.898139,-25.638031,1304.4,1.76
241550.0,26.897642,-25.638,1306.2,1.78
241600.0,26.897144,-25.637965,1308.6,1.8
241650.0,26.896647,-25.637931,1311.2,1.81
241700.0,26.89615,-25.637898,1313.8,1.82
241750.0,26.895652,-25.637865,1316.7,1.83
241800.0,26.895155,-25.637833,1319.9,1.83
241850.0,26.894657,-25.6378,1322.5,1.83
241900.0,26.89416,-25.637768,1324.8,1.83
241950.0,26.893662,-25.637735,1327.6,1.82
242000.0,26.893165,-25.637703,1329.9,1.81
242050.0,26.892667,-25.637671,1331.3,1.8
242100.0,26.89217,-25.637638,1333.3,1.78
242150.0,26.891672,-25.637606,1335.6,1.76
242200.0,26.891175,-25.637574,1337.4,1.74
242250.0,26.890677,-25.637541,1339.6,1.72
242300.0,26.89018,-25.637509,1341.8,1.69
242350.0,26.889683,-25.637476,1344.2,1.67
242400.0,26.889185,-25.637443,1346.6,1.64
242450.0,26.888688,-25.637411,1349.0,1.61
242500.0,26.88819,-25.637378,1351.1,1.58
242550.0,26.887693,-25.637346,1353.7,1.55
242600.0,26.887195,-25.637313,1355.5,1.53
242650.0,26.886698,-25.637281,1356.5,1.5
242700.0,26.8862,-25.637248,1357.5,1.47
242750.0,26.885703,-25.637216,1357.8,1.45
242800.0,26.885205,-25.637183,1357.6,1.43
242850.0,26.884708,-25.63715,1357.2,1.4
242900.0,26.884211,-25.637118,1356.0,1.38
242950.0,26.883713,-25.637085,1354.8,1.36
243000.0,26.883216,-25.637052,1353.8,1.35
243050.0,26.882718,-25.63702,1352.8,1.33
243100.0,26.882221,-25.636987,1352.0,1.31
243150.0,26.881723,-25.636954,1352.0,1.3
243200.0,26.881226,-25.636922,1352.0,1.28
243250.0,26.880728,-25.636889,1352.4,1.27
243300.0,26.880231,-25.636856,1352.8,1.25
243350.0,26.879735,-25.636851,1354.1,1.24
243400.0,26.879238,-25.636831,1356.3,1.22
243450.0,26.87874,-25.636801,1358.5,1.2
243500.0,26.878243,-25.636771,1361.1,1.18
243550.0,26.877745,-25.636741,1363.7,1.16
243600.0,26.877247,-25.636712,1366.2,1.13
243650.0,26.87675,-25.636678,1368.6,1.11
243700.0,26.876252,-25.636659,1371.0,1.08
243750.0,26.875753,-25.636643,1373.4,1.04
243800.0,26.875259,-25.636605,1375.8,1.0
243850.0,26.874762,-25.636648,1378.0,0.96
243900.0,26.874269,-25.636713,1380.0,0.92
243950.0,26.873781,-25.636805,1382.6,0.87
244000.0,26.873299,-25.636922,1385.0,0.82
244050.0,26.872822,-25.637052,1387.4,0.76
244100.0,26.872345,-25.637185,1389.2,0.7
244150.0,26.871869,-25.637318,1390.4,0.64
244200.0,26.871393,-25.637452,1391.0,0.57
244250.0,26.870917,-25.637586,1391.0,0.51
244300.0,26.870441,-25.63772,1390.8,0.44
244350.0,26.869965,-25.637855,1390.6,0.36
244400.0,26.869489,-25.63799,1390.4,0.29
244450.0,26.869013,-25.638125,1389.6,0.21
244500.0,26.868538,-25.63826,1388.8,0.14
244550.0,26.868062,-25.638395,1388.2,0.06
244600.0,26.867585,-25.638528,1387.4,-0.01
244650.0,26.867109,-25.638663,1386.6,-0.09
244700.0,26.866634,-25.638799,1386.4,-0.16
244750.0,26.866159,-25.638935,1386.4,-0.24
244800.0,26.865683,-25.63907,1386.0,-0.31
244850.0,26.865204,-25.639195,1385.8,-0.38
244900.0,26.864721,-25.639307,1385.6,-0.44
244950.0,26.864233,-25.639399,1385.4,-0.51
245000.0,26.86374,-25.63947,1385.0,-0.57
245050.0,26.863246,-25.639531,1385.0,-0.63
245100.0,26.862752,-25.639592,1385.0,-0.68
245150.0,26.862258,-25.63965,1384.8,-0.73
245200.0,26.861763,-25.639709,1384.0,-0.78
245250.0,26.861269,-25.639768,1383.2,-0.82
245300.0,26.860774,-25.639828,1381.8,-0.86
245350.0,26.86028,-25.639889,1380.2,-0.89
245400.0,26.859786,-25.639949,1378.4,-0.92
245450.0,26.859291,-25.640009,1376.7,-0.94
245500.0,26.858797,-25.640068,1374.5,-0.96
245550.0,26.858303,-25.640128,1372.3,-0.97
245600.0,26.857808,-25.640189,1370.3,-0.98
245650.0,26.857314,-25.640249,1368.3,-0.98
245700.0,26.85682,-25.64031,1366.0,-0.98
245750.0,26.856326,-25.64037,1364.2,-0.97
245800.0,26.855831,-25.64043,1362.6,-0.96
245850.0,26.855337,-25.640491,1361.0,-0.95
245900.0,26.854843,-25.640551,1359.4,-0.93
245950.0,26.854349,-25.640611,1358.6,-0.91
246000.0,26.853854,-25.640671,1357.4,-0.89
246050.0,26.85336,-25.64073,1356.6,-0.86
246100.0,26.852866,-25.64079,1355.4,-0.83
246150.0,26.852371,-25.64085,1354.2,-0.8
246200.0,26.851877,-25.64091,1353.0,-0.77
246250.0,26.851382,-25.640969,1351.6,-0.74
246300.0,26.850888,-25.641029,1349.8,-0.71
246350.0,26.850394,-25.641089,1348.4,-0.68
246400.0,26.849899,-25.641149,1347.4,-0.64
246450.0,26.849405,-25.641209,1346.4,-0.61
246500.0,26.848911,-25.641269,1346.0,-0.58
246550.0,26.848417,-25.641329,1346.2,-0.55
246600.0,26.847922,-25.64139,1346.4,-0.53
246650.0,26.847428,-25.641449,1347.0,-0.5
246700.0,26.846934,-25.641509,1347.6,-0.48
246750.0,26.846439,-25.64157,1349.5,-0.45
246800.0,26.845945,-25.64163,1352.5,-0.43
246850.0,26.845451,-25.64169,1355.5,-0.41
246900.0,26.844956,-25.641748,1358.1,-0.39
246950.0,26.844462,-25.641806,1360.7,-0.38
247000.0,26.843967,-25.641864,1361.6,-0.36
247050.0,26.843473,-25.641925,1360.6,-0.35
247100.0,26.842978,-25.641986,1359.6,-0.34
247150.0,26.842484,-25.642046,1358.0,-0.32
247200.0,26.84199,-25.642107,1356.4,-0.31
247250.0,26.841496,-25.642167,1354.7,-0.3
247300.0,26.841001,-25.642227,1353.1,-0.29
247350.0,26.840507,-25.642287,1351.3,-0.27
247400.0,26.840013,-25.642347,1350.1,-0.26
247450.0,26.839518,-25.642407,1348.5,-0.24
247500.0,26.839024,-25.642467,1347.4,-0.23
247550.0,26.83853,-25.642527,1346.6,-0.21
247600.0,26.838035,-25.642587,1346.0,-0.19
247650.0,26.837541,-25.642645,1345.2,-0.17
247700.0,26.837046,-25.642704,1344.8,-0.14
247750.0,26.836552,-25.642763,1344.4,-0.12
247800.0,26.836057,-25.64282,1344.2,-0.09
247850.0,26.835562,-25.642877,1343.8,-0.06
247900.0,26.835068,-25.642934,1343.6,-0.03
247950.0,26.834573,-25.642991,1343.4,-0.0
248000.0,26.834079,-25.643054,1343.0,0.03
248050.0,26.833585,-25.643117,1342.6,0.06
248100.0,26.833089,-25.643159,1342.2,0.09
248150.0,26.832592,-25.643196,1341.8,0.12
248200.0,26.832094,-25.643222,1341.4,0.16
248250.0,26.831595,-25.643236,1341.2,0.19
248300.0,26.831096,-25.64325,1341.0,0.22
248350.0,26.830598,-25.643261,1341.0,0.24
248400.0,26.830099,-25.64327,1341.8,0.27
248450.0,26.8296,-25.643279,1342.6,0.29
248500.0,26.829102,-25.643287,1343.8,0.31
248550.0,26.828603,-25.643293,1345.0,0.33
248600.0,26.828104,-25.643294,1346.8,0.34
248650.0,26.827605,-25.643295,1348.0,0.35
248700.0,26.827107,-25.643302,1349.4,0.35
248750.0,26.826608,-25.64331,1350.4,0.35
248800.0,26.826109,-25.643319,1351.4,0.35
248850.0,26.825611,-25.643327,1352.4,0.34
248900.0,26.825112,-25.643335,1353.2,0.32
248950.0,26.824613,-25.643343,1353.8,0.3
249000.0,26.824115,-25.643353,1355.0,0.28
249050.0,26.823616,-25.643362,1356.2,0.25
249100.0,26.823117,-25.643372,1357.2,0.22
249150.0,26.822618,-25.643381,1358.4,0.18
249200.0,26.82212,-25.643391,1359.6,0.14
249250.0,26.821621,-25.6434,1360.6,0.1
249300.0,26.821122,-25.64341,1361.6,0.05
249350.0,26.820624,-25.64342,1362.6,0.0
249400.0,26.820125,-25.643426,1363.6,-0.05
249450.0,26.819632,-25.643459,1364.6,-0.1
249500.0,26.819135,-25.643495,1365.2,-0.16
249550.0,26.818638,-25.643529,1365.8,-0.22
249600.0,26.818142,-25.643578,1366.0,-0.27
249650.0,26.817648,-25.643642,1365.6,-0.33
249700.0,26.817157,-25.643719,1365.2,-0.38
249750.0,26.816666,-25.643798,1364.3,-0.44
249800.0,26.816175,-25.643879,1362.9,-0.49
249850.0,26.815685,-25.643962,1361.5,-0.54
249900.0,26.815194,-25.644027,1359.9,-0.59
249950.0,26.814704,-25.644114,1358.3,-0.63
250000.0,26.814215,-25.644202,1356.4,-0.67
250050.0,26.813725,-25.644287,1355.0,-0.71
250100.0,26.813235,-25.64437,1352.8,-0.74
250150.0,26.812746,-25.644457,1351.2,-0.77
250200.0,26.812256,-25.644542,1349.0,-0.79
250250.0,26.811766,-25.644624,1346.8,-0.81
250300.0,26.811275,-25.644707,1344.6,-0.83
250350.0,26.810787,-25.644797,1343.2,-0.84
250400.0,26.810297,-25.644885,1341.8,-0.84
250450.0,26.809806,-25.644959,1341.0,-0.84
250500.0,26.809309,-25.644998,1340.4,-0.83
250550.0,26.80881,-25.645009,1339.8,-0.82
250600.0,26.808312,-25.644993,1338.6,-0.81
250650.0,26.807815,-25.644952,1337.4,-0.79
250700.0,26.807322,-25.644887,1335.6,-0.77
250750.0,26.806835,-25.644789,1334.4,-0.74
250800.0,26.806349,-25.644689,1333.2,-0.71
250850.0,26.805863,-25.644588,1332.6,-0.67
250900.0,26.805377,-25.644485,1331.8,-0.63
250950.0,26.804891,-25.644383,1331.6,-0.59
251000.0,26.804405,-25.644283,1331.4,-0.54
251050.0,26.803919,-25.644183,1331.4,-0.49
251100.0,26.803434,-25.644079,1331.4,-0.44
251150.0,26.802948,-25.643975,1331.6,-0.38
251200.0,26.802463,-25.643872,1332.0,-0.32
251250.0,26.801976,-25.643772,1332.4,-0.26
251300.0,26.801489,-25.643678,1332.6,-0.2
251350.0,26.801003,-25.643576,1332.8,-0.14
251400.0,26.800518,-25.643471,1332.0,-0.07
251450.0,26.800033,-25.643367,1330.0,-0.0
251500.0,26.799548,-25.643262,1328.0,0.06
251550.0,26.799061,-25.643163,1325.4,0.13
251600.0,26.79857,-25.643083,1322.8,0.2
251650.0,26.798075,-25.643031,1321.2,0.27
251700.0,26.797577,-25.643016,1320.6,0.34
251750.0,26.797078,-25.643023,1320.0,0.4
251800.0,26.796581,-25.643059,1320.4,0.47
251850.0,26.796088,-25.643125,1321.4,0.54
251900.0,26.795602,-25.643225,1322.4,0.6
251950.0,26.795123,-25.643352,1323.6,0.66
252000.0,26.794653,-25.643502,1325.6,0.72
252050.0,26.794196,-25.643681,1328.0,0.77
252100.0,26.793742,-25.643867,1330.6,0.83
252150.0,26.793288,-25.644053,1334.0,0.88
252200.0,26.792834,-25.644239,1337.2,0.93
252250.0,26.792381,-25.644428,1340.2,0.97
252300.0,26.791928,-25.644615,1342.4,1.01
252350.0,26.791473,-25.644802,1344.3,1.05
252400.0,26.79102,-25.644988,1345.9,1.08
252450.0,26.790566,-25.645176,1347.5,1.11
252500.0,26.790114,-25.645365,1348.5,1.14
252550.0,26.789661,-25.645554,1349.5,1.16
252600.0,26.789207,-25.64574,1350.0,1.18
252650.0,26.788751,-25.645922,1350.0,1.19
252700.0,26.78829,-25.646093,1350.0,1.21
252750.0,26.787821,-25.646247,1350.4,1.21
252800.0,26.787347,-25.646386,1350.8,1.22
252850.0,26.786865,-25.646501,1351.4,1.21
252900.0,26.786378,-25.646596,1352.6,1.21
252950.0,26.785888,-25.646681,1353.8,1.2
253000.0,26.785394,-25.646741,1354.6,1.19
253050.0,26.784897,-25.646783,1356.2,1.17
253100.0,26.7844,-25.646822,1357.6,1.15
253150.0,26.783903,-25.646858,1359.0,1.13
253200.0,26.783405,-25.646891,1360.4,1.1
253250.0,26.782908,-25.646924,1361.8,1.07
253300.0,26.78241,-25.646957,1363.0,1.03
253350.0,26.781913,-25.646995,1364.8,0.99
253400.0,26.781418,-25.647043,1366.5,0.94
253450.0,26.780923,-25.647103,1368.7,0.9
253500.0,26.780432,-25.647182,1371.1,0.84
253550.0,26.779944,-25.647275,1372.9,0.79
253600.0,26.779462,-25.647388,1374.1,0.73
253650.0,26.778984,-25.647518,1374.8,0.66
253700.0,26.778512,-25.647663,1375.0,0.6
253750.0,26.778049,-25.64783,1375.4,0.52
253800.0,26.777588,-25.648001,1376.0,0.45
253850.0,26.777129,-25.648178,1377.2,0.37
253900.0,26.776675,-25.648363,1378.9,0.3
253950.0,26.776221,-25.64855,1381.1,0.21
254000.0,26.775766,-25.648734,1382.9,0.13
254050.0,26.77531,-25.648917,1384.5,0.05
254100.0,26.774852,-25.649095,1385.3,-0.04
254150.0,26.774387,-25.649257,1385.6,-0.12
254200.0,26.773915,-25.649402,1385.2,-0.21
254250.0,26.773435,-25.649526,1384.8,-0.29
254300.0,26.772952,-25.649638,1384.4,-0.38
254350.0,26.772468,-25.649746,1383.8,-0.46
254400.0,26.771984,-25.649854,1382.3,-0.54
254450.0,26.7715,-25.649961,1380.1,-0.62
254500.0,26.771016,-25.650071,1377.7,-0.69
254550.0,26.770532,-25.650182,1375.3,-0.77
254600.0,26.770048,-25.650289,1373.3,-0.84
254650.0,26.769563,-25.650394,1372.2,-0.9
254700.0,26.769078,-25.650501,1371.6,-0.97
254750.0,26.768595,-25.650611,1371.2,-1.02
254800.0,26.768111,-25.65072,1370.0,-1.08
254850.0,26.767627,-25.650829,1368.0,-1.13
254900.0,26.767143,-25.650939,1366.0,-1.17
254950.0,26.766659,-25.651048,1364.2,-1.21
255000.0,26.766175,-25.651158,1362.4,-1.25
255050.0,26.765692,-25.651267,1361.2,-1.28
255100.0,26.765207,-25.651374,1360.8,-1.3
255150.0,26.764722,-25.651479,1359.2,-1.32
255200.0,26.764237,-25.651584,1356.6,-1.34
255250.0,26.763749,-25.651676,1354.0,-1.35
255300.0,26.763254,-25.651733,1351.0,-1.36
255350.0,26.762757,-25.651769,1348.0,-1.36
255400.0,26.762258,-25.651776,1345.6,-1.36
255450.0,26.76176,-25.651764,1344.2,-1.36
255500.0,26.761261,-25.651751,1342.8,-1.35
255550.0,26.760762,-25.651738,1342.0,-1.34
255600.0,26.760264,-25.651721,1341.2,-1.32
255650.0,26.759765,-25.651706,1340.6,-1.31
255700.0,26.759267,-25.651689,1340.2,-1.29
255750.0,26.758769,-25.651667,1339.4,-1.27
255800.0,26.758272,-25.651627,1338.2,-1.24
255850.0,26.75778,-25.651556,1337.0,-1.22
255900.0,26.757292,-25.651462,1335.8,-1.19
255950.0,26.756806,-25.65136,1334.6,-1.16
256000.0,26.75632,-25.651258,1333.4,-1.13
256050.0,26.755834,-25.651156,1332.2,-1.11
256100.0,26.755349,-25.651054,1331.0,-1.08
256150.0,26.75486,-25.650965,1330.2,-1.05
256200.0,26.754366,-25.650903,1329.2,-1.02
256250.0,26.75387,-25.650857,1328.6,-0.99
256300.0,26.753372,-25.650837,1328.0,-0.96
256350.0,26.752873,-25.650817,1327.4,-0.94
256400.0,26.752375,-25.650798,1326.6,-0.91
256450.0,26.751877,-25.65078,1326.0,-0.89
256500.0,26.751378,-25.650761,1324.8,-0.86
256550.0,26.75088,-25.650751,1323.8,-0.84
256600.0,26.750381,-25.650745,1322.8,-0.82
256650.0,26.749882,-25.650744,1322.0,-0.8
256700.0,26.749383,-25.650755,1321.2,-0.79
256750.0,26.748885,-25.650765,1321.0,-0.77
256800.0,26.748386,-25.650774,1321.0,-0.76
256850.0,26.747887,-25.650784,1321.0,-0.75
256900.0,26.747389,-25.650794,1321.0,-0.74
256950.0,26.74689,-25.650805,1321.0,-0.73
257000.0,26.746391,-25.650816,1320.8,-0.73
257050.0,26.745893,-25.650828,1320.6,-0.73
257100.0,26.745394,-25.650839,1320.4,-0.73
257150.0,26.744896,-25.650857,1320.2,-0.73
257200.0,26.744397,-25.650881,1320.0,-0.73
257250.0,26.743899,-25.650904,1320.0,-0.74
257300.0,26.743401,-25.650928,1320.0,-0.74
257350.0,26.742903,-25.650951,1319.8,-0.75
257400.0,26.742405,-25.650975,1319.4,-0.76
257450.0,26.741907,-25.651001,1319.0,-0.77
257500.0,26.741409,-25.651027,1318.4,-0.78
257550.0,26.740911,-25.651052,1317.8,-0.79
257600.0,26.740413,-25.651078,1317.4,-0.8
257650.0,26.739914,-25.651094,1316.8,-0.81
257700.0,26.739416,-25.651107,1316.2,-0.82
257750.0,26.738917,-25.651098,1315.4,-0.83
257800.0,26.738418,-25.651089,1314.2,-0.84
257850.0,26.73792,-25.651081,1313.0,-0.84
257900.0,26.737421,-25.651072,1311.6,-0.85
257950.0,26.736922,-25.651063,1310.2,-0.86
258000.0,26.736424,-25.651052,1309.0,-0.86
258050.0,26.735925,-25.651038,1307.6,-0.86
258100.0,26.735426,-25.651025,1306.2,-0.86
258150.0,26.734928,-25.651011,1305.0,-0.86
258200.0,26.734429,-25.650997,1303.8,-0.85
258250.0,26.733931,-25.650984,1302.6,-0.85
258300.0,26.733432,-25.650972,1301.6,-0.84
258350.0,26.732933,-25.650959,1300.6,-0.82
258400.0,26.732435,-25.650946,1299.8,-0.81
258450.0,26.731936,-25.650933,1299.0,-0.8
258500.0,26.731437,-25.65092,1298.0,-0.78
258550.0,26.730939,-25.650908,1297.0,-0.76
258600.0,26.73044,-25.650895,1296.0,-0.73
258650.0,26.729942,-25.650884,1295.0,-0.71
258700.0,26.729443,-25.650872,1294.0,-0.68
258750.0,26.728944,-25.650861,1293.2,-0.66
258800.0,26.728446,-25.650849,1292.4,-0.63
258850.0,26.727947,-25.650837,1291.6,-0.6
258900.0,26.727448,-25.650826,1290.8,-0.57
258950.0,26.72695,-25.650814,1289.8,-0.53
259000.0,26.726451,-25.650803,1289.0,-0.5
259050.0,26.725952,-25.65079,1288.6,-0.47
259100.0,26.725454,-25.650778,1288.2,-0.44
259150.0,26.724955,-25.650765,1288.0,-0.4
259200.0,26.724456,-25.650753,1288.0,-0.37
259250.0,26.723958,-25.65074,1288.0,-0.34
259300.0,26.723459,-25.650728,1288.0,-0.31
259350.0,26.722961,-25.650715,1288.0,-0.27
259400.0,26.722462,-25.650703,1288.0,-0.25
259450.0,26.721963,-25.65069,1288.0,-0.22
259500.0,26.721465,-25.650678,1288.0,-0.19
259550.0,26.720966,-25.650666,1288.0,-0.17
259600.0,26.720467,-25.650654,1288.0,-0.15
259650.0,26.719969,-25.650643,1288.0,-0.13
259700.0,26.71947,-25.650631,1288.0,-0.11
259750.0,26.718971,-25.65062,1288.2,-0.09
259800.0,26.718473,-25.650608,1288.4,-0.08
259850.0,26.717974,-25.650597,1288.6,-0.07
259900.0,26.717475,-25.650585,1289.0,-0.07
259950.0,26.716977,-25.650573,1289.4,-0.07
260000.0,26.716478,-25.65056,1289.6,-0.07
260050.0,26.71598,-25.650546,1289.8,-0.07
260100.0,26.715481,-25.650533,1290.0,-0.08
260150.0,26.714982,-25.650519,1290.2,-0.09
260200.0,26.714484,-25.650506,1290.4,-0.11
260250.0,26.713985,-25.650492,1290.8,-0.12
260300.0,26.713487,-25.650479,1291.4,-0.15
260350.0,26.712988,-25.650465,1292.0,-0.17
260400.0,26.71249,-25.650452,1292.6,-0.2
260450.0,26.711991,-25.650438,1293.2,-0.23
260500.0,26.711492,-25.650426,1293.8,-0.26
260550.0,26.710994,-25.650417,1294.2,-0.3
260600.0,26.710495,-25.650409,1294.6,-0.34
260650.0,26.709998,-25.650428,1294.8,-0.38
260700.0,26.7095,-25.650422,1295.0,-0.42
260750.0,26.709001,-25.650413,1295.2,-0.46
260800.0,26.708503,-25.6504,1295.4,-0.5
260850.0,26.708004,-25.650388,1295.6,-0.55
260900.0,26.707505,-25.650379,1295.8,-0.59
260950.0,26.707007,-25.650371,1296.0,-0.64
261000.0,26.706508,-25.650367,1295.2,-0.68
261050.0,26.706009,-25.650366,1294.4,-0.72
261100.0,26.705515,-25.650333,1292.8,-0.76
261150.0,26.705016,-25.650336,1290.8,-0.8
261200.0,26.704517,-25.650339,1288.8,-0.84
261250.0,26.704019,-25.650341,1287.2,-0.88
261300.0,26.70352,-25.650344,1285.6,-0.91
261350.0,26.703021,-25.650346,1284.6,-0.94
261400.0,26.702522,-25.650349,1283.2,-0.96
261450.0,26.702023,-25.650351,1281.8,-0.99
261500.0,26.701525,-25.650356,1280.2,-1.0
261550.0,26.701026,-25.65036,1278.6,-1.02
261600.0,26.700527,-25.650364,1276.6,-1.03
261650.0,26.700028,-25.650369,1275.2,-1.03
261700.0,26.699529,-25.650372,1273.8,-1.04
261750.0,26.699031,-25.650375,1272.6,-1.03
261800.0,26.698532,-25.650378,1271.4,-1.03
261850.0,26.698033,-25.65038,1270.8,-1.01
261900.0,26.697534,-25.650383,1269.8,-1.0
261950.0,26.697035,-25.650386,1268.8,-0.98
262000.0,26.696537,-25.650392,1267.4,-0.95
262050.0,26.696038,-25.650398,1266.0,-0.92
262100.0,26.695539,-25.650405,1264.2,-0.89
262150.0,26.69504,-25.650408,1262.6,-0.85
262200.0,26.694541,-25.650411,1261.0,-0.81
262250.0,26.694043,-25.650415,1259.6,-0.77
262300.0,26.693544,-25.650419,1258.2,-0.72
262350.0,26.693045,-25.650422,1256.6,-0.67
262400.0,26.692546,-25.650426,1254.8,-0.62
262450.0,26.692048,-25.650416,1253.0,-0.56
262500.0,26.691549,-25.650405,1251.8,-0.5
262550.0,26.69105,-25.650403,1250.6,-0.45
262600.0,26.690552,-25.650406,1250.4,-0.39
262650.0,26.690053,-25.650418,1251.0,-0.32
262700.0,26.689555,-25.650434,1251.6,-0.26
262750.0,26.689063,-25.650507,1252.2,-0.2
262800.0,26.68858,-25.650621,1253.0,-0.14
262850.0,26.688098,-25.650735,1253.4,-0.07
262900.0,26.687618,-25.650858,1253.8,-0.01
262950.0,26.687138,-25.65098,1254.2,0.05
263000.0,26.686661,-25.65111,1254.6,0.11
263050.0,26.68618,-25.65123,1254.8,0.17
263100.0,26.685698,-25.651345,1255.0,0.23
263150.0,26.685216,-25.651463,1255.2,0.29
263200.0,26.684741,-25.651599,1255.4,0.34
263250.0,26.68427,-25.651746,1255.8,0.4
263300.0,26.68381,-25.651919,1256.4,0.45
263350.0,26.683353,-25.6521,1257.2,0.5
263400.0,26.682895,-25.652279,1258.0,0.55
263450.0,26.682437,-25.652457,1258.8,0.59
263500.0,26.681979,-25.652634,1259.4,0.64
263550.0,26.681521,-25.652812,1260.2,0.68
263600.0,26.681058,-25.652979,1260.8,0.72
263650.0,26.680591,-25.653137,1261.6,0.76
263700.0,26.680125,-25.653299,1262.4,0.8
263750.0,26.679659,-25.65346,1263.6,0.83
263800.0,26.679194,-25.653621,1264.8,0.86
263850.0,26.678728,-25.653783,1266.0,0.89
263900.0,26.678263,-25.653944,1266.8,0.92
263950.0,26.677797,-25.654106,1267.6,0.95
264000.0,26.677331,-25.654267,1268.4,0.97
264050.0,26.676865,-25.654427,1268.8,0.99
264100.0,26.676399,-25.654588,1269.4,1.01
264150.0,26.675933,-25.654748,1270.2,1.03
264200.0,26.675467,-25.654908,1271.6,1.04
264250.0,26.675001,-25.655069,1273.0,1.06
264300.0,26.674536,-25.65523,1274.4,1.07
264350.0,26.67407,-25.655391,1275.6,1.08
264400.0,26.673604,-25.655552,1277.0,1.08
264450.0,26.673137,-25.655711,1278.4,1.09
264500.0,26.67267,-25.655869,1279.4,1.09
264550.0,26.672203,-25.656027,1281.0,1.09
264600.0,26.671736,-25.656185,1282.6,1.09
264650.0,26.671276,-25.656359,1284.0,1.09
264700.0,26.670831,-25.65656,1285.2,1.08
264750.0,26.670388,-25.656768,1286.4,1.08
264800.0,26.669945,-25.656975,1287.0,1.07
264850.0,26.669496,-25.657171,1288.0,1.06
264900.0,26.669044,-25.65736,1289.0,1.05
264950.0,26.668582,-25.657531,1289.6,1.04
265000.0,26.66812,-25.657699,1290.6,1.03
265050.0,26.667657,-25.657867,1291.6,1.01
265100.0,26.667195,-25.658036,1292.2,1.0
265150.0,26.666732,-25.658204,1293.2,0.98
265200.0,26.666269,-25.658372,1294.2,0.96
265250.0,26.665807,-25.65854,1295.2,0.94
265300.0,26.665344,-25.658708,1296.2,0.92
265350.0,26.664881,-25.658877,1297.4,0.9
265400.0,26.664419,-25.659045,1298.0,0.88
265450.0,26.663956,-25.659213,1299.2,0.86
265500.0,26.663494,-25.659381,1300.0,0.83
265550.0,26.663031,-25.65955,1301.0,0.81
265600.0,26.662569,-25.659719,1301.8,0.79
265650.0,26.662107,-25.65989,1303.0,0.76
265700.0,26.661646,-25.66006,1303.6,0.74
265750.0,26.661184,-25.660231,1304.2,0.71
265800.0,26.660723,-25.660401,1304.6,0.69
265850.0,26.660261,-25.660572,1305.0,0.66
265900.0,26.659799,-25.660742,1305.0,0.63
265950.0,26.659338,-25.660913,1305.4,0.61
266000.0,26.658876,-25.661083,1305.8,0.58
266050.0,26.658414,-25.661253,1306.4,0.55
266100.0,26.657952,-25.661422,1307.2,0.53
266150.0,26.657489,-25.661589,1308.0,0.5
266200.0,26.657024,-25.661753,1308.6,0.47
266250.0,26.656555,-25.661905,1309.2,0.44
266300.0,26.656076,-25.662031,1309.6,0.41
266350.0,26.655593,-25.662142,1309.8,0.39
266400.0,26.655109,-25.662252,1310.0,0.36
266450.0,26.654618,-25.662329,1310.0,0.33
266500.0,26.654126,-25.662404,1310.0,0.3
266550.0,26.653634,-25.662479,1310.0,0.27
266600.0,26.653142,-25.662554,1310.0,0.24
266650.0,26.65265,-25.662629,1310.0,0.21
266700.0,26.652158,-25.662704,1310.0,0.18
266750.0,26.651666,-25.662779,1310.2,0.15
266800.0,26.651175,-25.662854,1310.4,0.12
266850.0,26.650683,-25.662929,1310.6,0.09
266900.0,26.650191,-25.663004,1310.8,0.06
266950.0,26.649699,-25.663079,1311.0,0.02
267000.0,26.649207,-25.663154,1311.4,-0.01
267050.0,26.648715,-25.66323,1312.0,-0.04
267100.0,26.648223,-25.663305,1312.6,-0.07
267150.0,26.647731,-25.66338,1313.2,-0.1
267200.0,26.64724,-25.663455,1313.8,-0.13
267250.0,26.646748,-25.66353,1314.0,-0.16
267300.0,26.646256,-25.663605,1314.0,-0.19
267350.0,26.645764,-25.66368,1314.0,-0.22
267400.0,26.645272,-25.663755,1314.0,-0.25
267450.0,26.64478,-25.66383,1313.8,-0.28
267500.0,26.644288,-25.663905,1313.6,-0.31
267550.0,26.643796,-25.66398,1313.2,-0.33
267600.0,26.643305,-25.664055,1312.0,-0.36
267650.0,26.642813,-25.66413,1310.8,-0.38
267700.0,26.642321,-25.664205,1309.6,-0.4
267750.0,26.641829,-25.66428,1308.4,-0.42
267800.0,26.641337,-25.664355,1307.4,-0.44
267850.0,26.640845,-25.66443,1307.0,-0.46
267900.0,26.640353,-25.664505,1306.6,-0.47
267950.0,26.639861,-25.66458,1306.0,-0.49
268000.0,26.639369,-25.664655,1305.4,-0.5
268050.0,26.638878,-25.66473,1304.2,-0.51
268100.0,26.638386,-25.664805,1303.0,-0.52
268150.0,26.637894,-25.66488,1301.8,-0.53
268200.0,26.637402,-25.664953,1301.0,-0.53
268250.0,26.636909,-25.665027,1300.2,-0.54
268300.0,26.636417,-25.665101,1299.6,-0.54
268350.0,26.635925,-25.665175,1299.2,-0.54
268400.0,26.635433,-25.66525,1298.8,-0.54
268450.0,26.634942,-25.665326,1298.0,-0.55
268500.0,26.63445,-25.665402,1297.2,-0.55
268550.0,26.633958,-25.665478,1296.6,-0.55
268600.0,26.633467,-25.665554,1296.0,-0.55
268650.0,26.632975,-25.66563,1295.4,-0.55
268700.0,26.632483,-25.665707,1295.2,-0.55
268750.0,26.631992,-25.665783,1295.0,-0.55
268800.0,26.6315,-25.665858,1295.0,-0.55
268850.0,26.631007,-25.665931,1295.0,-0.55
268900.0,26.630515,-25.666001,1295.0,-0.55
268950.0,26.630023,-25.666079,1295.4,-0.55
269000.0,26.629528,-25.666135,1295.8,-0.55
269050.0,26.629031,-25.666167,1296.2,-0.56
269100.0,26.628532,-25.666166,1296.6,-0.56
269150.0,26.628034,-25.666139,1296.8,-0.56
269200.0,26.627538,-25.666091,1296.4,-0.56
269250.0,26.627046,-25.666018,1295.8,-0.57
269300.0,26.626561,-25.665915,1295.0,-0.57
269350.0,26.626083,-25.665785,1294.2,-0.57
269400.0,26.625612,-25.665639,1293.2,-0.57
269450.0,26.625151,-25.665465,1292.4,-0.57
269500.0,26.624691,-25.665292,1291.6,-0.57
269550.0,26.624231,-25.665119,1290.6,-0.57
269600.0,26.62377,-25.664946,1289.6,-0.57
269650.0,26.62331,-25.664773,1288.6,-0.57
269700.0,26.62285,-25.664597,1287.6,-0.57
269750.0,26.622391,-25.664421,1286.8,-0.56
269800.0,26.621932,-25.664245,1286.4,-0.56
269850.0,26.621473,-25.66407,1285.6,-0.55
269900.0,26.621007,-25.663909,1285.2,-0.54
269950.0,26.620535,-25.663767,1284.8,-0.53
270000.0,26.620073,-25.663597,1284.4,-0.52
270050.0,26.61961,-25.66343,1283.6,-0.5
270100.0,26.619147,-25.663263,1283.0,-0.48
270150.0,26.618686,-25.66309,1282.4,-0.47
270200.0,26.618225,-25.662918,1281.8,-0.45
270250.0,26.61776,-25.662755,1280.8,-0.42
270300.0,26.617302,-25.662578,1280.0,-0.4
270350.0,26.616843,-25.662401,1279.4,-0.38
270400.0,26.616384,-25.662224,1278.4,-0.35
270450.0,26.615926,-25.662047,1277.2,-0.32
270500.0,26.615487,-25.661846,1276.4,-0.29
270550.0,26.615022,-25.661682,1275.6,-0.27
270600.0,26.61455,-25.661536,1274.8,-0.24
270650.0,26.614078,-25.661391,1274.4,-0.2
270700.0,26.613599,-25.661267,1274.2,-0.17
270750.0,26.613117,-25.66115,1274.0,-0.14
270800.0,26.612632,-25.661044,1274.0,-0.11
270850.0,26.612147,-25.660939,1274.4,-0.08
270900.0,26.611662,-25.660835,1274.8,-0.05
270950.0,26.611176,-25.660732,1275.2,-0.02
271000.0,26.610686,-25.660651,1275.8,0.01
271050.0,26.610193,-25.660583,1276.4,0.04
271100.0,26.609697,-25.660535,1276.6,0.07
271150.0,26.609199,-25.660505,1277.2,0.1
271200.0,26.608701,-25.660493,1277.8,0.12
271250.0,26.608202,-25.660505,1278.8,0.15
271300.0,26.607704,-25.660527,1279.8,0.17
271350.0,26.607208,-25.660576,1280.8,0.19
271400.0,26.606714,-25.660635,1281.4,0.21
271450.0,26.606219,-25.660695,1282.0,0.23
271500.0,26.605725,-25.660754,1281.2,0.25
271550.0,26.60523,-25.660813,1280.4,0.27
271600.0,26.604736,-25.660873,1279.6,0.28
271650.0,26.604241,-25.660933,1278.8,0.29
271700.0,26.603747,-25.660993,1278.0,0.3
271750.0,26.603253,-25.661053,1278.4,0.31
271800.0,26.602759,-25.661116,1278.8,0.32
271850.0,26.602265,-25.661179,1279.2,0.32
271900.0,26.601771,-25.661242,1280.0,0.32
271950.0,26.601277,-25.661305,1280.8,0.33
272000.0,26.600782,-25.661361,1281.7,0.32
272050.0,26.600287,-25.661417,1283.1,0.32
272100.0,26.599792,-25.661474,1285.1,0.32
272150.0,26.599298,-25.661538,1286.7,0.31
272200.0,26.598805,-25.661603,1288.7,0.3
272250.0,26.598311,-25.661668,1290.2,0.29
272300.0,26.597816,-25.661725,1291.2,0.28
272350.0,26.597321,-25.661782,1291.6,0.26
272400.0,26.596826,-25.661839,1292.0,0.24
272450.0,26.596332,-25.6619,1291.4,0.22
272500.0,26.595838,-25.661961,1290.0,0.2
272550.0,26.595344,-25.662021,1288.6,0.18
272600.0,26.594849,-25.662078,1287.2,0.15
272650.0,26.594357,-25.662154,1285.8,0.12
272700.0,26.593865,-25.66223,1285.0,0.09
272750.0,26.593385,-25.662351,1285.0,0.05
272800.0,26.592913,-25.662496,1285.0,0.02
272850.0,26.592445,-25.662651,1285.4,-0.02
272900.0,26.591985,-25.662825,1285.8,-0.07
272950.0,26.591527,-25.663004,1286.7,-0.11
273000.0,26.591072,-25.663189,1288.1,-0.16
273050.0,26.590604,-25.663344,1289.5,-0.2
273100.0,26.590129,-25.663482,1290.5,-0.26
273150.0,26.589647,-25.663597,1291.5,-0.31
273200.0,26.58916,-25.663693,1292.6,-0.36
273250.0,26.588667,-25.663763,1293.2,-0.41
273300.0,26.588171,-25.663812,1293.8,-0.47
273350.0,26.587673,-25.663835,1294.6,-0.52
273400.0,26.587174,-25.663838,1295.4,-0.58
273450.0,26.586676,-25.663841,1295.6,-0.63
273500.0,26.586177,-25.663844,1295.6,-0.69
273550.0,26.585678,-25.663846,1295.6,-0.74
273600.0,26.585179,-25.663848,1295.4,-0.79
273650.0,26.58468,-25.663851,1294.8,-0.84
273700.0,26.584181,-25.663855,1293.8,-0.88
273750.0,26.583683,-25.663866,1293.0,-0.92
273800.0,26.583185,-25.663896,1292.0,-0.96
273850.0,26.582691,-25.663956,1289.6,-0.99
273900.0,26.582205,-25.664058,1286.2,-1.02
273950.0,26.581729,-25.664191,1282.6,-1.04
274000.0,26.581269,-25.664364,1279.0,-1.06
274050.0,26.580823,-25.664565,1274.9,-1.07
274100.0,26.580387,-25.664784,1271.5,-1.08
274150.0,26.57995,-25.665001,1269.1,-1.09
274200.0,26.579506,-25.665206,1267.3,-1.09
274250.0,26.579046,-25.665378,1264.9,-1.08
274300.0,26.578565,-25.665497,1263.2,-1.07
274350.0,26.578071,-25.665558,1261.4,-1.05
274400.0,26.577573,-25.665572,1259.6,-1.03
274450.0,26.577077,-25.665544,1257.8,-1.01
274500.0,26.576586,-25.665466,1256.6,-0.99
274550.0,26.576112,-25.665329,1255.0,-0.96
274600.0,26.575656,-25.665148,1254.2,-0.92
274650.0,26.57522,-25.66493,1253.8,-0.89
274700.0,26.574816,-25.664667,1253.4,-0.86
274750.0,26.574424,-25.664391,1253.0,-0.82
274800.0,26.574047,-25.664096,1253.0,-0.79
274850.0,26.573664,-25.663808,1253.0,-0.75
274900.0,26.573276,-25.663525,1253.0,-0.71
274950.0,26.572886,-25.663245,1253.2,-0.68
275000.0,26.572481,-25.662982,1253.6,-0.65
275050.0,26.572066,-25.662734,1254.0,-0.61
275100.0,26.571642,-25.662496,1254.4,-0.58
275150.0,26.571224,-25.662256,1255.0,-0.55
275200.0,26.570784,-25.662043,1255.4,-0.53
275250.0,26.570334,-25.661849,1255.6,-0.5
275300.0,26.569878,-25.661667,1255.8,-0.48
275350.0,26.569419,-25.661491,1256.0,-0.46
275400.0,26.568956,-25.661323,1256.0,-0.45
275450.0,26.568494,-25.661154,1256.0,-0.43
275500.0,26.568032,-25.660986,1256.0,-0.42
275550.0,26.567569,-25.660817,1256.0,-0.4
275600.0,26.567106,-25.660649,1256.0,-0.39
275650.0,26.566644,-25.66048,1256.0,-0.38
275700.0,26.566181,-25.660312,1255.8,-0.38
275750.0,26.565719,-25.660144,1255.6,-0.37
275800.0,26.565256,-25.659975,1255.0,-0.36
275850.0,26.564794,-25.659807,1254.4,-0.36
275900.0,26.564331,-25.659639,1253.8,-0.35
275950.0,26.563868,-25.65947,1253.2,-0.35
276000.0,26.563406,-25.659302,1252.4,-0.34
276050.0,26.562943,-25.659134,1252.0,-0.33
276100.0,26.562481,-25.658965,1251.0,-0.33
276150.0,26.562017,-25.658799,1250.0,-0.32
276200.0,26.561555,-25.65863,1249.0,-0.31
276250.0,26.561093,-25.658461,1248.2,-0.3
276300.0,26.560631,-25.658291,1247.2,-0.29
276350.0,26.560169,-25.658122,1246.8,-0.28
276400.0,26.559706,-25.657953,1246.0,-0.27
276450.0,26.559244,-25.657783,1245.2,-0.26
276500.0,26.558781,-25.657617,1244.4,-0.25
276550.0,26.558317,-25.657452,1243.8,-0.24
276600.0,26.557852,-25.657288,1243.2,-0.23
276650.0,26.557388,-25.657124,1243.0,-0.22
276700.0,26.556922,-25.656963,1243.0,-0.21
276750.0,26.556456,-25.656803,1243.0,-0.2
276800.0,26.555989,-25.656643,1243.0,-0.19
276850.0,26.555523,-25.656483,1243.0,-0.18
276900.0,26.555057,-25.656323,1243.4,-0.18
276950.0,26.554591,-25.656163,1243.8,-0.17
277000.0,26.554125,-25.656003,1244.4,-0.17
277050.0,26.553658,-25.655843,1245.0,-0.17
277100.0,26.553192,-25.655683,1245.6,-0.17
277150.0,26.552726,-25.655523,1246.0,-0.17
277200.0,26.55226,-25.655363,1246.4,-0.17
277250.0,26.551794,-25.655203,1246.6,-0.18
277300.0,26.551327,-25.655043,1247.2,-0.18
277350.0,26.550861,-25.654884,1247.8,-0.19
277400.0,26.550395,-25.654724,1248.2,-0.2
277450.0,26.549929,-25.654564,1248.6,-0.22
277500.0,26.549465,-25.654397,1249.0,-0.23
277550.0,26.549005,-25.654224,1249.0,-0.25
277600.0,26.548553,-25.654034,1249.0,-0.26
277650.0,26.548116,-25.653818,1249.0,-0.28
277700.0,26.547684,-25.653594,1249.0,-0.3
277750.0,26.54726,-25.653357,1249.0,-0.32
277800.0,26.546848,-25.653104,1248.8,-0.34
277850.0,26.546436,-25.65285,1248.2,-0.36
277900.0,26.546025,-25.652595,1247.6,-0.38
277950.0,26.545615,-25.652339,1246.8,-0.4
278000.0,26.545204,-25.652084,1245.8,-0.41
278050.0,26.544793,-25.651829,1244.8,-0.43
278100.0,26.544383,-25.651574,1244.2,-0.45
278150.0,26.543971,-25.65132,1243.2,-0.47
278200.0,26.543558,-25.651067,1242.4,-0.48
278250.0,26.543145,-25.650815,1241.4,-0.5
278300.0,26.542728,-25.650569,1240.6,-0.51
278350.0,26.542305,-25.65033,1239.6,-0.52
278400.0,26.541883,-25.650091,1239.0,-0.53
278450.0,26.541456,-25.649859,1238.2,-0.54
278500.0,26.541028,-25.649627,1237.8,-0.55
278550.0,26.5406,-25.649396,1237.2,-0.56
278600.0,26.540171,-25.649166,1236.8,-0.57
278650.0,26.539743,-25.648936,1236.0,-0.57
278700.0,26.539315,-25.648705,1235.4,-0.57
278750.0,26.538886,-25.648475,1234.6,-0.58
278800.0,26.538454,-25.648251,1234.0,-0.58
278850.0,26.538019,-25.64803,1233.2,-0.58
278900.0,26.537572,-25.647831,1232.8,-0.58
278950.0,26.537112,-25.647658,1232.0,-0.58
279000.0,26.536642,-25.647508,1231.4,-0.58
279050.0,26.536164,-25.647378,1230.8,-0.58
279100.0,26.535678,-25.647276,1230.4,-0.58
279150.0,26.535187,-25.647199,1230.0,-0.58
279200.0,26.534696,-25.647122,1229.8,-0.58
279250.0,26.534204,-25.647046,1229.6,-0.58
279300.0,26.533713,-25.646969,1229.4,-0.58
279350.0,26.533221,-25.646892,1229.2,-0.58
279400.0,26.53273,-25.646815,1229.0,-0.58
279450.0,26.532238,-25.646738,1229.0,-0.58
279500.0,26.531747,-25.646661,1229.0,-0.57
279550.0,26.531255,-25.646584,1229.0,-0.57
279600.0,26.530764,-25.646508,1228.8,-0.57
279650.0,26.530272,-25.646432,1228.6,-0.57
279700.0,26.52978,-25.646357,1228.2,-0.57
279750.0,26.529288,-25.646284,1227.6,-0.57
279800.0,26.528796,-25.646211,1227.0,-0.56
279850.0,26.528304,-25.646138,1226.0,-0.56
279900.0,26.527812,-25.646064,1225.0,-0.55
279950.0,26.527324,-25.645971,1223.8,-0.55
280000.0,26.526837,-25.645875,1222.8,-0.54
280050.0,26.526352,-25.645769,1221.6,-0.53
280100.0,26.525873,-25.645645,1220.8,-0.52
280150.0,26.525397,-25.64551,1220.0,-0.51
280200.0,26.524924,-25.645366,1219.6,-0.5
280250.0,26.524451,-25.645223,1219.2,-0.49
280300.0,26.523978,-25.64508,1218.8,-0.47
280350.0,26.523505,-25.644937,1218.6,-0.45
280400.0,26.523033,-25.644794,1218.4,-0.43
280450.0,26.52256,-25.644651,1218.2,-0.41
280500.0,26.522087,-25.644507,1218.0,-0.39
280550.0,26.521615,-25.644363,1217.4,-0.37
280600.0,26.521142,-25.64422,1216.8,-0.34
280650.0,26.520669,-25.644076,1216.2,-0.31
280700.0,26.520196,-25.643933,1215.6,-0.29
280750.0,26.519724,-25.643789,1214.6,-0.26
280800.0,26.519251,-25.643646,1213.6,-0.23
280850.0,26.518778,-25.643503,1212.6,-0.19
280900.0,26.518302,-25.64337,1211.4,-0.16
280950.0,26.51782,-25.643256,1210.2,-0.13
281000.0,26.517329,-25.643177,1209.4,-0.1
281050.0,26.516834,-25.643124,1209.2,-0.06
281100.0,26.516335,-25.643113,1209.0,-0.03
281150.0,26.515837,-25.643126,1209.2,0.0
281200.0,26.515341,-25.643168,1209.6,0.03
281250.0,26.51485,-25.643246,1210.0,0.06
281300.0,26.514363,-25.643347,1210.4,0.09
281350.0,26.513878,-25.643449,1210.8,0.12
281400.0,26.513392,-25.643551,1211.4,0.15
281450.0,26.512906,-25.643651,1211.8,0.17
281500.0,26.512419,-25.643748,1212.6,0.19
281550.0,26.511931,-25.643845,1213.4,0.21
281600.0,26.511445,-25.643945,1214.8,0.23
281650.0,26.51096,-25.64405,1215.8,0.25
281700.0,26.510475,-25.644153,1216.8,0.26
281750.0,26.509987,-25.644246,1217.6,0.27
281800.0,26.509499,-25.644339,1218.4,0.28
281850.0,26.509012,-25.644437,1218.8,0.28
281900.0,26.508525,-25.644535,1219.2,0.28
281950.0,26.508038,-25.644633,1220.0,0.28
282000.0,26.507552,-25.644731,1221.2,0.28
282050.0,26.507061,-25.644811,1222.4,0.28
282100.0,26.506566,-25.644863,1223.4,0.27
282150.0,26.506068,-25.644894,1224.4,0.26
282200.0,26.50557,-25.644901,1225.0,0.25
282250.0,26.505071,-25.644885,1224.8,0.24
282300.0,26.504575,-25.644843,1224.6,0.22
282350.0,26.504081,-25.644782,1224.2,0.21
282400.0,26.50359,-25.644702,1223.8,0.19
282450.0,26.503104,-25.644602,1223.4,0.17
282500.0,26.502621,-25.644488,1223.2,0.15
282550.0,26.502139,-25.644372,1223.0,0.12
282600.0,26.501665,-25.644234,1223.0,0.1
282650.0,26.501197,-25.644079,1223.0,0.07
282700.0,26.500732,-25.643917,1223.0,0.04
282750.0,26.50028,-25.643727,1222.8,0.01
282800.0,26.49984,-25.643515,1222.6,-0.02
282850.0,26.499412,-25.643285,1222.4,-0.05
282900.0,26.498992,-25.643042,1222.2,-0.08
282950.0,26.498572,-25.6428,1222.0,-0.11
283000.0,26.498151,-25.642558,1222.0,-0.15
283050.0,26.497731,-25.642315,1222.4,-0.18
283100.0,26.497311,-25.642073,1222.8,-0.22
283150.0,26.496891,-25.641831,1223.2,-0.26
283200.0,26.496471,-25.641589,1224.0,-0.3
283250.0,26.49605,-25.641347,1224.8,-0.34
283300.0,26.495629,-25.641106,1225.2,-0.38
283350.0,26.495208,-25.640865,1225.6,-0.42
283400.0,26.494787,-25.640624,1226.0,-0.46
283450.0,26.494366,-25.640383,1226.0,-0.5
283500.0,26.493945,-25.640142,1226.0,-0.54
283550.0,26.49352,-25.639906,1225.6,-0.58
283600.0,26.493093,-25.639674,1225.2,-0.62
283650.0,26.492681,-25.639421,1224.8,-0.66
283700.0,26.49228,-25.639154,1224.4,-0.7
283750.0,26.491895,-25.638868,1223.4,-0.73
283800.0,26.491543,-25.63855,1222.6,-0.77
283850.0,26.4912,-25.638224,1221.8,-0.8
283900.0,26.490879,-25.63788,1220.5,-0.83
283950.0,26.490584,-25.637518,1218.7,-0.86
284000.0,26.490309,-25.637142,1217.1,-0.89
284050.0,26.490075,-25.636747,1215.7,-0.91
284100.0,26.489814,-25.636364,1213.6,-0.93
284150.0,26.489553,-25.63598,1211.3,-0.95
284200.0,26.489292,-25.635597,1209.5,-0.96
284250.0,26.489032,-25.635213,1208.1,-0.97
284300.0,26.488773,-25.634829,1206.1,-0.98
284350.0,26.488513,-25.634445,1204.8,-0.98
284400.0,26.488253,-25.634061,1203.8,-0.99
284450.0,26.487994,-25.633678,1202.4,-0.98
284500.0,26.487734,-25.633294,1201.0,-0.98
284550.0,26.487474,-25.63291,1200.0,-0.97
284600.0,26.487215,-25.632526,1199.0,-0.95
284650.0,26.486955,-25.632142,1198.2,-0.94
284700.0,26.486697,-25.631757,1197.8,-0.92
284750.0,26.486441,-25.631371,1196.8,-0.9
284800.0,26.486186,-25.630985,1196.0,-0.87
284850.0,26.48593,-25.630599,1195.2,-0.84
284900.0,26.485671,-25.630214,1194.4,-0.81
284950.0,26.485409,-25.629832,1193.6,-0.78
285000.0,26.485146,-25.62945,1193.2,-0.74
285050.0,26.484883,-25.629068,1192.8,-0.71
285100.0,26.484621,-25.628685,1192.0,-0.67
285150.0,26.48434,-25.628314,1191.2,-0.62
285200.0,26.484048,-25.62795,1190.4,-0.58
285250.0,26.483727,-25.627605,1189.2,-0.53
285300.0,26.483402,-25.627265,1187.8,-0.49
285350.0,26.483052,-25.626945,1186.4,-0.44
285400.0,26.482694,-25.626632,1185.2,-0.39
285450.0,26.482314,-25.62634,1184.0,-0.34
285500.0,26.481917,-25.626068,1183.4,-0.29
285550.0,26.481507,-25.625813,1183.0,-0.23
285600.0,26.481089,-25.625568,1183.0,-0.18
285650.0,26.480671,-25.625323,1183.2,-0.13
285700.0,26.480251,-25.62508,1183.4,-0.08
285750.0,26.479829,-25.624841,1183.6,-0.02
285800.0,26.479408,-25.6246,1184.0,0.03
285850.0,26.478987,-25.624359,1184.4,0.08
285900.0,26.478566,-25.624118,1184.6,0.13
285950.0,26.478145,-25.623877,1185.0,0.18
286000.0,26.477724,-25.623635,1185.4,0.23
286050.0,26.477303,-25.623394,1185.8,0.28
286100.0,26.476882,-25.623153,1186.2,0.33
286150.0,26.476461,-25.622912,1187.0,0.37
286200.0,26.47604,-25.622671,1187.6,0.42
286250.0,26.475619,-25.62243,1188.4,0.46
286300.0,26.475198,-25.622188,1189.0,0.5
286350.0,26.474777,-25.621947,1189.8,0.54
286400.0,26.474357,-25.621706,1190.2,0.57
286450.0,26.473936,-25.621465,1190.8,0.61
286500.0,26.473515,-25.621224,1191.4,0.64
286550.0,26.473094,-25.620983,1192.0,0.67
286600.0,26.472673,-25.620742,1192.4,0.7
286650.0,26.472252,-25.6205,1193.2,0.72
286700.0,26.471831,-25.620259,1193.8,0.74
286750.0,26.47141,-25.620018,1194.6,0.76
286800.0,26.470989,-25.619777,1195.4,0.77
286850.0,26.470568,-25.619536,1196.6,0.78
286900.0,26.470147,-25.619295,1197.4,0.79
286950.0,26.469726,-25.619054,1198.6,0.79
287000.0,26.469306,-25.618812,1199.8,0.79
287050.0,26.468885,-25.618571,1201.2,0.79
287100.0,26.468464,-25.61833,1202.2,0.78
287150.0,26.468043,-25.618089,1203.4,0.77
287200.0,26.467622,-25.617847,1204.4,0.75
287250.0,26.467202,-25.617606,1205.2,0.73
287300.0,26.466781,-25.617364,1205.8,0.71
287350.0,26.466361,-25.617122,1207.0,0.68
287400.0,26.46594,-25.61688,1208.6,0.65
287450.0,26.46552,-25.616639,1210.2,0.61
287500.0,26.465099,-25.616397,1211.6,0.57
287550.0,26.464679,-25.616155,1213.6,0.53
287600.0,26.464258,-25.615914,1215.0,0.48
287650.0,26.463838,-25.615672,1216.0,0.43
287700.0,26.463417,-25.61543,1217.0,0.37
287750.0,26.462997,-25.615189,1218.0,0.31
287800.0,26.462576,-25.614947,1218.4,0.25
287850.0,26.462156,-25.614705,1218.8,0.19
287900.0,26.461735,-25.614464,1219.0,0.12
287950.0,26.461313,-25.614225,1219.0,0.05
288000.0,26.460887,-25.61399,1219.0,-0.02
288050.0,26.460455,-25.613765,1219.0,-0.1
288100.0,26.46002,-25.613546,1219.0,-0.17
288150.0,26.45958,-25.613334,1219.0,-0.25
288200.0,26.459135,-25.613131,1218.6,-0.33
288250.0,26.458679,-25.612949,1218.2,-0.41
288300.0,26.458221,-25.612773,1217.8,-0.48
288350.0,26.457759,-25.612602,1217.4,-0.56
288400.0,26.457294,-25.612441,1217.0,-0.64
288450.0,26.456829,-25.612279,1217.0,-0.71
288500.0,26.456363,-25.612119,1216.8,-0.79
288550.0,26.455897,-25.611959,1216.6,-0.86
288600.0,26.45543,-25.6118,1216.0,-0.93
288650.0,26.454965,-25.611638,1215.4,-1.0
288700.0,26.454501,-25.611473,1214.8,-1.06
288750.0,26.454038,-25.611305,1213.9,-1.13
288800.0,26.453576,-25.611138,1212.5,-1.18
288850.0,26.453113,-25.61097,1210.9,-1.24
288900.0,26.452652,-25.6108,1208.7,-1.28
288950.0,26.45219,-25.61063,1206.5,-1.33
289000.0,26.451728,-25.610461,1204.2,-1.37
289050.0,26.451265,-25.610293,1201.8,-1.4
289100.0,26.450802,-25.610125,1199.4,-1.43
289150.0,26.45034,-25.609958,1197.6,-1.45
289200.0,26.449879,-25.609787,1195.2,-1.47
289250.0,26.449417,-25.609616,1193.4,-1.48
289300.0,26.448957,-25.609444,1191.4,-1.49
289350.0,26.448497,-25.60927,1190.0,-1.49
289400.0,26.448036,-25.609099,1187.9,-1.49
289450.0,26.447574,-25.608929,1185.6,-1.48
289500.0,26.447112,-25.60876,1182.6,-1.47
289550.0,26.446648,-25.608595,1179.5,-1.45
289600.0,26.446184,-25.608431,1175.5,-1.44
289650.0,26.44572,-25.608266,1171.4,-1.41
289700.0,26.445259,-25.608095,1168.1,-1.39
289750.0,26.444798,-25.607924,1165.3,-1.36
289800.0,26.444338,-25.607749,1163.2,-1.34
289850.0,26.443878,-25.607575,1162.0,-1.31
289900.0,26.443419,-25.607401,1161.6,-1.28
289950.0,26.442959,-25.607227,1161.4,-1.25
290000.0,26.442496,-25.607059,1161.6,-1.22
290050.0,26.442034,-25.60689,1162.7,-1.19
290100.0,26.441572,-25.606722,1164.5,-1.16
290150.0,26.441111,-25.60655,1166.3,-1.13
290200.0,26.440648,-25.606383,1168.1,-1.1
290250.0,26.440185,-25.606216,1169.7,-1.08
290300.0,26.439723,-25.606047,1170.6,-1.05
290350.0,26.439266,-25.605866,1170.8,-1.03
290400.0,26.438812,-25.605682,1170.6,-1.01
290450.0,26.43836,-25.605492,1169.4,-0.99
290500.0,26.437915,-25.605289,1168.0,-0.97
290550.0,26.437477,-25.605074,1166.4,-0.96
290600.0,26.437049,-25.604843,1164.8,-0.95
290650.0,26.436626,-25.604605,1162.8,-0.93
290700.0,26.436208,-25.604359,1161.6,-0.93
290750.0,26.4358,-25.604101,1160.6,-0.92
290800.0,26.435403,-25.603829,1159.2,-0.91
290850.0,26.435013,-25.60355,1157.8,-0.9
290900.0,26.434625,-25.603267,1156.8,-0.9
290950.0,26.434238,-25.602984,1155.4,-0.9
291000.0,26.433851,-25.602699,1153.2,-0.9
291050.0,26.433466,-25.602414,1151.6,-0.9
291100.0,26.43308,-25.602129,1150.0,-0.9
291150.0,26.432694,-25.601845,1148.8,-0.9
291200.0,26.432308,-25.60156,1148.0,-0.9
291250.0,26.431921,-25.601276,1148.0,-0.9
291300.0,26.431535,-25.600992,1148.0,-0.91
291350.0,26.43115,-25.600707,1148.0,-0.91
291400.0,26.430764,-25.600421,1148.0,-0.92
291450.0,26.430379,-25.600136,1148.2,-0.93
291500.0,26.429993,-25.599851,1148.2,-0.93
291550.0,26.429606,-25.599568,1148.2,-0.94
291600.0,26.429221,-25.599283,1148.2,-0.95
291650.0,26.428836,-25.598997,1148.2,-0.96
291700.0,26.428451,-25.598711,1148.0,-0.97
291750.0,26.428065,-25.598426,1147.2,-0.99
291800.0,26.427679,-25.598141,1146.4,-1.0
291850.0,26.427294,-25.597856,1145.4,-1.01
291900.0,26.426909,-25.597569,1144.4,-1.03
291950.0,26.426525,-25.597284,1143.0,-1.04
292000.0,26.426135,-25.597003,1141.8,-1.06
292050.0,26.425727,-25.596746,1139.8,-1.08
292100.0,26.425334,-25.596469,1138.0,-1.09
292150.0,26.424943,-25.596191,1136.0,-1.11
292200.0,26.424542,-25.595924,1134.4,-1.13
292250.0,26.424141,-25.595656,1133.4,-1.14
292300.0,26.423747,-25.595381,1133.2,-1.16
292350.0,26.423359,-25.595099,1132.8,-1.18
292400.0,26.422964,-25.594824,1132.6,-1.19
292450.0,26.422569,-25.594549,1132.0,-1.2
292500.0,26.422171,-25.594279,1131.4,-1.21
292550.0,26.421773,-25.594008,1130.8,-1.22
292600.0,26.421373,-25.593739,1130.4,-1.23
292650.0,26.420976,-25.593467,1130.0,-1.23
292700.0,26.420578,-25.593196,1129.4,-1.23
292750.0,26.420178,-25.592928,1128.8,-1.23
292800.0,26.419787,-25.592649,1127.4,-1.23
292850.0,26.419392,-25.592375,1126.0,-1.22
292900.0,26.418995,-25.592103,1123.8,-1.2
292950.0,26.418605,-25.591824,1122.2,-1.19
293000.0,26.418222,-25.591541,1120.2,-1.16
293050.0,26.417813,-25.591284,1118.4,-1.14
293100.0,26.417393,-25.591042,1116.0,-1.11
293150.0,26.416962,-25.590816,1114.4,-1.07
293200.0,26.41652,-25.590608,1112.2,-1.03
293250.0,26.416066,-25.590423,1110.4,-0.98
293300.0,26.415606,-25.59025,1108.5,-0.94
293350.0,26.415144,-25.590081,1106.5,-0.88
293400.0,26.414668,-25.589948,1103.9,-0.82
293450.0,26.414206,-25.58978,1101.4,-0.76
293500.0,26.413749,-25.5896,1098.4,-0.7
293550.0,26.413287,-25.589432,1095.5,-0.63
293600.0,26.412823,-25.589267,1093.3,-0.56
293650.0,26.412361,-25.589098,1091.7,-0.49
293700.0,26.41193,-25.588893,1090.6,-0.42
293750.0,26.411465,-25.58873,1090.0,-0.34
293800.0,26.410998,-25.588573,1090.0,-0.27
293850.0,26.410528,-25.588424,1090.0,-0.19
293900.0,26.410047,-25.588305,1090.8,-0.12
293950.0,26.409555,-25.588235,1091.6,-0.04
294000.0,26.409058,-25.588214,1093.0,0.03
294050.0,26.408568,-25.58829,1095.0,0.1
294100.0,26.408083,-25.588391,1097.8,0.17
294150.0,26.407607,-25.588526,1099.8,0.23
294200.0,26.407155,-25.588715,1102.2,0.3
294250.0,26.406714,-25.588925,1104.0,0.36
294300.0,26.406279,-25.589144,1105.6,0.41
294350.0,26.405847,-25.589369,1106.6,0.47
294400.0,26.40541,-25.589585,1107.6,0.51
294450.0,26.404968,-25.589793,1108.4,0.56
294500.0,26.404523,-25.589997,1109.2,0.6
294550.0,26.404071,-25.590185,1109.6,0.64
294600.0,26.403613,-25.590363,1109.8,0.68
294650.0,26.403147,-25.590522,1110.0,0.71
294700.0,26.402676,-25.590671,1110.2,0.73
294750.0,26.402203,-25.590812,1110.4,0.76
294800.0,26.401723,-25.590935,1110.8,0.78
294850.0,26.401242,-25.591053,1111.2,0.8
294900.0,26.40076,-25.591169,1112.1,0.82
294950.0,26.400283,-25.5913,1113.3,0.83
295000.0,26.399806,-25.591422,1114.7,0.84
295050.0,26.399326,-25.591544,1115.9,0.85
295100.0,26.398846,-25.591666,1117.5,0.86
295150.0,26.398367,-25.59179,1118.8,0.87
295200.0,26.397891,-25.591923,1119.6,0.87
295250.0,26.397414,-25.592056,1120.4,0.88
295300.0,26.396938,-25.592189,1121.2,0.89
295350.0,26.396462,-25.592322,1122.4,0.89
295400.0,26.395985,-25.592453,1123.4,0.89
295450.0,26.395507,-25.592581,1124.4,0.9
295500.0,26.395029,-25.592709,1125.2,0.9
295550.0,26.394552,-25.592839,1126.0,0.91
295600.0,26.394076,-25.592973,1126.0,0.92
295650.0,26.3936,-25.593107,1126.2,0.92
295700.0,26.393124,-25.593241,1126.4,0.93
295750.0,26.392654,-25.593392,1126.8,0.94
295800.0,26.392187,-25.593548,1127.2,0.95
295850.0,26.391719,-25.593704,1127.8,0.96
295900.0,26.391254,-25.593866,1128.2,0.97
295950.0,26.390798,-25.594045,1128.6,0.98
296000.0,26.390334,-25.594209,1128.8,0.99
296050.0,26.38987,-25.594372,1129.0,1.0
296100.0,26.389405,-25.594536,1129.0,1.02
296150.0,26.388939,-25.594696,1129.5,1.03
296200.0,26.388473,-25.594855,1130.5,1.05
296250.0,26.388008,-25.595017,1131.9,1.06
296300.0,26.387545,-25.595183,1133.5,1.07
296350.0,26.387079,-25.595341,1135.1,1.09
296400.0,26.386608,-25.595475,1136.2,1.1
296450.0,26.386143,-25.595639,1137.6,1.12
296500.0,26.385679,-25.595802,1138.6,1.13
296550.0,26.385215,-25.595966,1139.4,1.14
296600.0,26.38475,-25.59613,1140.4,1.15
296650.0,26.384286,-25.596294,1141.4,1.16
296700.0,26.383822,-25.596458,1142.2,1.17
296750.0,26.383357,-25.596621,1143.4,1.18
296800.0,26.382891,-25.59678,1144.6,1.19
296850.0,26.382425,-25.596939,1146.0,1.19
296900.0,26.381958,-25.597098,1147.4,1.2
296950.0,26.381492,-25.597257,1149.0,1.2
297000.0,26.381024,-25.597413,1150.2,1.2
297050.0,26.380555,-25.597567,1151.4,1.2
297100.0,26.380087,-25.59772,1152.8,1.2
297150.0,26.379618,-25.597873,1154.2,1.19
297200.0,26.379149,-25.598026,1155.2,1.19
297250.0,26.378672,-25.598157,1157.0,1.18
297300.0,26.378189,-25.598267,1159.0,1.17
297350.0,26.377704,-25.59837,1160.4,1.16
297400.0,26.377216,-25.598466,1162.0,1.15
297450.0,26.376725,-25.598542,1163.8,1.14
297500.0,26.376232,-25.598608,1164.8,1.13
297550.0,26.375739,-25.598674,1166.0,1.12
297600.0,26.375246,-25.59874,1167.2,1.11
297650.0,26.374752,-25.598806,1168.2,1.09
297700.0,26.374259,-25.598871,1168.6,1.08
297750.0,26.373766,-25.598935,1169.0,1.07
297800.0,26.373272,-25.598999,1169.0,1.06
297850.0,26.372779,-25.599064,1169.5,1.04
297900.0,26.372285,-25.599128,1170.5,1.03
297950.0,26.371792,-25.599193,1171.9,1.02
298000.0,26.371298,-25.599256,1173.3,1.01
298050.0,26.370805,-25.59932,1174.7,1.0
298100.0,26.370311,-25.599384,1175.6,0.99
298150.0,26.369817,-25.599447,1175.4,0.98
298200.0,26.369324,-25.599511,1174.8,0.97
298250.0,26.36883,-25.599575,1174.2,0.96
298300.0,26.368337,-25.599638,1173.6,0.96
298350.0,26.367843,-25.599702,1173.0,0.95
298400.0,26.36735,-25.599768,1173.4,0.94
298450.0,26.366858,-25.59984,1173.8,0.94
298500.0,26.366366,-25.599913,1174.8,0.93
298550.0,26.365872,-25.599975,1176.4,0.93
298600.0,26.365378,-25.600037,1178.2,0.92
298650.0,26.364884,-25.600099,1180.0,0.92
298700.0,26.36439,-25.600161,1181.8,0.91
298750.0,26.363896,-25.600223,1183.4,0.91
298800.0,26.363403,-25.600285,1184.8,0.9
298850.0,26.362909,-25.600346,1186.0,0.9
298900.0,26.362415,-25.600407,1187.0,0.89
298950.0,26.361921,-25.600468,1188.0,0.88
299000.0,26.361427,-25.60053,1188.6,0.88
299050.0,26.360933,-25.600591,1189.0,0.87
299100.0,26.360439,-25.600652,1189.4,0.86
299150.0,26.359945,-25.600713,1190.4,0.85
299200.0,26.359451,-25.600775,1191.4,0.83
299250.0,26.358957,-25.600838,1192.4,0.82
299300.0,26.358464,-25.600904,1193.6,0.81
299350.0,26.357971,-25.60097,1194.8,0.79
299400.0,26.357478,-25.601036,1195.2,0.78
299450.0,26.356984,-25.601102,1195.6,0.76
299500.0,26.356491,-25.601169,1196.0,0.74
299550.0,26.355998,-25.601235,1196.0,0.72
299600.0,26.355505,-25.601301,1196.0,0.7
299650.0,26.355012,-25.601367,1196.2,0.68
299700.0,26.354518,-25.601433,1196.4,0.66
299750.0,26.354025,-25.601497,1197.0,0.64
299800.0,26.35353,-25.601552,1197.6,0.62
299850.0,26.353034,-25.601601,1198.6,0.6
299900.0,26.352539,-25.601648,1199.9,0.58
299950.0,26.35204,-25.601664,1201.7,0.55
300000.0,26.351542,-25.601672,1203.5,0.53
300050.0,26.351043,-25.60168,1205.3,0.51
300100.0,26.350545,-25.601688,1206.7,0.49
300150.0,26.350046,-25.601696,1207.6,0.47
300200.0,26.349548,-25.601704,1208.0,0.45
300250.0,26.349049,-25.601712,1208.0,0.43
300300.0,26.348551,-25.601721,1208.0,0.41
300350.0,26.348052,-25.601729,1207.8,0.4
300400.0,26.347554,-25.601738,1207.6,0.38
300450.0,26.347055,-25.601746,1207.4,0.37
300500.0,26.346557,-25.60175,1207.0,0.35
300550.0,26.346058,-25.601749,1206.6,0.34
300600.0,26.345559,-25.601747,1206.0,0.33
300650.0,26.345061,-25.601747,1205.0,0.32
300700.0,26.344562,-25.601757,1204.0,0.32
300750.0,26.344064,-25.601766,1203.2,0.31
300800.0,26.343565,-25.601776,1202.4,0.3
300850.0,26.343069,-25.6018,1202.0,0.3
300900.0,26.342574,-25.601823,1202.0,0.29
300950.0,26.342075,-25.601829,1202.0,0.29
301000.0,26.341577,-25.601835,1202.0,0.29
301050.0,26.341078,-25.601837,1202.0,0.28
301100.0,26.340579,-25.601839,1202.4,0.28
301150.0,26.340081,-25.601841,1203.0,0.28
301200.0,26.339582,-25.601842,1203.6,0.27
301250.0,26.339084,-25.601844,1204.8,0.27
301300.0,26.33859,-25.601814,1206.0,0.26
301350.0,26.338092,-25.601817,1207.2,0.26
301400.0,26.337593,-25.60182,1208.4,0.25
301450.0,26.337095,-25.601822,1209.6,0.25
301500.0,26.336596,-25.601825,1210.2,0.24
301550.0,26.336097,-25.601828,1210.8,0.23
301600.0,26.335599,-25.601831,1211.6,0.22
301650.0,26.3351,-25.601834,1212.4,0.21
301700.0,26.334602,-25.601836,1213.2,0.2
301750.0,26.334103,-25.601831,1214.2,0.18
301800.0,26.333605,-25.60181,1215.2,0.17
301850.0,26.333107,-25.601783,1215.6,0.16
301900.0,26.33261,-25.601756,1215.8,0.14
301950.0,26.332112,-25.601724,1215.8,0.13
302000.0,26.331615,-25.601691,1215.4,0.11
302050.0,26.331119,-25.601647,1215.0,0.1
302100.0,26.330623,-25.601603,1214.4,0.08
302150.0,26.330126,-25.601559,1213.4,0.07
302200.0,26.32963,-25.601514,1212.6,0.05
302250.0,26.329135,-25.601464,1212.0,0.04
302300.0,26.328639,-25.601414,1211.4,0.02
302350.0,26.328146,-25.601348,1210.8,0.01
302400.0,26.327657,-25.601261,1210.4,-0.01
302450.0,26.32717,-25.601167,1210.0,-0.02
302500.0,26.326688,-25.601052,1209.6,-0.04
302550.0,26.326208,-25.60093,1209.2,-0.05
302600.0,26.325733,-25.600792,1209.0,-0.07
302650.0,26.325262,-25.600647,1209.0,-0.08
302700.0,26.324803,-25.600469,1209.0,-0.09
302750.0,26.324345,-25.600292,1209.4,-0.11
302800.0,26.323901,-25.600088,1209.8,-0.13
302850.0,26.323457,-25.599883,1210.2,-0.14
302900.0,26.323013,-25.599678,1210.6,-0.16
302950.0,26.322593,-25.599438,1211.0,-0.18
303000.0,26.322194,-25.599168,1211.0,-0.19
303050.0,26.321794,-25.598899,1211.0,-0.21
303100.0,26.321395,-25.59863,1211.0,-0.23
303150.0,26.320995,-25.598361,1211.0,-0.25
303200.0,26.320596,-25.598092,1211.0,-0.28
303250.0,26.320197,-25.597823,1211.0,-0.3
303300.0,26.319797,-25.597554,1211.0,-0.33
303350.0,26.319398,-25.597285,1211.2,-0.35
303400.0,26.319004,-25.597009,1211.2,-0.38
303450.0,26.318619,-25.596723,1211.2,-0.41
303500.0,26.318234,-25.596437,1211.2,-0.43
303550.0,26.317849,-25.596152,1211.0,-0.46
303600.0,26.317464,-25.595866,1210.6,-0.49
303650.0,26.317068,-25.595593,1210.4,-0.52
303700.0,26.316668,-25.595324,1210.2,-0.55
303750.0,26.316268,-25.595056,1210.0,-0.58
303800.0,26.315868,-25.594788,1209.8,-0.62
303850.0,26.315467,-25.59452,1209.2,-0.64
303900.0,26.315067,-25.594252,1208.6,-0.67
303950.0,26.314671,-25.593979,1207.8,-0.7
304000.0,26.314277,-25.593703,1207.0,-0.73
304050.0,26.313883,-25.593427,1206.4,-0.75
304100.0,26.313489,-25.593152,1206.2,-0.78
304150.0,26.313096,-25.592876,1205.4,-0.8
304200.0,26.312702,-25.5926,1204.8,-0.81
304250.0,26.312308,-25.592324,1203.6,-0.83
304300.0,26.311914,-25.592049,1201.8,-0.84
304350.0,26.31152,-25.591773,1199.6,-0.86
304400.0,26.311124,-25.5915,1198.0,-0.86
304450.0,26.310719,-25.591239,1196.4,-0.87
304500.0,26.310294,-25.591002,1195.4,-0.87
304550.0,26.309839,-25.590819,1194.8,-0.87
304600.0,26.309377,-25.59065,1194.6,-0.86
304650.0,26.308897,-25.590532,1193.8,-0.86
304700.0,26.308406,-25.590454,1192.4,-0.84
304750.0,26.30791,-25.590408,1190.4,-0.83
304800.0,26.307413,-25.590373,1187.8,-0.81
304850.0,26.306916,-25.590338,1185.2,-0.79
304900.0,26.306418,-25.590313,1183.0,-0.77
304950.0,26.305921,-25.590288,1181.4,-0.75
305000.0,26.305423,-25.590263,1180.2,-0.72
305050.0,26.304925,-25.590238,1179.8,-0.69
305100.0,26.304427,-25.590217,1179.4,-0.66
305150.0,26.303929,-25.59019,1179.2,-0.63
305200.0,26.303432,-25.590163,1179.0,-0.59
305250.0,26.302934,-25.590136,1179.0,-0.56
305300.0,26.302436,-25.590109,1179.0,-0.52
305350.0,26.301939,-25.590082,1179.0,-0.48
305400.0,26.301441,-25.590055,1179.0,-0.44
305450.0,26.300943,-25.590028,1179.0,-0.41
305500.0,26.300446,-25.590001,1179.0,-0.37
305550.0,26.299948,-25.589977,1178.8,-0.33
305600.0,26.299452,-25.589976,1178.6,-0.29
305650.0,26.298954,-25.589953,1178.4,-0.25
305700.0,26.298457,-25.589923,1178.4,-0.22
305750.0,26.297962,-25.589871,1178.4,-0.18
305800.0,26.297469,-25.589804,1178.6,-0.14
305850.0,26.296978,-25.589723,1178.8,-0.1
305900.0,26.296488,-25.589641,1179.0,-0.07
305950.0,26.296,-25.589552,1179.0,-0.03
306000.0,26.295515,-25.589456,1179.0,0.0
306050.0,26.295024,-25.58938,1179.0,0.04
306100.0,26.294532,-25.589306,1179.0,0.07
306150.0,26.29404,-25.589233,1179.0,0.1
306200.0,26.293548,-25.589159,1179.0,0.14
306250.0,26.293057,-25.58908,1179.0,0.17
306300.0,26.292567,-25.588997,1179.2,0.2
306350.0,26.292082,-25.588895,1179.4,0.23
306400.0,26.2916,-25.588778,1179.6,0.26
306450.0,26.291119,-25.588661,1179.8,0.29
306500.0,26.290638,-25.588544,1180.0,0.32
306550.0,26.290156,-25.588427,1180.2,0.35
306600.0,26.289675,-25.58831,1180.4,0.38
306650.0,26.289193,-25.588193,1180.6,0.41
306700.0,26.288712,-25.588076,1180.8,0.44
306750.0,26.288232,-25.587954,1181.0,0.46
306800.0,26.287757,-25.587819,1181.0,0.49
306850.0,26.287282,-25.587681,1181.0,0.52
306900.0,26.28681,-25.587537,1181.0,0.54
306950.0,26.286342,-25.587382,1181.2,0.57
307000.0,26.285874,-25.587227,1181.6,0.59
307050.0,26.285406,-25.587071,1182.0,0.61
307100.0,26.284936,-25.586922,1183.2,0.63
307150.0,26.284462,-25.586782,1184.4,0.65
307200.0,26.283984,-25.586654,1185.4,0.67
307250.0,26.283501,-25.586545,1186.2,0.69
307300.0,26.283016,-25.586438,1187.4,0.7
307350.0,26.282525,-25.586364,1188.4,0.72
307400.0,26.28203,-25.586307,1189.4,0.73
307450.0,26.281535,-25.586256,1190.8,0.75
307500.0,26.28104,-25.586204,1192.2,0.76
307550.0,26.280545,-25.586151,1193.2,0.77
307600.0,26.28005,-25.586099,1194.2,0.78
307650.0,26.279554,-25.586046,1195.2,0.79
307700.0,26.279059,-25.585994,1196.3,0.79
307750.0,26.278564,-25.585944,1197.9,0.8
307800.0,26.278068,-25.585895,1199.5,0.81
307850.0,26.277573,-25.585846,1200.5,0.81
307900.0,26.277078,-25.58579,1201.5,0.82
307950.0,26.276585,-25.585723,1202.0,0.82
308000.0,26.276102,-25.585612,1201.8,0.83
308050.0,26.275634,-25.585458,1201.6,0.83
308100.0,26.275181,-25.585272,1201.4,0.83
308150.0,26.274745,-25.585055,1201.2,0.84
308200.0,26.27432,-25.58482,1201.2,0.84
308250.0,26.273918,-25.584555,1201.6,0.84
308300.0,26.273544,-25.584259,1202.0,0.84
308350.0,26.273192,-25.58394,1202.4,0.84
308400.0,26.272846,-25.583616,1203.0,0.84
308450.0,26.272512,-25.583282,1203.4,0.84
308500.0,26.272178,-25.582948,1203.8,0.83
308550.0,26.271843,-25.582616,1204.2,0.83
308600.0,26.271508,-25.582283,1204.8,0.82
308650.0,26.271172,-25.58195,1205.4,0.81
308700.0,26.270838,-25.581617,1206.0,0.8
308750.0,26.270503,-25.581283,1207.2,0.79
308800.0,26.270169,-25.58095,1208.4,0.77
308850.0,26.269829,-25.580621,1209.4,0.75
308900.0,26.269486,-25.580294,1210.2,0.73
308950.0,26.26914,-25.579971,1211.0,0.7
309000.0,26.268774,-25.579666,1211.8,0.67
309050.0,26.268351,-25.579428,1213.3,0.64
309100.0,26.267908,-25.579222,1215.5,0.6
309150.0,26.267436,-25.579078,1218.4,0.57
309200.0,26.266946,-25.578997,1222.0,0.53
309250.0,26.26645,-25.578958,1225.0,0.48
309300.0,26.265952,-25.578982,1227.3,0.44
309350.0,26.26546,-25.579053,1228.9,0.39
309400.0,26.264977,-25.579159,1229.8,0.34
309450.0,26.264512,-25.579321,1230.0,0.28
309500.0,26.264059,-25.579509,1229.8,0.23
309550.0,26.263604,-25.579691,1229.6,0.17
309600.0,26.263147,-25.579871,1229.4,0.12
309650.0,26.262668,-25.579995,1229.2,0.06
309700.0,26.262176,-25.580066,1228.6,0.0
309750.0,26.261679,-25.580075,1227.8,-0.05
309800.0,26.261183,-25.580038,1227.0,-0.11
309850.0,26.260696,-25.579943,1226.0,-0.16
309900.0,26.260225,-25.579796,1224.6,-0.21
309950.0,26.259765,-25.579623,1223.6,-0.26
310000.0,26.259305,-25.57945,1222.6,-0.31
310050.0,26.258845,-25.579277,1221.4,-0.36
310100.0,26.258385,-25.579104,1220.4,-0.4
310150.0,26.257925,-25.578931,1219.4,-0.45
310200.0,26.257465,-25.578758,1218.4,-0.48
310250.0,26.257005,-25.578585,1217.8,-0.52
310300.0,26.256544,-25.578412,1217.4,-0.55
310350.0,26.256084,-25.578239,1216.6,-0.58
310400.0,26.255624,-25.578066,1216.2,-0.61
310450.0,26.255164,-25.577892,1215.8,-0.63
310500.0,26.254704,-25.577719,1214.8,-0.65
310550.0,26.254244,-25.577546,1213.6,-0.66
310600.0,26.253784,-25.577373,1212.8,-0.67
310650.0,26.253324,-25.5772,1211.6,-0.68
310700.0,26.252864,-25.577027,1210.4,-0.69
310750.0,26.252404,-25.576853,1209.6,-0.69
310800.0,26.251944,-25.57668,1209.0,-0.69
310850.0,26.251484,-25.576507,1208.2,-0.68
310900.0,26.251024,-25.576334,1207.8,-0.68
310950.0,26.250564,-25.576161,1206.8,-0.67
311000.0,26.250103,-25.575988,1206.0,-0.66
311050.0,26.249643,-25.575814,1205.2,-0.65
311100.0,26.249183,-25.575641,1204.6,-0.63
311150.0,26.248725,-25.575464,1203.8,-0.62
311200.0,26.248267,-25.575288,1203.4,-0.6
311250.0,26.247808,-25.575111,1203.0,-0.58
311300.0,26.24735,-25.574935,1201.8,-0.56
311350.0,26.246891,-25.574758,1200.6,-0.54
311400.0,26.246433,-25.574582,1199.2,-0.52
311450.0,26.245974,-25.574405,1198.0,-0.5
311500.0,26.245516,-25.574229,1196.6,-0.48
311550.0,26.245057,-25.574052,1196.0,-0.46
311600.0,26.244603,-25.573866,1195.4,-0.44
311650.0,26.244156,-25.573668,1195.2,-0.42
311700.0,26.243726,-25.57344,1195.0,-0.41
311750.0,26.24331,-25.573194,1195.2,-0.39
311800.0,26.242899,-25.572939,1195.4,-0.38
311850.0,26.242494,-25.572677,1196.0,-0.36
311900.0,26.242089,-25.572414,1196.6,-0.35
311950.0,26.24168,-25.572157,1197.2,-0.34
312000.0,26.241271,-25.571901,1197.6,-0.33
312050.0,26.240864,-25.571642,1198.0,-0.32
312100.0,26.240444,-25.571399,1198.4,-0.32
312150.0,26.240024,-25.571157,1198.8,-0.31
312200.0,26.239603,-25.570916,1199.2,-0.31
312250.0,26.239179,-25.570679,1199.6,-0.31
312300.0,26.238745,-25.570459,1200.0,-0.31
312350.0,26.238309,-25.57024,1200.0,-0.31
312400.0,26.237871,-25.570025,1200.0,-0.31
312450.0,26.23743,-25.569816,1200.0,-0.31
312500.0,26.236989,-25.569607,1200.0,-0.31
312550.0,26.236548,-25.569397,1199.8,-0.31
312600.0,26.236106,-25.569188,1199.6,-0.31
312650.0,26.235665,-25.568979,1199.2,-0.31
312700.0,26.235224,-25.568771,1198.8,-0.31
312750.0,26.234782,-25.568562,1198.2,-0.31
312800.0,26.234341,-25.568353,1197.6,-0.3
312850.0,26.233902,-25.568139,1197.0,-0.3
312900.0,26.233474,-25.56791,1196.4,-0.29
312950.0,26.233061,-25.567658,1195.4,-0.29
313000.0,26.232655,-25.567397,1194.6,-0.28
313050.0,26.232266,-25.567116,1193.3,-0.27
313100.0,26.231893,-25.566818,1191.3,-0.26
313150.0,26.231531,-25.566509,1189.3,-0.25
313200.0,26.231174,-25.566195,1186.9,-0.23
313250.0,26.230818,-25.56588,1184.5,-0.22
313300.0,26.230463,-25.565565,1182.8,-0.2
313350.0,26.230108,-25.56525,1181.8,-0.18
313400.0,26.229749,-25.564937,1181.6,-0.16
313450.0,26.22939,-25.564626,1183.0,-0.14
313500.0,26.22903,-25.564314,1185.0,-0.12
313550.0,26.228671,-25.564002,1187.0,-0.1
313600.0,26.228302,-25.5637,1189.0,-0.08
313650.0,26.22792,-25.563412,1190.4,-0.06
313700.0,26.227531,-25.563131,1191.0,-0.04
313750.0,26.22712,-25.562876,1190.8,-0.02
313800.0,26.2267,-25.562634,1190.6,0.0
313850.0,26.226275,-25.5624,1190.4,0.02
313900.0,26.225848,-25.562167,1190.2,0.04
313950.0,26.225403,-25.561966,1190.0,0.06
314000.0,26.224969,-25.561745,1190.0,0.08
314050.0,26.22454,-25.561516,1190.0,0.09
314100.0,26.224119,-25.561276,1190.0,0.11
314150.0,26.223691,-25.561045,1190.0,0.12
314200.0,26.223264,-25.560814,1190.4,0.14
314250.0,26.222835,-25.560585,1190.8,0.15
314300.0,26.222406,-25.560356,1191.2,0.16
314350.0,26.221991,-25.560108,1191.6,0.17
314400.0,26.221553,-25.559894,1192.2,0.18
314450.0,26.221123,-25.559665,1192.4,0.18
314500.0,26.220701,-25.559427,1192.4,0.19
314550.0,26.22026,-25.55922,1192.4,0.2
314600.0,26.219818,-25.559012,1192.8,0.2
314650.0,26.219382,-25.558794,1193.0,0.21
314700.0,26.218953,-25.558566,1193.2,0.21
314750.0,26.21853,-25.558328,1193.6,0.21
314800.0,26.21811,-25.558086,1194.0,0.21
314850.0,26.217683,-25.557855,1194.0,0.21
314900.0,26.217253,-25.557627,1194.0,0.21
314950.0,26.216834,-25.557383,1194.0,0.21
315000.0,26.216434,-25.557116,1194.0,0.21
315050.0,26.216055,-25.556824,1194.0,0.21
315100.0,26.215664,-25.556545,1194.0,0.21
315150.0,26.21527,-25.55627,1194.0,0.21
315200.0,26.21488,-25.555989,1194.4,0.21
315250.0,26.214492,-25.555708,1194.8,0.2
315300.0,26.214103,-25.555426,1195.4,0.2
315350.0,26.213714,-25.555145,1196.0,0.19
315400.0,26.213326,-25.554863,1196.6,0.19
315450.0,26.212938,-25.554581,1196.8,0.18
315500.0,26.212554,-25.554293,1197.0,0.18
315550.0,26.212168,-25.55401,1197.0,0.17
315600.0,26.21178,-25.553727,1197.0,0.17
315650.0,26.211393,-25.553444,1197.2,0.16
315700.0,26.211006,-25.553161,1197.4,0.15
315750.0,26.210618,-25.552878,1197.8,0.14
315800.0,26.21023,-25.552596,1198.2,0.13
315850.0,26.209851,-25.552303,1198.6,0.12
315900.0,26.209476,-25.552008,1198.8,0.11
315950.0,26.209104,-25.551709,1199.0,0.1
316000.0,26.208737,-25.551404,1199.0,0.09
316050.0,26.208377,-25.551093,1199.0,0.08
316100.0,26.208027,-25.550774,1198.6,0.07
316150.0,26.207681,-25.550449,1198.2,0.05
316200.0,26.207337,-25.550125,1197.8,0.04
316250.0,26.206983,-25.549808,1197.4,0.03
316300.0,26.20663,-25.549491,1197.0,0.01
316350.0,26.206299,-25.549155,1197.0,-0.01
316400.0,26.205966,-25.54882,1197.4,-0.02
316450.0,26.205611,-25.548505,1198.0,-0.04
316500.0,26.205255,-25.54819,1198.6,-0.06
316550.0,26.204913,-25.547863,1199.2,-0.08
316600.0,26.204577,-25.547531,1199.8,-0.1
316650.0,26.204225,-25.547212,1200.0,-0.12
316700.0,26.203872,-25.546895,1200.0,-0.15
316750.0,26.203526,-25.546571,1200.0,-0.17
316800.0,26.203182,-25.546246,1200.0,-0.19
316850.0,26.202837,-25.545922,1200.0,-0.22
316900.0,26.202492,-25.545597,1200.0,-0.24
316950.0,26.20213,-25.545288,1200.0,-0.27
317000.0,26.20176,-25.544987,1200.0,-0.3
317050.0,26.201379,-25.544697,1200.0,-0.32
317100.0,26.200984,-25.544423,1200.0,-0.35
317150.0,26.200593,-25.544144,1199.4,-0.38
317200.0,26.200195,-25.543874,1198.8,-0.41
317250.0,26.199811,-25.543587,1198.2,-0.43
317300.0,26.199452,-25.543275,1197.6,-0.46
317350.0,26.199117,-25.542943,1197.0,-0.49
317400.0,26.198797,-25.542598,1196.4,-0.52
317450.0,26.198484,-25.542248,1195.8,-0.55
317500.0,26.198182,-25.541891,1195.0,-0.57
317550.0,26.1979,-25.54152,1194.4,-0.6
317600.0,26.197621,-25.541147,1193.8,-0.63
317650.0,26.197342,-25.540775,1193.4,-0.65
317700.0,26.197061,-25.540404,1193.0,-0.68
317750.0,26.196783,-25.54003,1192.8,-0.7
317800.0,26.19651,-25.539654,1192.2,-0.72
317850.0,26.19624,-25.539277,1191.4,-0.75
317900.0,26.195968,-25.5389,1190.6,-0.77
317950.0,26.195688,-25.538527,1189.8,-0.79
318000.0,26.195406,-25.538157,1188.4,-0.81
318050.0,26.195128,-25.537784,1187.2,-0.83
318100.0,26.19485,-25.537411,1186.2,-0.84
318150.0,26.19457,-25.537038,1185.4,-0.86
318200.0,26.19429,-25.536667,1184.6,-0.87
318250.0,26.194014,-25.536292,1184.4,-0.88
318300.0,26.193739,-25.535917,1183.8,-0.89
318350.0,26.193464,-25.535542,1183.0,-0.9
318400.0,26.193189,-25.535167,1182.4,-0.91
318450.0,26.192914,-25.534792,1181.2,-0.91
318500.0,26.192639,-25.534417,1180.0,-0.91
318550.0,26.192362,-25.534043,1179.0,-0.91
318600.0,26.192085,-25.53367,1178.2,-0.91
318650.0,26.191808,-25.533296,1177.0,-0.91
318700.0,26.191547,-25.532913,1176.2,-0.9
318750.0,26.191329,-25.532508,1175.2,-0.89
318800.0,26.191144,-25.532091,1174.4,-0.88
318850.0,26.191005,-25.53166,1173.0,-0.87
318900.0,26.190906,-25.531219,1171.8,-0.86
318950.0,26.190835,-25.530774,1170.6,-0.84
319000.0,26.190759,-25.53033,1169.6,-0.82
319050.0,26.190669,-25.529888,1168.1,-0.8
319100.0,26.190538,-25.529454,1166.7,-0.78
319150.0,26.190351,-25.529038,1165.1,-0.76
319200.0,26.190132,-25.528635,1163.7,-0.74
319250.0,26.189873,-25.528252,1162.3,-0.71
319300.0,26.189539,-25.527919,1161.2,-0.69
319350.0,26.18918,-25.527608,1160.4,-0.66
319400.0,26.188792,-25.527326,1160.0,-0.64
319450.0,26.188378,-25.527076,1159.6,-0.61
319500.0,26.187954,-25.52684,1159.2,-0.59
319550.0,26.187529,-25.526606,1159.0,-0.56
319600.0,26.187104,-25.52637,1159.0,-0.54
319650.0,26.18668,-25.526134,1159.0,-0.51
319700.0,26.186257,-25.525897,1159.0,-0.49
319750.0,26.185845,-25.525645,1159.0,-0.47
319800.0,26.185417,-25.525415,1159.0,-0.44
319850.0,26.184988,-25.525185,1159.0,-0.43
319900.0,26.18456,-25.524955,1159.0,-0.41
319950.0,26.184132,-25.524726,1159.0,-0.39
320000.0,26.183703,-25.524496,1159.0,-0.38
320050.0,26.183275,-25.524266,1159.0,-0.36
320100.0,26.182846,-25.524037,1159.0,-0.35
320150.0,26.182418,-25.523808,1159.0,-0.34
320200.0,26.181989,-25.523578,1159.0,-0.33
320250.0,26.18156,-25.523349,1159.0,-0.33
320300.0,26.181132,-25.523119,1159.0,-0.32
320350.0,26.180703,-25.52289,1159.2,-0.32
320400.0,26.180275,-25.522661,1159.4,-0.32
320450.0,26.179846,-25.522431,1159.4,-0.31
320500.0,26.179418,-25.522202,1159.4,-0.31
320550.0,26.178989,-25.521972,1159.6,-0.31
320600.0,26.178561,-25.521743,1159.6,-0.31
320650.0,26.178132,-25.521513,1159.6,-0.31
320700.0,26.177704,-25.521283,1159.8,-0.32
320750.0,26.177275,-25.521054,1160.0,-0.32
320800.0,26.176845,-25.520827,1160.0,-0.32
320850.0,26.176415,-25.520601,1160.0,-0.31
320900.0,26.175984,-25.520375,1159.8,-0.31
320950.0,26.175552,-25.52015,1158.8,-0.31
321000.0,26.175109,-25.519945,1157.8,-0.31
321050.0,26.174653,-25.519765,1156.2,-0.3
321100.0,26.174186,-25.51961,1154.2,-0.3
321150.0,26.173715,-25.519463,1152.4,-0.29
321200.0,26.173236,-25.51934,1151.0,-0.28
321250.0,26.172756,-25.519217,1149.6,-0.27
321300.0,26.172277,-25.519094,1148.8,-0.26
321350.0,26.171798,-25.518971,1148.4,-0.25
321400.0,26.171319,-25.518847,1147.8,-0.24
321450.0,26.17084,-25.518724,1147.6,-0.22
321500.0,26.17036,-25.518603,1147.4,-0.2
321550.0,26.16988,-25.518481,1147.4,-0.18
321600.0,26.1694,-25.51836,1147.4,-0.16
321650.0,26.168921,-25.518238,1148.0,-0.14
321700.0,26.168441,-25.518117,1148.6,-0.12
321750.0,26.167961,-25.517996,1149.4,-0.1
321800.0,26.167481,-25.517874,1150.0,-0.07
321850.0,26.166996,-25.51777,1150.6,-0.04
321900.0,26.166503,-25.517708,1150.8,-0.02
321950.0,26.166006,-25.517682,1151.0,0.01
322000.0,26.165508,-25.5177,1151.0,0.04
322050.0,26.165014,-25.517756,1151.2,0.08
322100.0,26.164527,-25.51785,1151.2,0.11
322150.0,26.164051,-25.517979,1151.0,0.14
322200.0,26.163591,-25.518151,1150.8,0.18
322250.0,26.163144,-25.518349,1150.8,0.21
322300.0,26.162719,-25.518583,1150.6,0.25
322350.0,26.162321,-25.518854,1150.4,0.28
322400.0,26.161945,-25.519149,1150.4,0.32
322450.0,26.161591,-25.519462,1150.2,0.35
322500.0,26.161213,-25.519754,1149.8,0.39
322550.0,26.160831,-25.520043,1149.4,0.43
322600.0,26.160449,-25.520331,1149.0,0.46
322650.0,26.160068,-25.520622,1148.6,0.49
322700.0,26.159692,-25.520916,1147.8,0.53
322750.0,26.159303,-25.521197,1147.0,0.56
322800.0,26.158891,-25.521447,1146.2,0.59
322850.0,26.158497,-25.521722,1145.6,0.61
322900.0,26.158103,-25.521998,1145.5,0.64
322950.0,26.157709,-25.522274,1146.5,0.66
323000.0,26.157315,-25.522548,1147.7,0.67
323050.0,26.156915,-25.522816,1149.7,0.69
323100.0,26.156511,-25.52308,1152.5,0.7
323150.0,26.156105,-25.523341,1155.6,0.7
323200.0,26.155699,-25.523602,1158.2,0.7
323250.0,26.155294,-25.523863,1161.0,0.7
323300.0,26.154889,-25.524125,1163.4,0.69
323350.0,26.154484,-25.524387,1165.0,0.68
323400.0,26.154079,-25.524649,1166.6,0.67
323450.0,26.153674,-25.524911,1168.2,0.65
323500.0,26.153269,-25.525173,1170.0,0.62
323550.0,26.152864,-25.525435,1171.8,0.6
323600.0,26.152459,-25.525697,1173.6,0.57
323650.0,26.152054,-25.525959,1174.6,0.53
323700.0,26.151649,-25.526221,1176.2,0.5
323750.0,26.151244,-25.526483,1177.2,0.46
323800.0,26.150839,-25.526745,1178.0,0.42
323850.0,26.150432,-25.527005,1178.8,0.38
323900.0,26.150013,-25.527248,1179.6,0.34
323950.0,26.149594,-25.52749,1179.8,0.3
324000.0,26.149174,-25.527733,1180.0,0.26
324050.0,26.148755,-25.527976,1179.4,0.22
324100.0,26.148336,-25.528219,1178.0,0.18
324150.0,26.147916,-25.528462,1176.6,0.15
324200.0,26.147497,-25.528705,1174.8,0.11
324250.0,26.147077,-25.528948,1173.0,0.08
324300.0,26.146658,-25.52919,1171.2,0.05
324350.0,26.146239,-25.529433,1170.2,0.02
324400.0,26.145819,-25.529676,1168.6,-0.01
324450.0,26.145385,-25.529897,1167.4,-0.03
324500.0,26.144945,-25.530107,1166.2,-0.05
324550.0,26.144502,-25.530313,1165.6,-0.07
324600.0,26.144049,-25.5305,1165.0,-0.08
324650.0,26.143587,-25.530668,1165.2,-0.09
324700.0,26.143122,-25.53083,1165.4,-0.1
324750.0,26.142657,-25.530991,1165.8,-0.1
324800.0,26.142188,-25.531145,1166.2,-0.11
324850.0,26.14172,-25.531298,1166.6,-0.11
324900.0,26.141251,-25.531451,1166.8,-0.11
324950.0,26.140783,-25.531605,1167.0,-0.1
325000.0,26.140316,-25.531762,1167.0,-0.1
325050.0,26.139849,-25.531919,1167.0,-0.09
325100.0,26.139382,-25.532076,1167.0,-0.09
325150.0,26.138915,-25.532233,1167.0,-0.08
325200.0,26.138448,-25.53239,1167.0,-0.07
325250.0,26.137982,-25.532548,1167.0,-0.06
325300.0,26.137514,-25.532702,1167.0,-0.05
325350.0,26.137046,-25.532857,1167.0,-0.04
325400.0,26.136578,-25.533012,1167.0,-0.03
325450.0,26.13611,-25.533166,1167.0,-0.02
325500.0,26.135642,-25.533321,1167.0,-0.01
325550.0,26.135174,-25.533475,1167.0,0.0
325600.0,26.134706,-25.53363,1167.0,0.01
325650.0,26.134238,-25.533785,1166.8,0.02
325700.0,26.133771,-25.533941,1166.4,0.03
325750.0,26.133308,-25.534107,1166.0,0.03
325800.0,26.132848,-25.534279,1165.6,0.04
325850.0,26.132398,-25.534472,1165.2,0.04
325900.0,26.131965,-25.534695,1165.0,0.05
325950.0,26.13155,-25.534942,1165.0,0.05
326000.0,26.131151,-25.535212,1165.8,0.05
326050.0,26.130756,-25.535486,1166.6,0.05
326100.0,26.130361,-25.53576,1167.4,0.05
326150.0,26.129966,-25.536035,1168.2,0.05
326200.0,26.129571,-25.536309,1169.0,0.05
326250.0,26.129172,-25.536578,1169.0,0.05
326300.0,26.128764,-25.536836,1169.4,0.04
326350.0,26.128332,-25.53706,1169.8,0.04
326400.0,26.127897,-25.53728,1170.2,0.03
326450.0,26.127454,-25.537484,1171.2,0.03
326500.0,26.126994,-25.537659,1172.2,0.02
326550.0,26.126533,-25.537829,1172.8,0.02
326600.0,26.126071,-25.537998,1172.6,0.01
326650.0,26.125613,-25.538174,1172.4,0.0
326700.0,26.125159,-25.538359,1171.4,-0.0
326750.0,26.124724,-25.538579,1170.4,-0.01
326800.0,26.124308,-25.538826,1169.4,-0.02
326850.0,26.123891,-25.539073,1169.2,-0.02
326900.0,26.123475,-25.53932,1168.8,-0.03
326950.0,26.123058,-25.539567,1168.6,-0.03
327000.0,26.122641,-25.539814,1168.4,-0.04
327050.0,26.122224,-25.540059,1168.2,-0.04
327100.0,26.121806,-25.540305,1168.0,-0.04
327150.0,26.121389,-25.54055,1167.6,-0.04
327200.0,26.120971,-25.540795,1167.2,-0.04
327250.0,26.12054,-25.54102,1167.0,-0.04
327300.0,26.120099,-25.541229,1166.8,-0.04
327350.0,26.119648,-25.54142,1166.6,-0.04
327400.0,26.119191,-25.5416,1166.8,-0.04
327450.0,26.118723,-25.541753,1167.2,-0.04
327500.0,26.118249,-25.541892,1167.4,-0.03
327550.0,26.117767,-25.542006,1167.4,-0.02
327600.0,26.117279,-25.542097,1167.4,-0.02
327650.0,26.116787,-25.542168,1167.4,-0.01
327700.0,26.11629,-25.5422,1167.2,-0.0
327750.0,26.115793,-25.542219,1167.0,0.01
327800.0,26.115295,-25.542202,1167.0,0.02
327850.0,26.114798,-25.542168,1167.0,0.03
327900.0,26.114303,-25.542114,1167.2,0.05
327950.0,26.113812,-25.542036,1167.4,0.06
328000.0,26.113321,-25.541958,1167.6,0.08
328050.0,26.112833,-25.541869,1167.8,0.1
328100.0,26.112344,-25.54178,1167.8,0.12
328150.0,26.111856,-25.541691,1167.4,0.14
328200.0,26.111365,-25.541611,1167.0,0.16
328250.0,26.110872,-25.541548,1166.6,0.18
328300.0,26.110376,-25.541513,1166.2,0.21
328350.0,26.109878,-25.541494,1166.0,0.23
328400.0,26.109379,-25.541499,1166.0,0.26
328450.0,26.108882,-25.54152,1166.0,0.29
328500.0,26.108384,-25.541549,1166.4,0.32
328550.0,26.107897,-25.541638,1166.8,0.35
328600.0,26.107405,-25.54171,1167.2,0.38
328650.0,26.106911,-25.541766,1167.6,0.41
328700.0,26.106417,-25.541824,1168.0,0.44
328750.0,26.105924,-25.54189,1167.8,0.47
328800.0,26.105429,-25.541947,1167.6,0.51
328850.0,26.104935,-25.542006,1167.4,0.54
328900.0,26.10444,-25.542048,1167.2,0.57
328950.0,26.103947,-25.54211,1167.2,0.6
329000.0,26.103452,-25.542168,1167.6,0.63
329050.0,26.102959,-25.542229,1168.0,0.66
329100.0,26.102465,-25.54229,1168.6,0.68
329150.0,26.101971,-25.542351,1169.2,0.71
329200.0,26.101477,-25.542412,1169.6,0.73
329250.0,26.100983,-25.542471,1170.4,0.75
329300.0,26.10049,-25.542535,1171.8,0.77
329350.0,26.099998,-25.542606,1173.0,0.79
329400.0,26.099507,-25.542685,1174.2,0.8
329450.0,26.099011,-25.542718,1175.6,0.81
329500.0,26.098513,-25.542701,1177.0,0.82
329550.0,26.098024,-25.542618,1178.4,0.82
329600.0,26.097552,-25.542476,1180.2,0.83
329650.0,26.097103,-25.542282,1182.0,0.82
329700.0,26.096658,-25.542079,1184.2,0.82
329750.0,26.096212,-25.541878,1186.4,0.81
329800.0,26.095766,-25.541679,1188.0,0.8
329850.0,26.095292,-25.541541,1189.8,0.79
329900.0,26.094798,-25.541501,1191.6,0.78
329950.0,26.094305,-25.541555,1193.2,0.76
330000.0,26.093824,-25.541671,1194.2,0.74
330050.0,26.093344,-25.541794,1195.2,0.72
330100.0,26.092863,-25.54191,1195.6,0.7
330150.0,26.09238,-25.542023,1196.0,0.68
330200.0,26.091898,-25.542136,1196.0,0.66
330250.0,26.091416,-25.542251,1195.8,0.64
330300.0,26.090937,-25.542375,1195.6,0.61
330350.0,26.090458,-25.5425,1195.4,0.59
330400.0,26.089979,-25.542624,1195.2,0.57
330450.0,26.0895,-25.542748,1195.0,0.55
330500.0,26.089018,-25.54286,1195.0,0.53
330550.0,26.08853,-25.54295,1195.0,0.51
330600.0,26.088041,-25.54304,1195.0,0.49
330650.0,26.087564,-25.543169,1195.2,0.48
330700.0,26.087088,-25.543302,1195.4,0.47
330750.0,26.086612,-25.543435,1195.8,0.46
330800.0,26.086134,-25.543563,1196.2,0.45
330850.0,26.085654,-25.543681,1196.6,0.44
330900.0,26.085173,-25.5438,1196.8,0.44
330950.0,26.084692,-25.543917,1197.0,0.43
331000.0,26.08421,-25.544033,1196.8,0.43
331050.0,26.083728,-25.544148,1196.6,0.44
331100.0,26.083246,-25.544262,1196.4,0.44
331150.0,26.082765,-25.544379,1196.2,0.45
331200.0,26.082284,-25.544498,1196.0,0.45
331250.0,26.081804,-25.544617,1196.0,0.46
331300.0,26.081322,-25.544732,1196.0,0.47
331350.0,26.080839,-25.544842,1196.0,0.48
331400.0,26.080356,-25.544953,1196.0,0.5
331450.0,26.079873,-25.545064,1196.0,0.51
331500.0,26.07939,-25.545175,1196.0,0.52
331550.0,26.079018,-25.545116,1196.0,0.53
331600.0,26.078894,-25.54468,1196.6,0.55
331650.0,26.078769,-25.544245,1197.2,0.56
331700.0,26.078647,-25.543809,1198.2,0.57
331750.0,26.078516,-25.543376,1199.2,0.58
331800.0,26.078378,-25.542944,1200.6,0.6
331850.0,26.078244,-25.54251,1202.0,0.61
331900.0,26.078119,-25.542075,1203.4,0.62
331950.0,26.077998,-25.541639,1205.2,0.63
332000.0,26.077873,-25.541204,1207.0,0.64
332050.0,26.077744,-25.540769,1208.4,0.64
332100.0,26.077616,-25.540335,1209.2,0.65
332150.0,26.07749,-25.5399,1210.0,0.66
332200.0,26.077368,-25.539464,1210.0,0.66
332250.0,26.077309,-25.539018,1210.4,0.67
332300.0,26.077271,-25.53857,1210.8,0.67
332350.0,26.077245,-25.538121,1211.6,0.68
332400.0,26.077215,-25.537672,1212.4,0.68
332450.0,26.077169,-25.537224,1213.2,0.68
332500.0,26.077064,-25.536785,1213.6,0.68
332550.0,26.076607,-25.536811,1214.0,0.68
332600.0,26.076116,-25.536884,1214.0,0.68
332650.0,26.075624,-25.536958,1214.0,0.69
